"Sample    : brco_iag2_16p",
"Operator  : ",
"Comment  : micromatter mylar 6.3 um",
"Group     : kerr2007ab13liv300al",
"Date       : 2020-06-10 13:41:16",
"",
"Mesurement Condition",
"------------------------------------------------------------------------------------",
"Instrument : 700HS2   Atmosphere : Vac.   Collimator : 10(mm)   Spin : No",
"------------------------------------------------------------------------------------",
"Analyte               TG kV   uA      FI Acq.(keV)  Anal.(keV)  Time(sec)     DT(%)",
"------------------------------------------------------------------------------------",
"Na                    Rh 50 1000-Auto Al  0 - 20    0.8 - 1.2   Live -  179    7",
"",
"<Profile>",
"Channel_info_start",
"Channel : Na",
"Points : 2048",
"Range : 0.000000 - 20.480000",
"Step : 0.010000",
"Channel_info_end",
"0",
"0",
"0",
"0",
"0",
"0",
"0",
"0",
"0",
"0",
"0",
"0",
"0",
"0",
"0",
"0",
"0",
"0",
"0",
"0",
"0",
"0",
"0",
"0",
"0",
"0",
"0",
"0",
"1",
"1",
"10",
"22",
"22",
"25",
"24",
"27",
"22",
"22",
"24",
"19",
"24",
"30",
"20",
"25",
"18",
"22",
"27",
"24",
"22",
"28",
"26",
"23",
"21",
"9",
"16",
"21",
"25",
"27",
"14",
"19",
"13",
"30",
"22",
"27",
"24",
"8",
"20",
"23",
"20",
"17",
"24",
"21",
"15",
"17",
"21",
"28",
"15",
"20",
"17",
"22",
"14",
"23",
"15",
"22",
"26",
"16",
"18",
"29",
"18",
"23",
"12",
"14",
"20",
"19",
"20",
"17",
"19",
"22",
"30",
"24",
"23",
"14",
"24",
"23",
"30",
"16",
"18",
"21",
"20",
"21",
"20",
"12",
"21",
"11",
"18",
"18",
"19",
"22",
"21",
"20",
"18",
"19",
"16",
"21",
"22",
"24",
"22",
"22",
"13",
"19",
"18",
"25",
"16",
"22",
"14",
"12",
"24",
"22",
"20",
"22",
"18",
"23",
"19",
"26",
"28",
"20",
"28",
"27",
"24",
"17",
"16",
"25",
"20",
"21",
"16",
"17",
"11",
"24",
"14",
"19",
"24",
"28",
"19",
"17",
"23",
"26",
"22",
"17",
"23",
"25",
"17",
"23",
"24",
"28",
"21",
"22",
"29",
"21",
"20",
"27",
"23",
"37",
"14",
"30",
"40",
"33",
"37",
"32",
"40",
"38",
"54",
"65",
"63",
"80",
"99",
"107",
"106",
"149",
"138",
"164",
"151",
"144",
"145",
"159",
"156",
"131",
"118",
"119",
"85",
"79",
"70",
"56",
"58",
"37",
"29",
"20",
"28",
"41",
"30",
"18",
"17",
"31",
"16",
"19",
"18",
"16",
"23",
"18",
"17",
"19",
"22",
"23",
"22",
"19",
"13",
"24",
"17",
"13",
"19",
"19",
"15",
"14",
"12",
"17",
"20",
"18",
"18",
"19",
"6",
"18",
"17",
"10",
"21",
"12",
"15",
"18",
"11",
"10",
"20",
"9",
"20",
"23",
"15",
"19",
"18",
"20",
"27",
"34",
"20",
"29",
"28",
"33",
"27",
"32",
"35",
"27",
"30",
"22",
"24",
"30",
"22",
"18",
"26",
"26",
"23",
"28",
"28",
"23",
"26",
"31",
"26",
"24",
"23",
"20",
"21",
"23",
"27",
"20",
"18",
"29",
"27",
"24",
"11",
"28",
"14",
"13",
"26",
"17",
"21",
"22",
"21",
"25",
"19",
"23",
"25",
"18",
"34",
"28",
"26",
"24",
"18",
"25",
"18",
"22",
"18",
"20",
"17",
"32",
"22",
"22",
"31",
"29",
"32",
"29",
"27",
"27",
"26",
"30",
"31",
"28",
"26",
"23",
"22",
"26",
"28",
"36",
"43",
"33",
"28",
"47",
"44",
"56",
"55",
"87",
"99",
"135",
"178",
"236",
"305",
"388",
"465",
"658",
"736",
"947",
"1088",
"1252",
"1346",
"1560",
"1647",
"1614",
"1651",
"1738",
"1641",
"1631",
"1482",
"1453",
"1226",
"1146",
"921",
"800",
"652",
"513",
"410",
"346",
"268",
"229",
"177",
"125",
"122",
"123",
"100",
"112",
"121",
"149",
"127",
"176",
"170",
"187",
"196",
"200",
"228",
"258",
"232",
"241",
"259",
"268",
"249",
"209",
"210",
"188",
"129",
"138",
"115",
"91",
"82",
"83",
"86",
"51",
"70",
"54",
"58",
"35",
"43",
"46",
"42",
"51",
"32",
"49",
"53",
"56",
"54",
"66",
"56",
"59",
"55",
"66",
"49",
"74",
"70",
"67",
"80",
"69",
"68",
"67",
"80",
"86",
"90",
"79",
"65",
"108",
"76",
"91",
"86",
"95",
"90",
"97",
"89",
"100",
"95",
"93",
"85",
"116",
"95",
"99",
"71",
"91",
"73",
"87",
"83",
"86",
"97",
"81",
"76",
"91",
"96",
"83",
"84",
"78",
"68",
"78",
"60",
"66",
"68",
"71",
"57",
"70",
"61",
"77",
"70",
"66",
"75",
"61",
"58",
"68",
"55",
"60",
"63",
"76",
"56",
"56",
"66",
"51",
"56",
"96",
"56",
"67",
"70",
"73",
"71",
"64",
"81",
"69",
"62",
"81",
"56",
"61",
"66",
"78",
"73",
"61",
"69",
"64",
"52",
"72",
"65",
"70",
"76",
"67",
"73",
"82",
"66",
"66",
"53",
"74",
"72",
"84",
"67",
"70",
"81",
"56",
"82",
"66",
"75",
"62",
"88",
"64",
"82",
"73",
"55",
"72",
"72",
"82",
"68",
"79",
"60",
"69",
"79",
"85",
"89",
"93",
"80",
"74",
"70",
"83",
"77",
"83",
"78",
"75",
"84",
"80",
"101",
"75",
"95",
"78",
"83",
"73",
"76",
"107",
"108",
"79",
"94",
"91",
"103",
"96",
"93",
"97",
"95",
"105",
"89",
"98",
"92",
"100",
"93",
"91",
"103",
"91",
"106",
"114",
"112",
"124",
"111",
"97",
"101",
"90",
"104",
"89",
"124",
"111",
"129",
"132",
"93",
"121",
"117",
"107",
"119",
"122",
"125",
"125",
"116",
"138",
"112",
"136",
"132",
"133",
"125",
"156",
"122",
"156",
"134",
"129",
"110",
"135",
"136",
"130",
"131",
"123",
"142",
"170",
"134",
"161",
"162",
"164",
"149",
"159",
"145",
"173",
"132",
"153",
"154",
"173",
"133",
"157",
"133",
"145",
"139",
"157",
"132",
"177",
"164",
"148",
"139",
"152",
"149",
"148",
"134",
"163",
"142",
"138",
"157",
"134",
"123",
"134",
"144",
"152",
"139",
"156",
"149",
"152",
"164",
"146",
"111",
"134",
"154",
"163",
"151",
"182",
"148",
"177",
"162",
"163",
"146",
"155",
"147",
"161",
"145",
"165",
"149",
"142",
"153",
"153",
"182",
"156",
"162",
"172",
"158",
"133",
"146",
"164",
"123",
"149",
"128",
"145",
"159",
"163",
"176",
"149",
"160",
"150",
"130",
"146",
"154",
"155",
"142",
"146",
"141",
"127",
"153",
"141",
"159",
"149",
"147",
"134",
"164",
"143",
"153",
"154",
"172",
"158",
"137",
"140",
"136",
"170",
"135",
"143",
"136",
"145",
"137",
"159",
"162",
"142",
"159",
"150",
"161",
"142",
"133",
"149",
"135",
"162",
"186",
"150",
"146",
"134",
"135",
"148",
"149",
"133",
"145",
"159",
"162",
"151",
"133",
"165",
"157",
"168",
"158",
"164",
"155",
"159",
"142",
"158",
"141",
"191",
"167",
"179",
"151",
"162",
"167",
"203",
"202",
"191",
"162",
"176",
"185",
"222",
"163",
"213",
"166",
"220",
"248",
"222",
"229",
"226",
"219",
"226",
"215",
"234",
"214",
"219",
"221",
"228",
"214",
"198",
"207",
"187",
"204",
"198",
"198",
"191",
"177",
"174",
"170",
"173",
"173",
"140",
"148",
"169",
"148",
"162",
"146",
"170",
"168",
"164",
"144",
"182",
"147",
"183",
"162",
"172",
"163",
"146",
"164",
"145",
"160",
"177",
"170",
"143",
"148",
"168",
"176",
"185",
"150",
"190",
"146",
"199",
"172",
"210",
"192",
"211",
"193",
"180",
"224",
"242",
"237",
"220",
"221",
"285",
"255",
"268",
"219",
"241",
"228",
"254",
"211",
"226",
"199",
"196",
"194",
"191",
"185",
"192",
"184",
"198",
"191",
"181",
"170",
"179",
"167",
"164",
"155",
"162",
"162",
"175",
"169",
"159",
"154",
"178",
"162",
"154",
"143",
"152",
"167",
"141",
"143",
"165",
"145",
"162",
"150",
"171",
"160",
"162",
"153",
"155",
"165",
"145",
"137",
"164",
"134",
"160",
"164",
"160",
"146",
"152",
"134",
"148",
"138",
"136",
"145",
"146",
"136",
"172",
"150",
"158",
"147",
"169",
"150",
"141",
"155",
"160",
"147",
"136",
"127",
"142",
"154",
"168",
"152",
"137",
"168",
"160",
"157",
"169",
"162",
"145",
"173",
"153",
"148",
"151",
"149",
"165",
"177",
"178",
"169",
"168",
"144",
"144",
"160",
"165",
"152",
"160",
"163",
"168",
"159",
"154",
"157",
"162",
"146",
"146",
"160",
"167",
"148",
"153",
"157",
"165",
"162",
"154",
"151",
"168",
"150",
"148",
"157",
"148",
"161",
"155",
"148",
"144",
"140",
"159",
"155",
"161",
"151",
"136",
"152",
"162",
"146",
"151",
"145",
"147",
"123",
"118",
"146",
"160",
"126",
"129",
"157",
"156",
"162",
"143",
"154",
"131",
"151",
"130",
"148",
"156",
"147",
"149",
"121",
"136",
"152",
"137",
"141",
"157",
"137",
"133",
"130",
"154",
"148",
"135",
"137",
"157",
"165",
"156",
"151",
"134",
"156",
"148",
"131",
"146",
"129",
"142",
"148",
"147",
"152",
"143",
"136",
"133",
"142",
"136",
"148",
"168",
"150",
"146",
"140",
"149",
"141",
"140",
"135",
"157",
"143",
"139",
"147",
"177",
"138",
"145",
"160",
"144",
"135",
"133",
"123",
"141",
"141",
"130",
"146",
"145",
"139",
"122",
"154",
"135",
"139",
"148",
"156",
"138",
"134",
"148",
"152",
"159",
"120",
"157",
"142",
"166",
"164",
"138",
"152",
"157",
"137",
"139",
"122",
"148",
"119",
"145",
"127",
"151",
"129",
"122",
"140",
"145",
"128",
"166",
"142",
"165",
"155",
"140",
"143",
"131",
"128",
"152",
"160",
"169",
"154",
"149",
"143",
"127",
"138",
"148",
"139",
"137",
"138",
"138",
"149",
"142",
"142",
"141",
"141",
"141",
"132",
"121",
"137",
"131",
"153",
"133",
"145",
"145",
"139",
"148",
"140",
"156",
"130",
"131",
"139",
"144",
"125",
"140",
"124",
"135",
"133",
"136",
"135",
"134",
"116",
"158",
"133",
"136",
"128",
"128",
"136",
"133",
"140",
"144",
"135",
"135",
"134",
"147",
"127",
"132",
"144",
"118",
"133",
"135",
"125",
"123",
"129",
"139",
"134",
"146",
"141",
"125",
"143",
"128",
"158",
"159",
"117",
"127",
"132",
"133",
"125",
"132",
"149",
"111",
"117",
"124",
"123",
"143",
"132",
"140",
"145",
"120",
"133",
"139",
"141",
"130",
"123",
"146",
"128",
"142",
"138",
"140",
"130",
"127",
"145",
"138",
"137",
"119",
"135",
"124",
"147",
"138",
"134",
"119",
"118",
"135",
"132",
"136",
"132",
"120",
"126",
"139",
"137",
"142",
"104",
"127",
"138",
"139",
"145",
"114",
"118",
"133",
"118",
"106",
"131",
"132",
"112",
"130",
"130",
"148",
"120",
"115",
"135",
"124",
"140",
"108",
"124",
"121",
"114",
"117",
"127",
"139",
"120",
"136",
"129",
"134",
"116",
"138",
"125",
"121",
"147",
"130",
"128",
"141",
"144",
"126",
"150",
"150",
"119",
"114",
"120",
"158",
"125",
"129",
"123",
"133",
"122",
"126",
"111",
"133",
"109",
"146",
"119",
"131",
"116",
"117",
"117",
"150",
"145",
"135",
"106",
"141",
"134",
"128",
"105",
"128",
"123",
"125",
"111",
"129",
"115",
"141",
"123",
"123",
"142",
"130",
"112",
"116",
"123",
"118",
"114",
"122",
"128",
"134",
"115",
"126",
"108",
"128",
"125",
"144",
"116",
"130",
"138",
"114",
"118",
"117",
"112",
"132",
"114",
"110",
"123",
"123",
"123",
"136",
"118",
"119",
"112",
"130",
"122",
"132",
"114",
"99",
"111",
"115",
"122",
"118",
"110",
"126",
"108",
"119",
"115",
"108",
"122",
"138",
"119",
"130",
"113",
"113",
"129",
"114",
"101",
"125",
"113",
"125",
"106",
"118",
"127",
"110",
"105",
"109",
"137",
"114",
"107",
"99",
"128",
"113",
"104",
"115",
"126",
"134",
"107",
"123",
"108",
"113",
"129",
"111",
"128",
"115",
"109",
"124",
"137",
"114",
"136",
"119",
"109",
"124",
"114",
"118",
"111",
"90",
"129",
"131",
"119",
"117",
"125",
"121",
"118",
"116",
"123",
"112",
"135",
"132",
"121",
"97",
"132",
"117",
"100",
"121",
"127",
"113",
"94",
"108",
"92",
"115",
"109",
"102",
"114",
"106",
"86",
"112",
"87",
"103",
"116",
"107",
"94",
"108",
"102",
"107",
"104",
"121",
"111",
"110",
"125",
"116",
"98",
"104",
"112",
"133",
"109",
"104",
"111",
"104",
"100",
"103",
"116",
"118",
"104",
"102",
"106",
"97",
"103",
"107",
"97",
"112",
"119",
"123",
"97",
"115",
"109",
"104",
"106",
"101",
"113",
"101",
"111",
"118",
"104",
"116",
"121",
"123",
"89",
"109",
"114",
"89",
"120",
"119",
"109",
"118",
"94",
"116",
"118",
"110",
"99",
"106",
"104",
"110",
"102",
"107",
"118",
"93",
"118",
"106",
"102",
"100",
"107",
"110",
"125",
"102",
"101",
"108",
"101",
"105",
"74",
"88",
"122",
"107",
"95",
"98",
"125",
"108",
"106",
"98",
"85",
"95",
"79",
"95",
"90",
"103",
"101",
"117",
"99",
"108",
"104",
"102",
"109",
"93",
"89",
"108",
"110",
"111",
"89",
"109",
"100",
"97",
"94",
"105",
"104",
"92",
"79",
"111",
"110",
"102",
"95",
"109",
"94",
"103",
"99",
"104",
"76",
"122",
"105",
"105",
"97",
"102",
"95",
"118",
"100",
"107",
"97",
"100",
"78",
"95",
"107",
"86",
"97",
"86",
"99",
"110",
"99",
"97",
"74",
"98",
"84",
"119",
"99",
"98",
"97",
"97",
"98",
"111",
"110",
"89",
"79",
"88",
"94",
"111",
"106",
"102",
"108",
"99",
"93",
"97",
"100",
"103",
"89",
"83",
"83",
"98",
"98",
"78",
"99",
"107",
"102",
"90",
"97",
"98",
"74",
"81",
"92",
"101",
"92",
"98",
"107",
"93",
"91",
"87",
"90",
"98",
"91",
"110",
"109",
"108",
"92",
"92",
"105",
"91",
"88",
"87",
"92",
"104",
"91",
"97",
"115",
"76",
"92",
"81",
"80",
"102",
"89",
"74",
"110",
"107",
"98",
"88",
"101",
"82",
"84",
"86",
"79",
"91",
"80",
"88",
"96",
"95",
"107",
"95",
"99",
"98",
"94",
"74",
"94",
"93",
"93",
"97",
"104",
"90",
"115",
"101",
"104",
"94",
"80",
"90",
"104",
"96",
"94",
"96",
"94",
"78",
"93",
"97",
"80",
"105",
"92",
"93",
"83",
"84",
"97",
"98",
"111",
"103",
"84",
"90",
"86",
"98",
"102",
"96",
"84",
"111",
"90",
"85",
"100",
"88",
"79",
"83",
"88",
"112",
"101",
"91",
"97",
"99",
"87",
"85",
"96",
"104",
"104",
"87",
"92",
"91",
"114",
"100",
"91",
"74",
"83",
"73",
"101",
"85",
"72",
"97",
"84",
"94",
"90",
"90",
"110",
"81",
"101",
"83",
"111",
"85",
"106",
"90",
"108",
"86",
"94",
"88",
"78",
"104",
"73",
"92",
"88",
"84",
"83",
"89",
"93",
"89",
"66",
"86",
"83",
"91",
"89",
"109",
"96",
"95",
"97",
"105",
"96",
"105",
"93",
"106",
"85",
"92",
"97",
"92",
"81",
"90",
"100",
"85",
"91",
"100",
"89",
"96",
"110",
"88",
"90",
"102",
"87",
"106",
"88",
"89",
"88",
"110",
"111",
"105",
"112",
"107",
"92",
"97",
"104",
"103",
"109",
"98",
"109",
"95",
"102",
"124",
"109",
"109",
"93",
"109",
"104",
"117",
"112",
"120",
"116",
"114",
"122",
"125",
"111",
"146",
"106",
"121",
"130",
"120",
"123",
"106",
"127",
"141",
"134",
"118",
"128",
"140",
"131",
"131",
"150",
"145",
"160",
"150",
"164",
"161",
"169",
"153",
"158",
"168",
"147",
"156",
"209",
"205",
"177",
"189",
"172",
"204",
"188",
"228",
"206",
"220",
"250",
"225",
"228",
"255",
"256",
"273",
"297",
"308",
"314",
"364",
"346",
"300",
"319",
"358",
"394",
"411",
"414",
"402",
"450",
"482",
"405",
"468",
"525",
"544",
"540",
"515",
"582",
"626",
"602",
"568",
"611",
"642",
"663",
"559",
"698",
"675",
"678",
"647",
"671",
"705",
"659",
"711",
"684",
"729",
"659",
"607",
"687",
"675",
"655",
"664",
"629",
"664",
"668",
"579",
"583",
"642",
"542",
"531",
"608",
"568",
"555",
"519",
"480",
"514",
"489",
"459",
"456",
"418",
"399",
"401",
"390",
"344",
"322",
"339",
"374",
"325",
"305",
"301",
"282",
"254",
"247",
"227",
"236",
"251",
"212",
"215",
"226",
"219",
"191",
"194",
"188",
"189",
"147",
"159",
"162",
"155",
"175",
"143",
"172",
"152",
"136",
"152",
"153",
"132",
"150",
"132",
"169",
"141",
"142",
"150",
"171",
"167",
"181",
"189",
"180",
"188",
"186",
"193",
"216",
"221",
"196",
"230",
"226",
"226",
"218",
"249",
"235",
"227",
"226",
"246",
"262",
"237",
"259",
"240",
"235",
"254",
"237",
"242",
"219",
"218",
"207",
"217",
"196",
"196",
"162",
"169",
"159",
"151",
"142",
"148",
"129",
"134",
"118",
"112",
"125",
"115",
"112",
"87",
"88",
"85",
"96",
"45533",
"Channel_info_start",
"Channel : Mg",
"Points : 0",
"Range : 0.000000 - 0.000000",
"Step : 0.010000",
"Channel_info_end",
"Channel_info_start",
"Channel : Al",
"Points : 0",
"Range : 0.000000 - 0.000000",
"Step : 0.010000",
"Channel_info_end",
"Channel_info_start",
"Channel : Si",
"Points : 0",
"Range : 0.000000 - 0.000000",
"Step : 0.010000",
"Channel_info_end",
"Channel_info_start",
"Channel : P ",
"Points : 0",
"Range : 0.000000 - 0.000000",
"Step : 0.010000",
"Channel_info_end",
"Channel_info_start",
"Channel : S ",
"Points : 0",
"Range : 0.000000 - 0.000000",
"Step : 0.010000",
"Channel_info_end",
"Channel_info_start",
"Channel : Cl",
"Points : 0",
"Range : 0.000000 - 0.000000",
"Step : 0.010000",
"Channel_info_end",
"Channel_info_start",
"Channel : K ",
"Points : 0",
"Range : 0.000000 - 0.000000",
"Step : 0.010000",
"Channel_info_end",
"Channel_info_start",
"Channel : Ca",
"Points : 0",
"Range : 0.000000 - 0.000000",
"Step : 0.010000",
"Channel_info_end",
"Channel_info_start",
"Channel : Ti",
"Points : 0",
"Range : 0.000000 - 0.000000",
"Step : 0.010000",
"Channel_info_end",
"Channel_info_start",
"Channel : V ",
"Points : 0",
"Range : 0.000000 - 0.000000",
"Step : 0.010000",
"Channel_info_end",
"Channel_info_start",
"Channel : Cr",
"Points : 0",
"Range : 0.000000 - 0.000000",
"Step : 0.010000",
"Channel_info_end",
"Channel_info_start",
"Channel : Mn",
"Points : 0",
"Range : 0.000000 - 0.000000",
"Step : 0.010000",
"Channel_info_end",
"Channel_info_start",
"Channel : Fe",
"Points : 0",
"Range : 0.000000 - 0.000000",
"Step : 0.010000",
"Channel_info_end",
"Channel_info_start",
"Channel : Cu",
"Points : 0",
"Range : 0.000000 - 0.000000",
"Step : 0.010000",
"Channel_info_end",
"Channel_info_start",
"Channel : Zn",
"Points : 0",
"Range : 0.000000 - 0.000000",
"Step : 0.010000",
"Channel_info_end",
"Channel_info_start",
"Channel : Sr",
"Points : 0",
"Range : 0.000000 - 0.000000",
"Step : 0.010000",
"Channel_info_end",
"Channel_info_start",
"Channel : Pb",
"Points : 0",
"Range : 0.000000 - 0.000000",
"Step : 0.010000",
"Channel_info_end",
"",
"Qualitative Result",
"--------------------------------------------------------------------------------",
"Element :  P , Ca, Zn",
"",
"Peak List",
"--------------------------------------------------------------------------------",
"Channel               Line        keV     Net Int.(cps/uA)",
"--------------------------------------------------------------------------------",
"Na                    P Ka         2.02     0.009",
"                      CaKa         3.71     0.127",
"                      CaKb         4.05     0.017",
"                      ZnKa         8.66     0.012",
"                      ----        19.26     0.060",
"                      ----        19.48     0.037",
"--------------------------------------------------------------------------------",
"",
"Quantitative Result",
"--------------------------------------------------------------------------------",
"Analyte               Result             Std.Dev. Proc.-Calc. Line Intensity(cps/uA)",
"--------------------------------------------------------------------------------",
"====[No. 1 Layer]====< Layer1               >===============================",
"Layer1                   0.000 ug/cm2    -------- Flux       -------- --------",
