"Sample    : au_15771_t16",
"Operator  : americo",
"Comment  : ",
"Group     : kerr2007ag180cal_lt",
"Date       : 2011-04-11 21:27:49",
"",
"Mesurement Condition",
"------------------------------------------------------------------------------------",
"Instrument : 700HS2   Atmosphere : Vac.   Collimator : 10(mm)   Spin : No",
"------------------------------------------------------------------------------------",
"Analyte               TG kV   uA      FI Acq.(keV)  Anal.(keV)  Time(sec)     DT(%)",
"------------------------------------------------------------------------------------",
"Na                    Rh 50  168-Auto Al  0 - 20    0.8 - 1.2   Live -  179   15",
"",
"<Profile>",
"Channel_info_start",
"Channel : Na",
"Points : 2048",
"Range : 0.000000 - 20.480000",
"Step : 0.010000",
"Channel_info_end",
"0",
"0",
"0",
"0",
"0",
"0",
"0",
"0",
"0",
"0",
"0",
"0",
"0",
"0",
"0",
"0",
"0",
"0",
"0",
"0",
"0",
"0",
"0",
"0",
"0",
"0",
"0",
"1",
"0",
"1",
"19",
"42",
"54",
"82",
"74",
"76",
"96",
"87",
"113",
"123",
"107",
"89",
"83",
"81",
"91",
"72",
"81",
"66",
"57",
"70",
"51",
"57",
"46",
"36",
"34",
"38",
"33",
"32",
"31",
"39",
"26",
"26",
"31",
"32",
"35",
"17",
"26",
"29",
"35",
"42",
"27",
"35",
"29",
"26",
"25",
"27",
"27",
"31",
"28",
"24",
"20",
"24",
"21",
"35",
"28",
"21",
"19",
"22",
"27",
"33",
"26",
"16",
"26",
"31",
"18",
"27",
"30",
"35",
"13",
"31",
"18",
"24",
"19",
"27",
"26",
"22",
"28",
"17",
"31",
"24",
"21",
"22",
"21",
"26",
"18",
"33",
"22",
"21",
"27",
"20",
"21",
"24",
"21",
"22",
"30",
"25",
"26",
"29",
"18",
"15",
"20",
"20",
"18",
"30",
"31",
"24",
"17",
"17",
"27",
"31",
"31",
"27",
"30",
"31",
"14",
"32",
"27",
"35",
"28",
"34",
"39",
"36",
"42",
"40",
"47",
"71",
"59",
"77",
"86",
"127",
"153",
"188",
"217",
"242",
"268",
"295",
"274",
"309",
"244",
"268",
"232",
"197",
"190",
"151",
"160",
"148",
"139",
"123",
"133",
"148",
"147",
"121",
"110",
"139",
"153",
"145",
"155",
"172",
"166",
"182",
"195",
"218",
"222",
"218",
"239",
"256",
"281",
"302",
"337",
"361",
"356",
"472",
"489",
"666",
"820",
"1045",
"1261",
"1705",
"1965",
"2339",
"2677",
"3045",
"3360",
"3620",
"3620",
"3602",
"3743",
"3728",
"3389",
"3364",
"3124",
"2894",
"2598",
"2413",
"2116",
"1739",
"1400",
"1156",
"947",
"734",
"571",
"522",
"374",
"286",
"293",
"299",
"307",
"308",
"341",
"322",
"362",
"375",
"363",
"321",
"281",
"286",
"237",
"235",
"172",
"156",
"120",
"96",
"91",
"75",
"56",
"37",
"34",
"27",
"37",
"31",
"33",
"38",
"42",
"48",
"40",
"47",
"59",
"62",
"61",
"67",
"65",
"81",
"80",
"84",
"107",
"118",
"125",
"146",
"125",
"137",
"136",
"164",
"160",
"126",
"123",
"131",
"104",
"97",
"80",
"61",
"56",
"46",
"54",
"41",
"35",
"30",
"33",
"18",
"19",
"16",
"20",
"12",
"20",
"18",
"15",
"11",
"19",
"13",
"19",
"27",
"22",
"22",
"28",
"27",
"25",
"25",
"22",
"14",
"25",
"24",
"30",
"22",
"29",
"32",
"20",
"25",
"20",
"22",
"16",
"21",
"21",
"22",
"22",
"25",
"18",
"33",
"22",
"27",
"27",
"30",
"29",
"32",
"24",
"27",
"16",
"26",
"21",
"19",
"18",
"24",
"22",
"27",
"29",
"26",
"20",
"39",
"52",
"67",
"90",
"109",
"118",
"164",
"143",
"202",
"247",
"315",
"298",
"339",
"355",
"360",
"347",
"312",
"276",
"276",
"247",
"214",
"164",
"142",
"98",
"96",
"68",
"57",
"42",
"47",
"55",
"40",
"34",
"44",
"28",
"39",
"39",
"41",
"35",
"44",
"49",
"47",
"51",
"54",
"59",
"61",
"55",
"59",
"65",
"67",
"51",
"48",
"48",
"42",
"41",
"41",
"37",
"36",
"24",
"21",
"18",
"15",
"17",
"13",
"17",
"20",
"15",
"21",
"9",
"12",
"16",
"15",
"22",
"15",
"11",
"26",
"21",
"27",
"15",
"28",
"11",
"25",
"22",
"24",
"25",
"25",
"25",
"29",
"25",
"26",
"30",
"26",
"22",
"31",
"31",
"26",
"34",
"30",
"26",
"38",
"22",
"20",
"24",
"36",
"38",
"40",
"20",
"41",
"35",
"31",
"25",
"44",
"14",
"34",
"20",
"33",
"27",
"20",
"29",
"49",
"40",
"31",
"27",
"25",
"29",
"30",
"35",
"30",
"17",
"34",
"28",
"30",
"33",
"34",
"35",
"27",
"30",
"22",
"27",
"22",
"29",
"15",
"26",
"29",
"32",
"18",
"19",
"31",
"34",
"21",
"28",
"34",
"26",
"27",
"33",
"28",
"17",
"36",
"26",
"28",
"25",
"36",
"34",
"33",
"34",
"34",
"25",
"44",
"34",
"45",
"35",
"50",
"38",
"54",
"51",
"52",
"56",
"54",
"50",
"44",
"54",
"46",
"57",
"68",
"60",
"62",
"54",
"64",
"62",
"58",
"74",
"50",
"60",
"63",
"80",
"62",
"63",
"51",
"68",
"56",
"54",
"71",
"52",
"52",
"50",
"59",
"41",
"58",
"41",
"50",
"40",
"34",
"38",
"62",
"37",
"43",
"35",
"38",
"40",
"35",
"36",
"36",
"36",
"38",
"45",
"32",
"37",
"34",
"40",
"35",
"34",
"38",
"54",
"49",
"37",
"42",
"49",
"47",
"40",
"50",
"47",
"51",
"42",
"53",
"64",
"49",
"62",
"47",
"49",
"48",
"60",
"73",
"47",
"66",
"65",
"79",
"62",
"79",
"81",
"75",
"80",
"92",
"85",
"96",
"103",
"106",
"73",
"109",
"99",
"88",
"110",
"130",
"100",
"130",
"126",
"153",
"134",
"137",
"139",
"125",
"128",
"155",
"146",
"160",
"136",
"172",
"152",
"150",
"172",
"147",
"164",
"163",
"175",
"156",
"187",
"169",
"155",
"146",
"117",
"136",
"128",
"145",
"122",
"137",
"138",
"145",
"127",
"125",
"105",
"125",
"120",
"123",
"98",
"106",
"118",
"107",
"88",
"84",
"98",
"103",
"114",
"96",
"102",
"94",
"108",
"86",
"93",
"86",
"98",
"63",
"79",
"73",
"77",
"98",
"65",
"84",
"76",
"74",
"76",
"78",
"56",
"73",
"71",
"73",
"64",
"71",
"60",
"49",
"62",
"62",
"56",
"64",
"59",
"84",
"64",
"76",
"59",
"74",
"65",
"63",
"46",
"67",
"58",
"54",
"52",
"60",
"45",
"53",
"56",
"72",
"61",
"74",
"60",
"68",
"45",
"43",
"61",
"63",
"57",
"77",
"60",
"56",
"63",
"67",
"63",
"64",
"50",
"71",
"65",
"77",
"77",
"62",
"82",
"70",
"80",
"75",
"65",
"83",
"68",
"60",
"63",
"79",
"70",
"65",
"79",
"57",
"61",
"57",
"48",
"70",
"72",
"79",
"56",
"91",
"76",
"66",
"62",
"65",
"65",
"78",
"67",
"83",
"83",
"77",
"83",
"73",
"76",
"75",
"78",
"75",
"76",
"66",
"85",
"83",
"104",
"95",
"91",
"97",
"90",
"105",
"87",
"117",
"94",
"121",
"111",
"124",
"137",
"106",
"131",
"139",
"107",
"132",
"107",
"113",
"93",
"117",
"103",
"120",
"123",
"125",
"123",
"114",
"114",
"103",
"89",
"125",
"114",
"104",
"122",
"125",
"132",
"108",
"116",
"126",
"139",
"183",
"179",
"162",
"169",
"229",
"185",
"221",
"242",
"294",
"334",
"379",
"402",
"523",
"457",
"594",
"571",
"615",
"660",
"654",
"705",
"794",
"691",
"692",
"688",
"707",
"679",
"636",
"576",
"597",
"452",
"454",
"417",
"366",
"332",
"291",
"282",
"262",
"215",
"215",
"185",
"212",
"170",
"151",
"156",
"124",
"136",
"124",
"122",
"127",
"127",
"117",
"123",
"111",
"97",
"90",
"94",
"98",
"96",
"92",
"107",
"91",
"78",
"102",
"100",
"97",
"83",
"96",
"90",
"90",
"82",
"76",
"98",
"88",
"84",
"82",
"91",
"82",
"106",
"93",
"111",
"97",
"93",
"92",
"105",
"118",
"102",
"114",
"100",
"131",
"111",
"131",
"109",
"129",
"85",
"125",
"94",
"130",
"127",
"118",
"123",
"134",
"111",
"114",
"123",
"131",
"112",
"147",
"149",
"116",
"157",
"159",
"139",
"191",
"163",
"261",
"279",
"312",
"360",
"404",
"486",
"580",
"803",
"944",
"1197",
"1496",
"1689",
"2160",
"2574",
"3165",
"3564",
"4287",
"5043",
"5912",
"6190",
"7211",
"7946",
"8713",
"8966",
"9886",
"10351",
"10703",
"10703",
"11040",
"10682",
"10716",
"9997",
"9846",
"9118",
"8721",
"7496",
"7071",
"6210",
"5423",
"4554",
"4066",
"3399",
"2902",
"2230",
"1987",
"1512",
"1279",
"931",
"730",
"606",
"472",
"360",
"323",
"273",
"245",
"204",
"176",
"163",
"144",
"135",
"139",
"108",
"140",
"127",
"128",
"120",
"124",
"93",
"101",
"135",
"139",
"130",
"143",
"147",
"154",
"139",
"151",
"167",
"195",
"159",
"209",
"224",
"213",
"231",
"224",
"243",
"217",
"225",
"243",
"248",
"242",
"236",
"203",
"169",
"220",
"169",
"172",
"148",
"158",
"122",
"124",
"153",
"130",
"128",
"133",
"95",
"87",
"89",
"87",
"90",
"94",
"72",
"97",
"89",
"92",
"68",
"93",
"90",
"82",
"90",
"87",
"88",
"73",
"95",
"73",
"82",
"83",
"80",
"94",
"85",
"68",
"74",
"70",
"80",
"93",
"71",
"107",
"86",
"70",
"80",
"81",
"100",
"79",
"102",
"83",
"111",
"104",
"88",
"102",
"93",
"127",
"118",
"111",
"126",
"135",
"118",
"165",
"142",
"166",
"185",
"239",
"234",
"264",
"262",
"307",
"378",
"412",
"457",
"483",
"503",
"538",
"551",
"626",
"663",
"712",
"720",
"711",
"720",
"850",
"853",
"890",
"982",
"1041",
"1192",
"1261",
"1431",
"1629",
"1729",
"1971",
"2311",
"2660",
"2771",
"3174",
"3582",
"3938",
"4187",
"4595",
"4920",
"5260",
"5215",
"5602",
"5805",
"5889",
"5864",
"5818",
"5901",
"5778",
"5381",
"5699",
"5288",
"5146",
"4722",
"4824",
"4402",
"4264",
"3952",
"3817",
"3580",
"3542",
"3042",
"2896",
"2735",
"2448",
"2104",
"2106",
"1780",
"1570",
"1451",
"1290",
"1183",
"1011",
"847",
"770",
"666",
"612",
"495",
"444",
"436",
"363",
"336",
"332",
"318",
"316",
"292",
"322",
"329",
"283",
"287",
"309",
"314",
"335",
"285",
"286",
"263",
"317",
"250",
"250",
"241",
"237",
"209",
"219",
"191",
"179",
"169",
"188",
"149",
"150",
"126",
"125",
"125",
"127",
"107",
"116",
"104",
"122",
"94",
"104",
"92",
"81",
"97",
"86",
"83",
"90",
"83",
"79",
"64",
"85",
"75",
"68",
"67",
"64",
"59",
"67",
"60",
"63",
"57",
"75",
"80",
"65",
"72",
"59",
"56",
"58",
"63",
"82",
"80",
"85",
"68",
"62",
"87",
"81",
"60",
"72",
"65",
"81",
"72",
"55",
"79",
"58",
"65",
"85",
"72",
"62",
"75",
"61",
"67",
"75",
"62",
"64",
"70",
"71",
"65",
"58",
"91",
"73",
"74",
"70",
"81",
"89",
"83",
"85",
"73",
"75",
"92",
"93",
"79",
"94",
"90",
"88",
"104",
"90",
"96",
"91",
"102",
"103",
"93",
"107",
"110",
"125",
"83",
"104",
"105",
"108",
"88",
"92",
"117",
"97",
"107",
"91",
"107",
"122",
"119",
"133",
"150",
"181",
"172",
"212",
"283",
"283",
"316",
"372",
"425",
"499",
"469",
"587",
"645",
"696",
"727",
"806",
"838",
"965",
"926",
"1000",
"996",
"1046",
"955",
"1055",
"1020",
"1031",
"915",
"894",
"830",
"832",
"724",
"748",
"647",
"625",
"538",
"517",
"445",
"440",
"375",
"339",
"307",
"317",
"288",
"296",
"261",
"258",
"275",
"273",
"258",
"312",
"284",
"303",
"342",
"334",
"307",
"323",
"344",
"349",
"370",
"336",
"337",
"324",
"326",
"323",
"295",
"296",
"259",
"268",
"257",
"265",
"227",
"246",
"203",
"220",
"166",
"169",
"129",
"148",
"113",
"127",
"120",
"109",
"123",
"79",
"83",
"93",
"93",
"86",
"68",
"72",
"86",
"91",
"73",
"77",
"77",
"84",
"79",
"67",
"64",
"57",
"84",
"90",
"65",
"95",
"91",
"97",
"66",
"88",
"92",
"89",
"94",
"96",
"98",
"103",
"87",
"83",
"90",
"94",
"99",
"89",
"94",
"86",
"75",
"82",
"101",
"80",
"65",
"77",
"88",
"57",
"71",
"54",
"57",
"66",
"62",
"56",
"55",
"56",
"56",
"60",
"59",
"53",
"57",
"53",
"49",
"63",
"61",
"52",
"62",
"53",
"64",
"61",
"63",
"55",
"49",
"59",
"64",
"65",
"55",
"49",
"50",
"65",
"37",
"49",
"56",
"48",
"43",
"52",
"45",
"46",
"53",
"59",
"55",
"63",
"55",
"56",
"52",
"43",
"39",
"49",
"57",
"47",
"70",
"49",
"60",
"63",
"39",
"36",
"52",
"73",
"43",
"50",
"51",
"54",
"48",
"51",
"66",
"48",
"38",
"45",
"46",
"51",
"48",
"42",
"59",
"54",
"49",
"47",
"56",
"47",
"33",
"45",
"49",
"58",
"44",
"49",
"57",
"47",
"47",
"43",
"44",
"46",
"49",
"57",
"44",
"41",
"46",
"43",
"43",
"54",
"44",
"52",
"59",
"55",
"60",
"61",
"47",
"45",
"38",
"47",
"47",
"39",
"67",
"42",
"49",
"48",
"44",
"49",
"48",
"50",
"67",
"48",
"44",
"50",
"47",
"45",
"44",
"48",
"44",
"59",
"45",
"53",
"53",
"46",
"52",
"54",
"55",
"57",
"39",
"39",
"38",
"49",
"40",
"68",
"37",
"39",
"51",
"47",
"52",
"44",
"30",
"54",
"49",
"39",
"49",
"46",
"50",
"47",
"46",
"58",
"43",
"54",
"49",
"50",
"54",
"39",
"41",
"48",
"45",
"51",
"50",
"58",
"52",
"52",
"36",
"39",
"30",
"50",
"53",
"45",
"36",
"42",
"42",
"40",
"48",
"39",
"51",
"47",
"38",
"35",
"46",
"42",
"48",
"45",
"36",
"46",
"46",
"49",
"47",
"43",
"43",
"48",
"50",
"38",
"42",
"46",
"39",
"56",
"44",
"48",
"52",
"52",
"59",
"34",
"52",
"40",
"43",
"47",
"43",
"50",
"36",
"43",
"51",
"50",
"41",
"37",
"54",
"49",
"43",
"46",
"70",
"63",
"45",
"43",
"38",
"46",
"43",
"55",
"36",
"39",
"48",
"46",
"62",
"38",
"59",
"45",
"43",
"47",
"34",
"48",
"42",
"41",
"45",
"50",
"50",
"58",
"45",
"39",
"38",
"44",
"42",
"37",
"45",
"49",
"48",
"36",
"40",
"51",
"50",
"40",
"46",
"34",
"41",
"45",
"40",
"46",
"38",
"44",
"36",
"35",
"44",
"40",
"47",
"39",
"42",
"53",
"35",
"57",
"41",
"33",
"52",
"42",
"41",
"42",
"50",
"52",
"45",
"44",
"42",
"51",
"31",
"44",
"36",
"47",
"48",
"52",
"51",
"48",
"36",
"50",
"37",
"43",
"40",
"37",
"43",
"46",
"56",
"41",
"47",
"38",
"33",
"49",
"40",
"56",
"45",
"45",
"38",
"44",
"53",
"47",
"55",
"58",
"45",
"45",
"41",
"41",
"39",
"44",
"36",
"49",
"48",
"42",
"55",
"39",
"39",
"50",
"51",
"41",
"41",
"47",
"46",
"51",
"45",
"60",
"41",
"45",
"59",
"39",
"45",
"40",
"44",
"51",
"45",
"40",
"50",
"44",
"46",
"49",
"51",
"43",
"51",
"47",
"46",
"52",
"47",
"43",
"54",
"51",
"55",
"47",
"61",
"39",
"55",
"47",
"53",
"63",
"51",
"63",
"53",
"50",
"45",
"47",
"53",
"66",
"62",
"58",
"55",
"54",
"56",
"56",
"41",
"54",
"54",
"49",
"49",
"53",
"52",
"56",
"72",
"46",
"62",
"58",
"55",
"72",
"60",
"59",
"66",
"60",
"56",
"63",
"54",
"65",
"58",
"65",
"70",
"47",
"92",
"78",
"91",
"75",
"78",
"78",
"85",
"92",
"80",
"100",
"96",
"118",
"101",
"119",
"104",
"123",
"100",
"123",
"139",
"139",
"124",
"175",
"132",
"139",
"149",
"180",
"173",
"185",
"199",
"202",
"191",
"213",
"191",
"215",
"203",
"231",
"198",
"221",
"234",
"199",
"211",
"206",
"260",
"221",
"265",
"258",
"258",
"251",
"250",
"231",
"257",
"240",
"248",
"231",
"258",
"228",
"264",
"261",
"232",
"222",
"231",
"232",
"229",
"260",
"218",
"224",
"210",
"187",
"204",
"189",
"183",
"180",
"179",
"173",
"174",
"164",
"144",
"155",
"150",
"127",
"185",
"128",
"126",
"123",
"133",
"112",
"90",
"92",
"81",
"99",
"100",
"88",
"99",
"84",
"75",
"82",
"96",
"82",
"72",
"68",
"71",
"74",
"63",
"70",
"78",
"87",
"72",
"78",
"65",
"77",
"72",
"78",
"91",
"81",
"90",
"76",
"107",
"109",
"106",
"124",
"119",
"146",
"138",
"132",
"162",
"166",
"159",
"193",
"188",
"215",
"173",
"201",
"215",
"217",
"199",
"275",
"241",
"239",
"226",
"185",
"256",
"222",
"199",
"174",
"261",
"205",
"214",
"187",
"187",
"183",
"163",
"147",
"149",
"134",
"119",
"97",
"128",
"98",
"83",
"74",
"88",
"75",
"79",
"68",
"58",
"56",
"49",
"35",
"41",
"38",
"37",
"30",
"40",
"47",
"41",
"20285",
"Channel_info_start",
"Channel : Mg",
"Points : 0",
"Range : 0.000000 - 0.000000",
"Step : 0.010000",
"Channel_info_end",
"Channel_info_start",
"Channel : Al",
"Points : 0",
"Range : 0.000000 - 0.000000",
"Step : 0.010000",
"Channel_info_end",
"Channel_info_start",
"Channel : Si",
"Points : 0",
"Range : 0.000000 - 0.000000",
"Step : 0.010000",
"Channel_info_end",
"Channel_info_start",
"Channel : P ",
"Points : 0",
"Range : 0.000000 - 0.000000",
"Step : 0.010000",
"Channel_info_end",
"Channel_info_start",
"Channel : S ",
"Points : 0",
"Range : 0.000000 - 0.000000",
"Step : 0.010000",
"Channel_info_end",
"Channel_info_start",
"Channel : Cl",
"Points : 0",
"Range : 0.000000 - 0.000000",
"Step : 0.010000",
"Channel_info_end",
"Channel_info_start",
"Channel : K ",
"Points : 0",
"Range : 0.000000 - 0.000000",
"Step : 0.010000",
"Channel_info_end",
"Channel_info_start",
"Channel : Ca",
"Points : 0",
"Range : 0.000000 - 0.000000",
"Step : 0.010000",
"Channel_info_end",
"Channel_info_start",
"Channel : Ti",
"Points : 0",
"Range : 0.000000 - 0.000000",
"Step : 0.010000",
"Channel_info_end",
"Channel_info_start",
"Channel : V ",
"Points : 0",
"Range : 0.000000 - 0.000000",
"Step : 0.010000",
"Channel_info_end",
"Channel_info_start",
"Channel : Cr",
"Points : 0",
"Range : 0.000000 - 0.000000",
"Step : 0.010000",
"Channel_info_end",
"Channel_info_start",
"Channel : Mn",
"Points : 0",
"Range : 0.000000 - 0.000000",
"Step : 0.010000",
"Channel_info_end",
"Channel_info_start",
"Channel : Fe",
"Points : 0",
"Range : 0.000000 - 0.000000",
"Step : 0.010000",
"Channel_info_end",
"Channel_info_start",
"Channel : Cu",
"Points : 0",
"Range : 0.000000 - 0.000000",
"Step : 0.010000",
"Channel_info_end",
"Channel_info_start",
"Channel : Zn",
"Points : 0",
"Range : 0.000000 - 0.000000",
"Step : 0.010000",
"Channel_info_end",
"Channel_info_start",
"Channel : Sr",
"Points : 0",
"Range : 0.000000 - 0.000000",
"Step : 0.010000",
"Channel_info_end",
"Channel_info_start",
"Channel : Pb",
"Points : 0",
"Range : 0.000000 - 0.000000",
"Step : 0.010000",
"Channel_info_end",
"",
"Qualitative Result",
"--------------------------------------------------------------------------------",
"Element :  Ca, Rb, Au, W , Rh",
"",
"Peak List",
"--------------------------------------------------------------------------------",
"Channel               Line        keV     Net Int.(cps/uA)",
"--------------------------------------------------------------------------------",
"Na                    CaLa         0.38     0.022",
"                      RbLa         1.66     0.090",
"                      AuMa         2.15     1.430",
"                      ----         2.41     0.129",
"                      ----         2.81     0.056",
"                      CaKa         3.69     0.155",
"                      CaKb         4.02     0.023",
"                      ----         6.47     0.058",
"                      AuLL         8.49     0.194",
"                      W La         8.49     0.183",
"                      W Lb1        9.67     0.146",
"                      AuLa         9.72     6.482",
"                      ----        10.32     0.088",
"                      AuLb4       11.14     0.214",
"                      AuLb1       11.45     3.534",
"                      AuLg1       13.36     0.608",
"                      AuLg2       13.76     0.150",
"                      RhKaC       19.17     0.136",
"                      AuLaSUM     19.52     0.056",
"                      RhKa        20.08     0.155",
"--------------------------------------------------------------------------------",
"",
"Quantitative Result",
"--------------------------------------------------------------------------------",
"Analyte               Result             Std.Dev. Proc.-Calc. Line Intensity(cps/uA)",
"--------------------------------------------------------------------------------",
"====[No. 1 Layer]====< Layer1               >===============================",
"Layer1                   0.000 ug/cm2    -------- Flux       -------- --------",
