"Sample    : baf2_31514_t16",
"Operator  : americo",
"Comment  : ",
"Group     : kerr2007ag180cal_lt",
"Date       : 2011-04-11 20:59:10",
"",
"Mesurement Condition",
"------------------------------------------------------------------------------------",
"Instrument : 700HS2   Atmosphere : Vac.   Collimator : 10(mm)   Spin : No",
"------------------------------------------------------------------------------------",
"Analyte               TG kV   uA      FI Acq.(keV)  Anal.(keV)  Time(sec)     DT(%)",
"------------------------------------------------------------------------------------",
"Na                    Rh 50  360-Auto Al  0 - 20    0.8 - 1.2   Live -  179   15",
"",
"<Profile>",
"Channel_info_start",
"Channel : Na",
"Points : 2048",
"Range : 0.000000 - 20.480000",
"Step : 0.010000",
"Channel_info_end",
"0",
"0",
"0",
"0",
"0",
"0",
"0",
"0",
"0",
"0",
"0",
"0",
"0",
"0",
"0",
"0",
"0",
"0",
"0",
"0",
"0",
"0",
"0",
"0",
"0",
"0",
"0",
"0",
"0",
"2",
"10",
"29",
"26",
"35",
"30",
"26",
"35",
"43",
"29",
"26",
"32",
"29",
"30",
"24",
"24",
"33",
"31",
"33",
"23",
"23",
"15",
"20",
"26",
"26",
"25",
"33",
"20",
"31",
"23",
"37",
"29",
"31",
"34",
"29",
"29",
"28",
"30",
"45",
"28",
"26",
"42",
"33",
"38",
"35",
"37",
"54",
"42",
"38",
"51",
"65",
"42",
"56",
"41",
"52",
"34",
"51",
"39",
"42",
"41",
"37",
"38",
"34",
"41",
"46",
"52",
"46",
"35",
"69",
"70",
"48",
"68",
"72",
"35",
"60",
"53",
"48",
"54",
"73",
"56",
"48",
"41",
"52",
"40",
"63",
"37",
"33",
"27",
"32",
"37",
"39",
"36",
"28",
"38",
"34",
"31",
"19",
"40",
"39",
"26",
"32",
"29",
"33",
"31",
"27",
"33",
"32",
"25",
"26",
"31",
"28",
"39",
"30",
"39",
"59",
"19",
"33",
"38",
"32",
"40",
"43",
"33",
"27",
"41",
"30",
"33",
"34",
"27",
"30",
"36",
"28",
"40",
"22",
"30",
"37",
"34",
"42",
"34",
"42",
"43",
"35",
"43",
"43",
"49",
"49",
"43",
"51",
"43",
"37",
"43",
"41",
"45",
"45",
"42",
"57",
"53",
"36",
"39",
"52",
"47",
"48",
"44",
"79",
"57",
"75",
"76",
"98",
"106",
"100",
"87",
"136",
"133",
"139",
"125",
"128",
"87",
"95",
"79",
"75",
"66",
"62",
"55",
"44",
"35",
"35",
"35",
"42",
"45",
"38",
"35",
"23",
"34",
"41",
"33",
"44",
"38",
"32",
"37",
"45",
"37",
"41",
"39",
"54",
"38",
"45",
"30",
"31",
"33",
"31",
"33",
"35",
"45",
"36",
"37",
"44",
"33",
"32",
"27",
"45",
"32",
"40",
"31",
"43",
"36",
"28",
"35",
"52",
"46",
"49",
"40",
"54",
"42",
"59",
"69",
"72",
"87",
"99",
"114",
"111",
"123",
"153",
"142",
"151",
"155",
"144",
"123",
"118",
"114",
"102",
"88",
"81",
"64",
"67",
"54",
"58",
"51",
"43",
"54",
"36",
"43",
"53",
"35",
"47",
"42",
"47",
"36",
"46",
"46",
"54",
"62",
"60",
"66",
"78",
"71",
"62",
"90",
"97",
"95",
"103",
"101",
"107",
"113",
"88",
"95",
"84",
"74",
"82",
"70",
"70",
"60",
"62",
"68",
"44",
"60",
"64",
"63",
"61",
"38",
"41",
"42",
"56",
"38",
"47",
"61",
"44",
"46",
"79",
"57",
"53",
"45",
"77",
"64",
"53",
"66",
"69",
"63",
"56",
"77",
"76",
"61",
"75",
"55",
"76",
"80",
"105",
"104",
"129",
"162",
"214",
"272",
"332",
"421",
"524",
"638",
"784",
"935",
"1036",
"1097",
"1336",
"1322",
"1413",
"1325",
"1345",
"1191",
"1044",
"920",
"828",
"679",
"563",
"361",
"361",
"288",
"256",
"210",
"235",
"178",
"238",
"280",
"306",
"342",
"455",
"455",
"562",
"590",
"718",
"686",
"839",
"805",
"781",
"747",
"764",
"706",
"662",
"598",
"532",
"507",
"451",
"339",
"361",
"297",
"274",
"214",
"221",
"155",
"197",
"166",
"186",
"157",
"163",
"170",
"202",
"175",
"200",
"192",
"252",
"266",
"285",
"348",
"402",
"464",
"511",
"598",
"857",
"1071",
"1447",
"1871",
"2458",
"3084",
"4240",
"5145",
"6698",
"8132",
"9694",
"10549",
"12324",
"13403",
"14440",
"14197",
"14951",
"14501",
"13875",
"12178",
"11139",
"9436",
"8444",
"6589",
"5496",
"4206",
"3272",
"2382",
"1765",
"1306",
"981",
"692",
"589",
"425",
"411",
"415",
"494",
"602",
"820",
"979",
"1346",
"1781",
"2342",
"2856",
"3659",
"4466",
"5537",
"6060",
"7178",
"7957",
"8752",
"8847",
"9377",
"9272",
"9451",
"8765",
"8566",
"7630",
"7347",
"6243",
"5787",
"5150",
"4510",
"3767",
"3438",
"2887",
"2454",
"2008",
"1716",
"1486",
"1315",
"1118",
"1038",
"1020",
"966",
"1029",
"1126",
"1275",
"1484",
"1614",
"1942",
"1980",
"2275",
"2252",
"2375",
"2452",
"2407",
"2225",
"2310",
"1972",
"1812",
"1510",
"1316",
"1097",
"977",
"755",
"649",
"461",
"418",
"315",
"275",
"236",
"211",
"179",
"214",
"218",
"224",
"195",
"227",
"285",
"333",
"361",
"474",
"558",
"645",
"779",
"878",
"918",
"1064",
"1150",
"1301",
"1279",
"1307",
"1277",
"1325",
"1222",
"1115",
"987",
"939",
"789",
"737",
"590",
"513",
"406",
"439",
"322",
"320",
"352",
"371",
"341",
"407",
"426",
"496",
"544",
"637",
"636",
"696",
"676",
"695",
"738",
"738",
"686",
"680",
"656",
"588",
"501",
"452",
"432",
"386",
"340",
"303",
"308",
"313",
"244",
"251",
"242",
"209",
"213",
"222",
"222",
"187",
"196",
"177",
"166",
"151",
"150",
"153",
"133",
"144",
"139",
"120",
"108",
"128",
"114",
"133",
"125",
"126",
"110",
"129",
"125",
"126",
"118",
"140",
"120",
"126",
"128",
"120",
"140",
"150",
"135",
"160",
"154",
"156",
"156",
"141",
"148",
"148",
"141",
"180",
"147",
"151",
"143",
"155",
"179",
"171",
"162",
"143",
"133",
"137",
"145",
"148",
"129",
"137",
"140",
"142",
"137",
"150",
"144",
"157",
"157",
"165",
"140",
"143",
"125",
"159",
"137",
"130",
"118",
"144",
"137",
"147",
"131",
"140",
"127",
"156",
"135",
"125",
"133",
"147",
"112",
"127",
"150",
"155",
"138",
"107",
"113",
"123",
"115",
"117",
"117",
"108",
"127",
"120",
"118",
"114",
"105",
"120",
"117",
"145",
"115",
"130",
"113",
"125",
"135",
"133",
"119",
"120",
"120",
"128",
"105",
"113",
"131",
"111",
"150",
"123",
"132",
"122",
"135",
"143",
"118",
"155",
"141",
"148",
"145",
"139",
"156",
"147",
"152",
"142",
"145",
"172",
"165",
"144",
"122",
"145",
"152",
"164",
"158",
"152",
"143",
"175",
"144",
"151",
"161",
"166",
"167",
"162",
"158",
"171",
"184",
"180",
"164",
"153",
"131",
"166",
"145",
"166",
"136",
"151",
"154",
"168",
"152",
"146",
"154",
"160",
"161",
"156",
"157",
"164",
"137",
"162",
"155",
"163",
"145",
"159",
"145",
"177",
"165",
"155",
"143",
"170",
"162",
"166",
"170",
"172",
"172",
"160",
"161",
"161",
"179",
"184",
"150",
"190",
"194",
"159",
"189",
"171",
"196",
"198",
"206",
"228",
"188",
"208",
"210",
"210",
"198",
"230",
"229",
"250",
"207",
"211",
"216",
"250",
"227",
"183",
"188",
"179",
"163",
"186",
"173",
"183",
"173",
"148",
"163",
"194",
"179",
"177",
"148",
"151",
"169",
"153",
"162",
"147",
"130",
"160",
"154",
"157",
"142",
"150",
"145",
"144",
"144",
"164",
"144",
"159",
"147",
"154",
"135",
"153",
"161",
"171",
"181",
"171",
"166",
"189",
"189",
"188",
"195",
"202",
"193",
"203",
"202",
"192",
"227",
"223",
"170",
"238",
"201",
"194",
"166",
"160",
"184",
"174",
"144",
"171",
"169",
"164",
"163",
"155",
"141",
"142",
"127",
"164",
"156",
"191",
"164",
"176",
"159",
"159",
"161",
"158",
"164",
"186",
"148",
"155",
"156",
"187",
"171",
"159",
"163",
"154",
"166",
"154",
"177",
"162",
"160",
"172",
"165",
"164",
"162",
"164",
"159",
"190",
"164",
"188",
"130",
"176",
"145",
"174",
"151",
"160",
"189",
"167",
"176",
"173",
"197",
"164",
"174",
"169",
"191",
"192",
"189",
"202",
"185",
"207",
"203",
"169",
"188",
"191",
"184",
"176",
"180",
"198",
"166",
"163",
"157",
"174",
"176",
"171",
"200",
"148",
"184",
"193",
"169",
"181",
"184",
"171",
"153",
"183",
"201",
"166",
"172",
"158",
"156",
"194",
"177",
"162",
"175",
"148",
"154",
"183",
"169",
"174",
"148",
"164",
"142",
"147",
"168",
"146",
"148",
"141",
"128",
"143",
"159",
"164",
"144",
"147",
"170",
"158",
"142",
"160",
"155",
"148",
"134",
"127",
"134",
"163",
"146",
"164",
"162",
"148",
"141",
"131",
"140",
"152",
"133",
"140",
"129",
"140",
"125",
"122",
"175",
"137",
"136",
"145",
"140",
"140",
"129",
"115",
"142",
"121",
"137",
"141",
"142",
"164",
"152",
"147",
"138",
"173",
"132",
"152",
"148",
"157",
"136",
"140",
"164",
"136",
"132",
"158",
"144",
"155",
"144",
"166",
"138",
"147",
"135",
"150",
"135",
"141",
"133",
"157",
"138",
"136",
"136",
"142",
"137",
"148",
"135",
"168",
"141",
"140",
"146",
"153",
"145",
"159",
"170",
"138",
"144",
"138",
"136",
"145",
"133",
"160",
"169",
"156",
"140",
"140",
"140",
"160",
"142",
"135",
"142",
"155",
"140",
"153",
"135",
"161",
"152",
"134",
"124",
"133",
"147",
"150",
"108",
"165",
"143",
"155",
"142",
"146",
"153",
"156",
"126",
"151",
"141",
"138",
"135",
"135",
"137",
"148",
"117",
"138",
"136",
"151",
"138",
"141",
"159",
"157",
"115",
"153",
"139",
"153",
"134",
"155",
"138",
"146",
"136",
"120",
"138",
"143",
"139",
"142",
"145",
"126",
"131",
"132",
"154",
"132",
"123",
"152",
"128",
"118",
"124",
"136",
"129",
"141",
"143",
"130",
"129",
"139",
"141",
"118",
"115",
"132",
"137",
"120",
"122",
"123",
"150",
"140",
"143",
"127",
"138",
"130",
"134",
"140",
"142",
"130",
"135",
"133",
"136",
"142",
"139",
"137",
"119",
"133",
"130",
"126",
"132",
"139",
"130",
"137",
"146",
"127",
"101",
"144",
"115",
"153",
"117",
"139",
"148",
"127",
"121",
"144",
"143",
"133",
"142",
"146",
"142",
"126",
"107",
"135",
"145",
"120",
"110",
"127",
"131",
"120",
"121",
"142",
"115",
"126",
"119",
"136",
"127",
"140",
"130",
"131",
"99",
"119",
"127",
"131",
"135",
"139",
"140",
"126",
"121",
"108",
"134",
"113",
"123",
"114",
"122",
"136",
"136",
"136",
"123",
"118",
"114",
"120",
"120",
"142",
"115",
"120",
"139",
"140",
"121",
"124",
"132",
"123",
"123",
"133",
"142",
"126",
"130",
"115",
"155",
"132",
"119",
"124",
"120",
"121",
"138",
"126",
"124",
"135",
"126",
"99",
"131",
"100",
"112",
"102",
"118",
"119",
"112",
"115",
"107",
"121",
"110",
"133",
"130",
"113",
"118",
"108",
"123",
"133",
"110",
"140",
"136",
"125",
"115",
"127",
"137",
"125",
"122",
"110",
"105",
"122",
"117",
"121",
"120",
"105",
"111",
"111",
"126",
"105",
"103",
"104",
"119",
"126",
"139",
"140",
"140",
"119",
"108",
"107",
"124",
"124",
"106",
"141",
"103",
"121",
"127",
"124",
"102",
"107",
"99",
"126",
"115",
"122",
"89",
"112",
"150",
"118",
"120",
"117",
"105",
"111",
"106",
"100",
"134",
"110",
"121",
"131",
"127",
"117",
"113",
"133",
"122",
"106",
"114",
"108",
"123",
"128",
"101",
"101",
"96",
"127",
"94",
"134",
"91",
"96",
"108",
"120",
"124",
"115",
"107",
"97",
"109",
"114",
"91",
"118",
"121",
"94",
"128",
"90",
"114",
"124",
"110",
"129",
"86",
"105",
"118",
"101",
"105",
"119",
"114",
"99",
"107",
"99",
"107",
"104",
"124",
"114",
"98",
"111",
"120",
"117",
"119",
"127",
"125",
"100",
"90",
"120",
"138",
"125",
"140",
"120",
"137",
"141",
"147",
"125",
"118",
"141",
"154",
"135",
"111",
"134",
"125",
"132",
"131",
"121",
"104",
"136",
"121",
"131",
"115",
"123",
"134",
"122",
"113",
"118",
"121",
"107",
"113",
"99",
"110",
"113",
"102",
"121",
"120",
"104",
"118",
"105",
"122",
"108",
"94",
"114",
"111",
"113",
"93",
"108",
"101",
"109",
"105",
"102",
"107",
"90",
"98",
"92",
"110",
"79",
"80",
"112",
"103",
"94",
"109",
"98",
"119",
"101",
"92",
"106",
"123",
"101",
"85",
"94",
"96",
"97",
"102",
"88",
"119",
"108",
"88",
"92",
"105",
"95",
"86",
"133",
"106",
"101",
"99",
"91",
"89",
"113",
"87",
"92",
"102",
"130",
"92",
"91",
"80",
"103",
"86",
"94",
"113",
"99",
"90",
"111",
"103",
"120",
"105",
"78",
"98",
"86",
"99",
"104",
"98",
"86",
"88",
"98",
"122",
"106",
"104",
"102",
"98",
"91",
"86",
"87",
"105",
"108",
"93",
"94",
"110",
"84",
"77",
"91",
"94",
"90",
"99",
"99",
"99",
"103",
"107",
"100",
"100",
"95",
"103",
"110",
"96",
"98",
"102",
"88",
"95",
"89",
"103",
"95",
"81",
"108",
"84",
"101",
"97",
"98",
"97",
"102",
"85",
"82",
"87",
"89",
"106",
"99",
"84",
"90",
"87",
"81",
"91",
"94",
"84",
"105",
"99",
"94",
"92",
"82",
"96",
"97",
"98",
"79",
"96",
"108",
"100",
"89",
"106",
"94",
"95",
"104",
"81",
"111",
"97",
"94",
"79",
"97",
"110",
"101",
"79",
"84",
"90",
"81",
"64",
"82",
"94",
"84",
"85",
"99",
"87",
"84",
"93",
"74",
"89",
"99",
"74",
"76",
"95",
"101",
"100",
"95",
"100",
"91",
"73",
"86",
"93",
"64",
"72",
"76",
"93",
"86",
"107",
"92",
"79",
"94",
"97",
"82",
"103",
"86",
"85",
"98",
"89",
"88",
"78",
"77",
"93",
"80",
"89",
"85",
"81",
"85",
"85",
"86",
"84",
"100",
"73",
"90",
"94",
"90",
"101",
"101",
"93",
"95",
"81",
"102",
"62",
"111",
"74",
"74",
"78",
"91",
"62",
"74",
"96",
"88",
"78",
"95",
"73",
"94",
"74",
"63",
"91",
"102",
"62",
"99",
"97",
"99",
"79",
"71",
"88",
"74",
"92",
"79",
"85",
"79",
"75",
"88",
"78",
"94",
"81",
"75",
"73",
"72",
"97",
"82",
"70",
"80",
"90",
"89",
"75",
"76",
"64",
"67",
"71",
"81",
"78",
"70",
"81",
"89",
"88",
"93",
"88",
"115",
"84",
"59",
"75",
"69",
"75",
"99",
"69",
"84",
"68",
"77",
"87",
"96",
"87",
"69",
"88",
"73",
"73",
"79",
"82",
"85",
"84",
"81",
"74",
"90",
"87",
"76",
"79",
"96",
"92",
"93",
"79",
"84",
"72",
"75",
"84",
"89",
"87",
"82",
"66",
"95",
"74",
"84",
"81",
"77",
"81",
"75",
"88",
"92",
"75",
"101",
"73",
"75",
"95",
"87",
"105",
"115",
"75",
"81",
"81",
"70",
"94",
"90",
"87",
"75",
"82",
"86",
"102",
"108",
"82",
"101",
"87",
"90",
"82",
"89",
"104",
"93",
"86",
"69",
"99",
"97",
"82",
"77",
"73",
"89",
"100",
"100",
"84",
"85",
"79",
"94",
"84",
"82",
"99",
"101",
"94",
"97",
"76",
"92",
"106",
"88",
"74",
"91",
"79",
"86",
"102",
"93",
"90",
"87",
"95",
"86",
"94",
"103",
"90",
"113",
"110",
"110",
"98",
"124",
"109",
"126",
"100",
"108",
"100",
"97",
"118",
"88",
"138",
"108",
"124",
"100",
"130",
"96",
"114",
"153",
"132",
"138",
"121",
"122",
"139",
"133",
"117",
"150",
"146",
"136",
"159",
"125",
"156",
"142",
"166",
"176",
"158",
"195",
"160",
"187",
"207",
"219",
"234",
"224",
"235",
"228",
"241",
"255",
"249",
"267",
"232",
"323",
"293",
"280",
"331",
"317",
"333",
"354",
"337",
"361",
"389",
"386",
"397",
"427",
"425",
"430",
"414",
"421",
"474",
"455",
"467",
"500",
"514",
"536",
"439",
"507",
"525",
"523",
"495",
"476",
"527",
"537",
"519",
"522",
"544",
"537",
"506",
"506",
"531",
"516",
"487",
"475",
"547",
"465",
"448",
"441",
"435",
"484",
"408",
"415",
"359",
"468",
"394",
"339",
"394",
"324",
"313",
"307",
"324",
"295",
"277",
"271",
"290",
"270",
"260",
"268",
"231",
"234",
"202",
"190",
"198",
"233",
"169",
"181",
"156",
"158",
"153",
"139",
"145",
"158",
"126",
"129",
"144",
"132",
"139",
"111",
"134",
"130",
"102",
"131",
"130",
"134",
"121",
"146",
"169",
"153",
"150",
"167",
"184",
"155",
"185",
"168",
"175",
"211",
"192",
"228",
"269",
"247",
"257",
"299",
"306",
"325",
"321",
"333",
"344",
"361",
"326",
"382",
"384",
"333",
"339",
"348",
"357",
"367",
"311",
"297",
"345",
"319",
"270",
"292",
"292",
"300",
"256",
"251",
"203",
"214",
"174",
"206",
"190",
"162",
"136",
"160",
"129",
"128",
"106",
"124",
"117",
"117",
"90",
"72",
"94",
"73",
"66",
"84",
"66",
"78",
"74",
"52129",
"Channel_info_start",
"Channel : Mg",
"Points : 0",
"Range : 0.000000 - 0.000000",
"Step : 0.010000",
"Channel_info_end",
"Channel_info_start",
"Channel : Al",
"Points : 0",
"Range : 0.000000 - 0.000000",
"Step : 0.010000",
"Channel_info_end",
"Channel_info_start",
"Channel : Si",
"Points : 0",
"Range : 0.000000 - 0.000000",
"Step : 0.010000",
"Channel_info_end",
"Channel_info_start",
"Channel : P ",
"Points : 0",
"Range : 0.000000 - 0.000000",
"Step : 0.010000",
"Channel_info_end",
"Channel_info_start",
"Channel : S ",
"Points : 0",
"Range : 0.000000 - 0.000000",
"Step : 0.010000",
"Channel_info_end",
"Channel_info_start",
"Channel : Cl",
"Points : 0",
"Range : 0.000000 - 0.000000",
"Step : 0.010000",
"Channel_info_end",
"Channel_info_start",
"Channel : K ",
"Points : 0",
"Range : 0.000000 - 0.000000",
"Step : 0.010000",
"Channel_info_end",
"Channel_info_start",
"Channel : Ca",
"Points : 0",
"Range : 0.000000 - 0.000000",
"Step : 0.010000",
"Channel_info_end",
"Channel_info_start",
"Channel : Ti",
"Points : 0",
"Range : 0.000000 - 0.000000",
"Step : 0.010000",
"Channel_info_end",
"Channel_info_start",
"Channel : V ",
"Points : 0",
"Range : 0.000000 - 0.000000",
"Step : 0.010000",
"Channel_info_end",
"Channel_info_start",
"Channel : Cr",
"Points : 0",
"Range : 0.000000 - 0.000000",
"Step : 0.010000",
"Channel_info_end",
"Channel_info_start",
"Channel : Mn",
"Points : 0",
"Range : 0.000000 - 0.000000",
"Step : 0.010000",
"Channel_info_end",
"Channel_info_start",
"Channel : Fe",
"Points : 0",
"Range : 0.000000 - 0.000000",
"Step : 0.010000",
"Channel_info_end",
"Channel_info_start",
"Channel : Cu",
"Points : 0",
"Range : 0.000000 - 0.000000",
"Step : 0.010000",
"Channel_info_end",
"Channel_info_start",
"Channel : Zn",
"Points : 0",
"Range : 0.000000 - 0.000000",
"Step : 0.010000",
"Channel_info_end",
"Channel_info_start",
"Channel : Sr",
"Points : 0",
"Range : 0.000000 - 0.000000",
"Step : 0.010000",
"Channel_info_end",
"Channel_info_start",
"Channel : Pb",
"Points : 0",
"Range : 0.000000 - 0.000000",
"Step : 0.010000",
"Channel_info_end",
"",
"Qualitative Result",
"--------------------------------------------------------------------------------",
"Element :  P , Ba, Ca, Te, Pr, Ru",
"",
"Peak List",
"--------------------------------------------------------------------------------",
"Channel               Line        keV     Net Int.(cps/uA)",
"--------------------------------------------------------------------------------",
"Na                    P Ka         2.00     0.020",
"                      BaLaESC      2.71     0.022",
"                      BaLb1ESC     3.09     0.013",
"                      CaKa         3.68     0.271",
"                      TeLa         3.77     0.022",
"                      BaLL         3.96     0.096",
"                      CaKb         3.96     0.038",
"                      TeLb1        3.96     0.011",
"                      BaLa         4.47     3.215",
"                      BaLb1        4.84     2.071",
"                      BaLb2        5.16     0.494",
"                      BaLg1        5.54     0.193",
"                      PrLb1        5.54     0.065",
"                      BaLg2        5.80     0.133",
"                      RuKa        19.24     0.130",
"                      ----        19.52     0.044",
"--------------------------------------------------------------------------------",
"",
"Quantitative Result",
"--------------------------------------------------------------------------------",
"Analyte               Result             Std.Dev. Proc.-Calc. Line Intensity(cps/uA)",
"--------------------------------------------------------------------------------",
"====[No. 1 Layer]====< Layer1               >===============================",
"Layer1                   0.000 ug/cm2    -------- Flux       -------- --------",
