"Sample    : bi_15773_t16",
"Operator  : americo",
"Comment  : ",
"Group     : kerr2007ag180cal_lt",
"Date       : 2011-04-11 21:48:11",
"",
"Mesurement Condition",
"------------------------------------------------------------------------------------",
"Instrument : 700HS2   Atmosphere : Vac.   Collimator : 10(mm)   Spin : No",
"------------------------------------------------------------------------------------",
"Analyte               TG kV   uA      FI Acq.(keV)  Anal.(keV)  Time(sec)     DT(%)",
"------------------------------------------------------------------------------------",
"Na                    Rh 50  187-Auto Al  0 - 20    0.8 - 1.2   Live -  180   16",
"",
"<Profile>",
"Channel_info_start",
"Channel : Na",
"Points : 2048",
"Range : 0.000000 - 20.480000",
"Step : 0.010000",
"Channel_info_end",
"0",
"0",
"0",
"0",
"0",
"0",
"0",
"0",
"0",
"0",
"0",
"0",
"0",
"0",
"0",
"0",
"0",
"0",
"0",
"0",
"0",
"0",
"0",
"0",
"0",
"0",
"0",
"0",
"0",
"0",
"9",
"37",
"25",
"30",
"16",
"25",
"22",
"26",
"29",
"31",
"32",
"28",
"18",
"30",
"33",
"43",
"32",
"43",
"24",
"37",
"37",
"33",
"48",
"30",
"33",
"32",
"36",
"42",
"38",
"43",
"41",
"36",
"69",
"84",
"74",
"100",
"116",
"105",
"104",
"100",
"88",
"93",
"83",
"82",
"104",
"72",
"90",
"64",
"72",
"91",
"66",
"65",
"78",
"48",
"42",
"57",
"44",
"45",
"35",
"46",
"45",
"38",
"36",
"39",
"31",
"32",
"53",
"29",
"41",
"38",
"38",
"48",
"33",
"46",
"44",
"38",
"31",
"23",
"35",
"27",
"32",
"28",
"23",
"19",
"23",
"24",
"36",
"35",
"28",
"33",
"39",
"31",
"24",
"29",
"33",
"29",
"28",
"39",
"25",
"30",
"27",
"40",
"28",
"22",
"27",
"24",
"32",
"21",
"26",
"29",
"31",
"29",
"36",
"28",
"32",
"28",
"28",
"40",
"33",
"41",
"25",
"22",
"38",
"42",
"35",
"38",
"50",
"43",
"33",
"50",
"42",
"43",
"46",
"50",
"37",
"44",
"40",
"37",
"45",
"46",
"44",
"51",
"48",
"44",
"64",
"73",
"54",
"68",
"59",
"78",
"91",
"126",
"142",
"166",
"197",
"204",
"232",
"289",
"309",
"330",
"328",
"314",
"289",
"299",
"258",
"260",
"206",
"207",
"200",
"209",
"177",
"213",
"198",
"194",
"166",
"144",
"154",
"150",
"142",
"162",
"120",
"139",
"115",
"154",
"156",
"160",
"193",
"199",
"178",
"238",
"232",
"263",
"289",
"262",
"257",
"271",
"297",
"326",
"294",
"338",
"368",
"424",
"553",
"768",
"953",
"1303",
"1615",
"2105",
"2468",
"3226",
"3379",
"3973",
"3983",
"4321",
"4336",
"4455",
"4184",
"4384",
"4188",
"4028",
"3747",
"3671",
"3512",
"3495",
"3174",
"3149",
"2545",
"2333",
"1861",
"1644",
"1347",
"1083",
"817",
"685",
"535",
"466",
"363",
"382",
"391",
"404",
"436",
"444",
"435",
"480",
"475",
"458",
"430",
"447",
"383",
"352",
"257",
"279",
"211",
"187",
"123",
"115",
"97",
"88",
"74",
"64",
"63",
"63",
"63",
"82",
"57",
"103",
"83",
"87",
"93",
"80",
"82",
"70",
"84",
"91",
"62",
"53",
"55",
"81",
"66",
"66",
"84",
"99",
"110",
"127",
"141",
"136",
"167",
"184",
"164",
"207",
"207",
"178",
"200",
"189",
"171",
"189",
"130",
"146",
"143",
"127",
"113",
"96",
"84",
"78",
"77",
"65",
"48",
"41",
"30",
"25",
"33",
"31",
"29",
"26",
"31",
"29",
"15",
"25",
"20",
"39",
"28",
"37",
"39",
"50",
"37",
"54",
"80",
"125",
"129",
"189",
"211",
"281",
"302",
"416",
"503",
"553",
"639",
"666",
"684",
"713",
"694",
"675",
"622",
"547",
"476",
"371",
"348",
"258",
"190",
"170",
"143",
"114",
"86",
"70",
"76",
"61",
"42",
"57",
"70",
"57",
"68",
"64",
"54",
"87",
"66",
"93",
"96",
"106",
"89",
"99",
"110",
"116",
"125",
"99",
"93",
"87",
"87",
"77",
"61",
"55",
"58",
"44",
"36",
"33",
"21",
"21",
"19",
"23",
"22",
"25",
"15",
"19",
"20",
"27",
"20",
"23",
"20",
"31",
"26",
"28",
"23",
"28",
"31",
"28",
"30",
"33",
"38",
"36",
"32",
"30",
"37",
"38",
"32",
"27",
"38",
"40",
"31",
"44",
"51",
"31",
"40",
"52",
"57",
"48",
"36",
"40",
"45",
"46",
"42",
"36",
"47",
"53",
"52",
"45",
"44",
"44",
"43",
"41",
"33",
"43",
"53",
"49",
"46",
"39",
"38",
"42",
"40",
"32",
"48",
"38",
"57",
"36",
"37",
"58",
"46",
"32",
"37",
"43",
"41",
"45",
"32",
"39",
"51",
"41",
"33",
"38",
"40",
"40",
"46",
"42",
"43",
"39",
"41",
"43",
"31",
"43",
"42",
"26",
"43",
"42",
"43",
"44",
"42",
"41",
"40",
"45",
"45",
"39",
"29",
"42",
"38",
"47",
"39",
"41",
"33",
"40",
"40",
"49",
"47",
"45",
"52",
"30",
"54",
"41",
"44",
"43",
"42",
"46",
"39",
"45",
"46",
"45",
"44",
"42",
"52",
"46",
"43",
"57",
"55",
"59",
"51",
"55",
"59",
"64",
"57",
"61",
"74",
"68",
"75",
"67",
"71",
"64",
"82",
"88",
"73",
"88",
"91",
"94",
"90",
"98",
"81",
"94",
"82",
"89",
"84",
"82",
"74",
"76",
"80",
"82",
"70",
"64",
"69",
"83",
"72",
"64",
"76",
"62",
"77",
"53",
"49",
"52",
"65",
"64",
"60",
"59",
"76",
"64",
"63",
"67",
"57",
"67",
"65",
"64",
"71",
"82",
"72",
"52",
"70",
"62",
"52",
"76",
"76",
"59",
"72",
"60",
"77",
"76",
"83",
"69",
"68",
"66",
"69",
"77",
"73",
"60",
"68",
"71",
"62",
"60",
"59",
"77",
"77",
"83",
"76",
"93",
"88",
"91",
"93",
"102",
"95",
"75",
"74",
"97",
"75",
"83",
"77",
"90",
"75",
"76",
"80",
"73",
"88",
"92",
"75",
"89",
"67",
"82",
"85",
"99",
"90",
"88",
"73",
"78",
"76",
"89",
"84",
"68",
"83",
"70",
"93",
"88",
"83",
"80",
"87",
"87",
"104",
"90",
"77",
"78",
"92",
"88",
"85",
"87",
"85",
"91",
"96",
"86",
"85",
"91",
"83",
"106",
"93",
"99",
"70",
"97",
"89",
"89",
"89",
"85",
"91",
"96",
"81",
"103",
"81",
"98",
"88",
"91",
"87",
"103",
"80",
"82",
"80",
"96",
"64",
"74",
"94",
"83",
"68",
"107",
"105",
"92",
"80",
"111",
"92",
"98",
"81",
"88",
"89",
"70",
"82",
"96",
"111",
"91",
"94",
"88",
"73",
"104",
"78",
"104",
"96",
"95",
"105",
"115",
"106",
"111",
"95",
"109",
"99",
"109",
"112",
"116",
"109",
"94",
"100",
"93",
"95",
"104",
"107",
"110",
"90",
"114",
"99",
"119",
"113",
"117",
"109",
"116",
"110",
"129",
"90",
"104",
"93",
"116",
"110",
"95",
"98",
"114",
"119",
"92",
"98",
"95",
"82",
"114",
"97",
"112",
"106",
"112",
"95",
"89",
"110",
"97",
"130",
"120",
"108",
"104",
"127",
"106",
"130",
"115",
"113",
"127",
"109",
"140",
"130",
"137",
"113",
"113",
"127",
"112",
"104",
"102",
"96",
"100",
"108",
"106",
"88",
"102",
"80",
"93",
"82",
"105",
"109",
"116",
"86",
"107",
"99",
"91",
"109",
"108",
"85",
"102",
"92",
"87",
"76",
"99",
"88",
"96",
"108",
"110",
"113",
"92",
"117",
"100",
"99",
"103",
"98",
"126",
"103",
"93",
"90",
"140",
"104",
"96",
"132",
"144",
"127",
"136",
"131",
"148",
"155",
"165",
"140",
"161",
"184",
"163",
"142",
"158",
"136",
"138",
"125",
"138",
"145",
"157",
"127",
"139",
"140",
"116",
"128",
"144",
"119",
"115",
"105",
"151",
"137",
"125",
"107",
"135",
"144",
"135",
"118",
"127",
"128",
"143",
"121",
"135",
"142",
"134",
"98",
"135",
"113",
"145",
"125",
"135",
"123",
"136",
"126",
"109",
"109",
"134",
"133",
"134",
"97",
"136",
"106",
"116",
"115",
"136",
"103",
"138",
"131",
"152",
"110",
"144",
"163",
"189",
"191",
"215",
"262",
"279",
"302",
"338",
"408",
"483",
"455",
"515",
"553",
"636",
"624",
"671",
"677",
"739",
"680",
"727",
"724",
"715",
"667",
"687",
"577",
"549",
"489",
"478",
"408",
"389",
"386",
"293",
"271",
"247",
"215",
"197",
"175",
"162",
"159",
"137",
"130",
"145",
"121",
"126",
"149",
"121",
"135",
"103",
"121",
"116",
"127",
"109",
"94",
"95",
"104",
"109",
"106",
"92",
"92",
"118",
"116",
"107",
"82",
"86",
"111",
"90",
"93",
"81",
"107",
"104",
"74",
"112",
"77",
"95",
"86",
"113",
"111",
"102",
"109",
"105",
"113",
"105",
"123",
"120",
"105",
"102",
"92",
"89",
"99",
"89",
"91",
"104",
"108",
"106",
"82",
"77",
"94",
"111",
"112",
"108",
"130",
"104",
"111",
"100",
"118",
"115",
"109",
"104",
"106",
"110",
"121",
"126",
"110",
"110",
"113",
"129",
"122",
"118",
"111",
"114",
"128",
"114",
"136",
"126",
"128",
"146",
"150",
"198",
"185",
"240",
"255",
"311",
"345",
"425",
"489",
"627",
"685",
"854",
"994",
"1242",
"1518",
"1871",
"2014",
"2467",
"2858",
"3390",
"3735",
"4463",
"5125",
"5650",
"6037",
"7016",
"7603",
"8435",
"8669",
"9431",
"10023",
"10561",
"9987",
"10665",
"10689",
"10450",
"9625",
"10040",
"9417",
"9082",
"7908",
"7492",
"6681",
"6136",
"5223",
"4808",
"4082",
"3518",
"2811",
"2525",
"2120",
"1627",
"1340",
"1176",
"902",
"754",
"557",
"453",
"374",
"340",
"272",
"274",
"204",
"187",
"165",
"154",
"172",
"149",
"138",
"145",
"134",
"136",
"123",
"153",
"109",
"134",
"121",
"138",
"135",
"125",
"127",
"113",
"120",
"113",
"119",
"150",
"86",
"130",
"123",
"127",
"122",
"126",
"112",
"92",
"96",
"117",
"99",
"121",
"119",
"114",
"113",
"106",
"102",
"144",
"145",
"143",
"151",
"133",
"153",
"177",
"174",
"184",
"182",
"181",
"200",
"202",
"209",
"228",
"263",
"239",
"229",
"239",
"242",
"254",
"221",
"260",
"229",
"208",
"198",
"212",
"182",
"197",
"160",
"177",
"163",
"154",
"127",
"113",
"121",
"128",
"96",
"137",
"111",
"100",
"115",
"102",
"94",
"81",
"87",
"103",
"98",
"91",
"103",
"84",
"106",
"93",
"88",
"105",
"99",
"90",
"91",
"97",
"93",
"107",
"95",
"75",
"102",
"99",
"74",
"109",
"77",
"98",
"112",
"88",
"110",
"102",
"88",
"106",
"117",
"120",
"115",
"144",
"130",
"122",
"142",
"168",
"156",
"193",
"173",
"183",
"227",
"233",
"215",
"197",
"283",
"271",
"234",
"248",
"303",
"331",
"303",
"309",
"330",
"345",
"334",
"366",
"387",
"380",
"430",
"382",
"450",
"448",
"457",
"470",
"545",
"537",
"521",
"539",
"515",
"557",
"582",
"578",
"623",
"644",
"563",
"637",
"624",
"731",
"706",
"863",
"1033",
"1079",
"1214",
"1457",
"1675",
"2033",
"2279",
"2737",
"2936",
"3477",
"3663",
"4125",
"4601",
"5000",
"5239",
"5871",
"6080",
"6553",
"6346",
"6742",
"7016",
"7055",
"6877",
"7011",
"6870",
"6605",
"6208",
"5959",
"5708",
"5500",
"4743",
"4580",
"4349",
"3735",
"3202",
"3072",
"2723",
"2488",
"2062",
"1760",
"1665",
"1531",
"1341",
"1146",
"1024",
"997",
"825",
"841",
"713",
"690",
"663",
"584",
"577",
"588",
"519",
"504",
"525",
"495",
"456",
"475",
"424",
"475",
"406",
"444",
"370",
"361",
"344",
"339",
"310",
"286",
"265",
"280",
"234",
"236",
"184",
"175",
"174",
"154",
"150",
"146",
"134",
"156",
"130",
"99",
"90",
"126",
"99",
"92",
"129",
"113",
"88",
"105",
"104",
"113",
"95",
"111",
"115",
"109",
"94",
"99",
"109",
"84",
"86",
"81",
"90",
"104",
"103",
"77",
"103",
"87",
"107",
"80",
"88",
"87",
"68",
"78",
"78",
"60",
"67",
"72",
"76",
"66",
"80",
"75",
"74",
"70",
"81",
"77",
"85",
"73",
"76",
"60",
"81",
"63",
"60",
"69",
"64",
"61",
"84",
"82",
"80",
"75",
"60",
"64",
"78",
"75",
"67",
"60",
"61",
"66",
"68",
"53",
"83",
"77",
"83",
"69",
"60",
"69",
"66",
"60",
"67",
"69",
"57",
"69",
"77",
"80",
"66",
"78",
"72",
"74",
"58",
"65",
"67",
"78",
"69",
"61",
"68",
"59",
"80",
"91",
"84",
"78",
"60",
"83",
"91",
"88",
"85",
"94",
"82",
"99",
"104",
"81",
"96",
"108",
"100",
"107",
"100",
"115",
"133",
"89",
"118",
"111",
"106",
"116",
"72",
"116",
"94",
"104",
"78",
"90",
"122",
"122",
"108",
"102",
"85",
"103",
"121",
"97",
"138",
"120",
"155",
"150",
"174",
"175",
"201",
"249",
"288",
"298",
"345",
"369",
"439",
"483",
"527",
"582",
"689",
"703",
"799",
"842",
"904",
"973",
"961",
"1039",
"992",
"1015",
"1019",
"1091",
"967",
"976",
"1009",
"973",
"899",
"858",
"916",
"787",
"724",
"681",
"726",
"546",
"557",
"458",
"446",
"420",
"344",
"329",
"308",
"297",
"262",
"255",
"262",
"232",
"261",
"258",
"240",
"308",
"253",
"276",
"256",
"322",
"303",
"324",
"361",
"318",
"361",
"370",
"345",
"388",
"355",
"393",
"368",
"358",
"348",
"355",
"283",
"346",
"317",
"280",
"265",
"296",
"247",
"244",
"236",
"178",
"191",
"173",
"160",
"151",
"151",
"116",
"131",
"116",
"111",
"83",
"93",
"89",
"71",
"70",
"82",
"72",
"50",
"53",
"70",
"65",
"58",
"71",
"59",
"66",
"53",
"68",
"74",
"70",
"60",
"64",
"72",
"77",
"63",
"71",
"86",
"84",
"73",
"73",
"84",
"91",
"102",
"97",
"89",
"89",
"72",
"89",
"84",
"96",
"83",
"88",
"94",
"86",
"91",
"76",
"87",
"88",
"84",
"82",
"65",
"71",
"47",
"71",
"66",
"81",
"55",
"55",
"73",
"62",
"37",
"46",
"51",
"65",
"57",
"67",
"60",
"47",
"45",
"63",
"62",
"49",
"60",
"65",
"44",
"51",
"52",
"46",
"60",
"54",
"59",
"63",
"46",
"37",
"40",
"52",
"57",
"53",
"50",
"39",
"63",
"40",
"51",
"46",
"46",
"49",
"52",
"47",
"50",
"61",
"48",
"49",
"51",
"54",
"41",
"54",
"49",
"45",
"50",
"52",
"53",
"58",
"55",
"65",
"49",
"49",
"45",
"46",
"53",
"54",
"38",
"53",
"49",
"61",
"61",
"49",
"47",
"50",
"53",
"50",
"46",
"54",
"50",
"47",
"35",
"54",
"54",
"45",
"57",
"50",
"53",
"46",
"58",
"52",
"38",
"42",
"43",
"42",
"41",
"45",
"54",
"58",
"46",
"63",
"57",
"38",
"40",
"61",
"42",
"53",
"32",
"49",
"46",
"46",
"44",
"46",
"42",
"44",
"46",
"44",
"44",
"42",
"46",
"42",
"59",
"39",
"46",
"54",
"48",
"45",
"59",
"48",
"55",
"49",
"42",
"38",
"59",
"47",
"50",
"58",
"55",
"53",
"81",
"49",
"66",
"54",
"51",
"43",
"41",
"42",
"58",
"42",
"70",
"44",
"42",
"64",
"40",
"50",
"61",
"61",
"62",
"46",
"45",
"47",
"54",
"57",
"52",
"49",
"54",
"50",
"41",
"61",
"65",
"57",
"62",
"58",
"66",
"62",
"42",
"64",
"52",
"50",
"54",
"59",
"53",
"67",
"55",
"69",
"64",
"66",
"59",
"58",
"65",
"72",
"50",
"54",
"70",
"53",
"57",
"58",
"46",
"42",
"45",
"59",
"60",
"61",
"62",
"53",
"69",
"60",
"64",
"64",
"80",
"72",
"70",
"67",
"82",
"63",
"46",
"69",
"70",
"76",
"67",
"68",
"70",
"73",
"71",
"78",
"89",
"100",
"90",
"83",
"83",
"91",
"80",
"103",
"116",
"89",
"89",
"109",
"117",
"130",
"116",
"100",
"126",
"115",
"142",
"141",
"142",
"138",
"138",
"171",
"168",
"187",
"176",
"154",
"188",
"174",
"185",
"184",
"233",
"219",
"223",
"228",
"219",
"241",
"249",
"256",
"266",
"280",
"242",
"254",
"314",
"302",
"275",
"278",
"271",
"306",
"272",
"300",
"312",
"306",
"288",
"311",
"290",
"288",
"252",
"276",
"264",
"294",
"290",
"263",
"276",
"232",
"263",
"269",
"218",
"287",
"213",
"238",
"227",
"234",
"193",
"197",
"204",
"197",
"201",
"181",
"189",
"180",
"168",
"144",
"163",
"152",
"144",
"99",
"133",
"126",
"136",
"105",
"103",
"113",
"109",
"92",
"86",
"91",
"100",
"76",
"96",
"97",
"85",
"82",
"98",
"76",
"55",
"75",
"92",
"78",
"83",
"66",
"78",
"85",
"95",
"75",
"105",
"108",
"99",
"103",
"115",
"120",
"123",
"148",
"131",
"122",
"150",
"175",
"187",
"179",
"210",
"196",
"216",
"245",
"223",
"244",
"265",
"267",
"260",
"255",
"267",
"278",
"266",
"252",
"269",
"268",
"251",
"267",
"270",
"253",
"220",
"222",
"216",
"190",
"204",
"190",
"177",
"157",
"163",
"164",
"128",
"128",
"136",
"114",
"91",
"95",
"71",
"70",
"69",
"73",
"64",
"54",
"49",
"45",
"41",
"44",
"52",
"38",
"42",
"24114",
"Channel_info_start",
"Channel : Mg",
"Points : 0",
"Range : 0.000000 - 0.000000",
"Step : 0.010000",
"Channel_info_end",
"Channel_info_start",
"Channel : Al",
"Points : 0",
"Range : 0.000000 - 0.000000",
"Step : 0.010000",
"Channel_info_end",
"Channel_info_start",
"Channel : Si",
"Points : 0",
"Range : 0.000000 - 0.000000",
"Step : 0.010000",
"Channel_info_end",
"Channel_info_start",
"Channel : P ",
"Points : 0",
"Range : 0.000000 - 0.000000",
"Step : 0.010000",
"Channel_info_end",
"Channel_info_start",
"Channel : S ",
"Points : 0",
"Range : 0.000000 - 0.000000",
"Step : 0.010000",
"Channel_info_end",
"Channel_info_start",
"Channel : Cl",
"Points : 0",
"Range : 0.000000 - 0.000000",
"Step : 0.010000",
"Channel_info_end",
"Channel_info_start",
"Channel : K ",
"Points : 0",
"Range : 0.000000 - 0.000000",
"Step : 0.010000",
"Channel_info_end",
"Channel_info_start",
"Channel : Ca",
"Points : 0",
"Range : 0.000000 - 0.000000",
"Step : 0.010000",
"Channel_info_end",
"Channel_info_start",
"Channel : Ti",
"Points : 0",
"Range : 0.000000 - 0.000000",
"Step : 0.010000",
"Channel_info_end",
"Channel_info_start",
"Channel : V ",
"Points : 0",
"Range : 0.000000 - 0.000000",
"Step : 0.010000",
"Channel_info_end",
"Channel_info_start",
"Channel : Cr",
"Points : 0",
"Range : 0.000000 - 0.000000",
"Step : 0.010000",
"Channel_info_end",
"Channel_info_start",
"Channel : Mn",
"Points : 0",
"Range : 0.000000 - 0.000000",
"Step : 0.010000",
"Channel_info_end",
"Channel_info_start",
"Channel : Fe",
"Points : 0",
"Range : 0.000000 - 0.000000",
"Step : 0.010000",
"Channel_info_end",
"Channel_info_start",
"Channel : Cu",
"Points : 0",
"Range : 0.000000 - 0.000000",
"Step : 0.010000",
"Channel_info_end",
"Channel_info_start",
"Channel : Zn",
"Points : 0",
"Range : 0.000000 - 0.000000",
"Step : 0.010000",
"Channel_info_end",
"Channel_info_start",
"Channel : Sr",
"Points : 0",
"Range : 0.000000 - 0.000000",
"Step : 0.010000",
"Channel_info_end",
"Channel_info_start",
"Channel : Pb",
"Points : 0",
"Range : 0.000000 - 0.000000",
"Step : 0.010000",
"Channel_info_end",
"",
"Qualitative Result",
"--------------------------------------------------------------------------------",
"Element :  P , Bi, Ru, Ca, Zn, Rh",
"",
"Peak List",
"--------------------------------------------------------------------------------",
"Channel               Line        keV     Net Int.(cps/uA)",
"--------------------------------------------------------------------------------",
"Na                    ----         0.66     0.026",
"                      ----         0.79     0.017",
"                      ----         1.90     0.086",
"                      P Ka         2.02     0.037",
"                      P Kb         2.20     0.045",
"                      BiMa         2.44     1.589",
"                      RuLb1        2.74     0.145",
"                      ----         3.20     0.061",
"                      CaKa         3.69     0.277",
"                      CaKb         4.01     0.040",
"                      ZnKa         8.64     0.038",
"                      BiLL         9.44     0.333",
"                      ZnKb         9.57     0.006",
"                      BiLa        10.84     5.931",
"                      ----        11.72     0.083",
"                      BiLb4       12.65     0.124",
"                      BiLb1       13.01     3.927",
"                      ----        13.43     0.097",
"                      BiLg1       15.21     0.554",
"                      BiLg2       15.66     0.171",
"                      RhKaC       19.20     0.144",
"                      ----        19.49     0.061",
"                      RhKa        20.05     0.139",
"--------------------------------------------------------------------------------",
"",
"Quantitative Result",
"--------------------------------------------------------------------------------",
"Analyte               Result             Std.Dev. Proc.-Calc. Line Intensity(cps/uA)",
"--------------------------------------------------------------------------------",
"====[No. 1 Layer]====< Layer1               >===============================",
"Layer1                   0.000 ug/cm2    -------- Flux       -------- --------",
