"Sample    : caf2_31496_t16",
"Operator  : americo",
"Comment  : ",
"Group     : kerr2007ag180cal_lt",
"Date       : 2011-04-11 18:17:03",
"",
"Mesurement Condition",
"------------------------------------------------------------------------------------",
"Instrument : 700HS2   Atmosphere : Vac.   Collimator : 10(mm)   Spin : No",
"------------------------------------------------------------------------------------",
"Analyte               TG kV   uA      FI Acq.(keV)  Anal.(keV)  Time(sec)     DT(%)",
"------------------------------------------------------------------------------------",
"Na                    Rh 50  500-Auto Al  0 - 20    0.8 - 1.2   Live -  179   15",
"",
"<Profile>",
"Channel_info_start",
"Channel : Na",
"Points : 2048",
"Range : 0.000000 - 20.480000",
"Step : 0.010000",
"Channel_info_end",
"0",
"0",
"0",
"0",
"0",
"0",
"0",
"0",
"0",
"0",
"0",
"0",
"0",
"0",
"0",
"0",
"0",
"0",
"0",
"0",
"0",
"0",
"0",
"0",
"0",
"0",
"0",
"0",
"0",
"2",
"13",
"31",
"29",
"26",
"25",
"29",
"26",
"27",
"34",
"25",
"35",
"32",
"28",
"29",
"26",
"26",
"29",
"27",
"28",
"24",
"30",
"29",
"37",
"23",
"24",
"33",
"30",
"30",
"23",
"27",
"25",
"27",
"23",
"25",
"24",
"36",
"38",
"27",
"30",
"32",
"25",
"21",
"30",
"26",
"29",
"23",
"29",
"23",
"26",
"30",
"23",
"22",
"21",
"30",
"29",
"22",
"30",
"35",
"21",
"28",
"29",
"28",
"39",
"29",
"35",
"26",
"24",
"30",
"36",
"22",
"37",
"35",
"24",
"30",
"28",
"30",
"23",
"28",
"30",
"30",
"25",
"24",
"33",
"40",
"24",
"34",
"35",
"22",
"30",
"35",
"34",
"33",
"28",
"30",
"40",
"36",
"27",
"34",
"28",
"29",
"41",
"35",
"28",
"26",
"41",
"29",
"25",
"30",
"29",
"28",
"34",
"19",
"36",
"34",
"33",
"33",
"47",
"31",
"35",
"46",
"36",
"41",
"28",
"35",
"34",
"31",
"33",
"20",
"32",
"44",
"39",
"40",
"39",
"43",
"69",
"54",
"62",
"89",
"80",
"109",
"128",
"114",
"109",
"124",
"134",
"152",
"106",
"144",
"121",
"104",
"117",
"114",
"85",
"107",
"91",
"113",
"131",
"137",
"181",
"217",
"257",
"294",
"301",
"382",
"326",
"389",
"390",
"398",
"372",
"368",
"313",
"277",
"222",
"208",
"204",
"179",
"113",
"118",
"104",
"85",
"56",
"62",
"67",
"58",
"50",
"49",
"59",
"47",
"40",
"67",
"71",
"60",
"66",
"74",
"78",
"70",
"67",
"92",
"62",
"53",
"54",
"48",
"54",
"55",
"51",
"68",
"35",
"40",
"36",
"37",
"27",
"36",
"23",
"41",
"39",
"36",
"37",
"30",
"39",
"41",
"36",
"36",
"41",
"49",
"31",
"31",
"38",
"57",
"23",
"39",
"38",
"42",
"34",
"48",
"44",
"52",
"35",
"51",
"47",
"52",
"37",
"60",
"49",
"40",
"40",
"49",
"51",
"55",
"38",
"60",
"42",
"53",
"65",
"60",
"54",
"52",
"57",
"55",
"71",
"63",
"59",
"64",
"64",
"79",
"72",
"95",
"78",
"79",
"71",
"94",
"85",
"93",
"83",
"104",
"73",
"100",
"92",
"121",
"128",
"109",
"133",
"116",
"113",
"126",
"148",
"126",
"158",
"165",
"140",
"171",
"155",
"168",
"145",
"194",
"150",
"156",
"182",
"169",
"164",
"147",
"158",
"152",
"170",
"173",
"169",
"179",
"184",
"171",
"204",
"185",
"187",
"228",
"182",
"222",
"224",
"223",
"217",
"261",
"278",
"298",
"313",
"423",
"500",
"703",
"882",
"1320",
"1771",
"2708",
"3666",
"5292",
"6983",
"9494",
"11319",
"14545",
"17380",
"20540",
"21941",
"24987",
"25455",
"26628",
"24934",
"24780",
"22776",
"20659",
"17380",
"15168",
"12554",
"9941",
"7166",
"5446",
"3903",
"2776",
"1798",
"1379",
"899",
"697",
"518",
"454",
"492",
"574",
"648",
"841",
"1012",
"1282",
"1500",
"1864",
"2209",
"2556",
"2799",
"3126",
"3065",
"3235",
"3225",
"3120",
"2980",
"2859",
"2377",
"2119",
"1659",
"1503",
"1110",
"907",
"682",
"502",
"374",
"251",
"194",
"142",
"118",
"80",
"61",
"77",
"61",
"60",
"50",
"50",
"49",
"37",
"38",
"37",
"61",
"56",
"51",
"55",
"49",
"54",
"53",
"62",
"74",
"50",
"59",
"79",
"80",
"64",
"77",
"85",
"83",
"84",
"79",
"89",
"103",
"78",
"82",
"97",
"101",
"79",
"81",
"99",
"97",
"104",
"85",
"74",
"83",
"95",
"92",
"93",
"84",
"65",
"96",
"80",
"84",
"81",
"69",
"79",
"76",
"77",
"68",
"100",
"52",
"80",
"83",
"63",
"84",
"74",
"62",
"79",
"71",
"80",
"73",
"65",
"65",
"56",
"66",
"73",
"64",
"67",
"61",
"70",
"50",
"53",
"59",
"61",
"68",
"54",
"52",
"71",
"67",
"66",
"56",
"65",
"60",
"59",
"61",
"59",
"72",
"60",
"63",
"72",
"66",
"57",
"60",
"78",
"57",
"66",
"56",
"64",
"50",
"86",
"80",
"60",
"57",
"79",
"67",
"93",
"68",
"71",
"60",
"85",
"81",
"62",
"92",
"63",
"82",
"77",
"58",
"70",
"69",
"82",
"74",
"78",
"79",
"70",
"69",
"76",
"72",
"72",
"78",
"55",
"77",
"85",
"67",
"77",
"76",
"82",
"76",
"78",
"81",
"79",
"86",
"94",
"82",
"93",
"86",
"86",
"76",
"87",
"66",
"90",
"78",
"93",
"74",
"107",
"93",
"109",
"95",
"99",
"92",
"119",
"107",
"99",
"111",
"91",
"113",
"110",
"109",
"106",
"106",
"112",
"108",
"87",
"103",
"104",
"119",
"122",
"115",
"111",
"133",
"134",
"125",
"129",
"128",
"121",
"130",
"119",
"148",
"142",
"134",
"133",
"147",
"141",
"128",
"138",
"122",
"132",
"146",
"149",
"134",
"150",
"152",
"131",
"193",
"134",
"162",
"156",
"138",
"170",
"153",
"186",
"171",
"187",
"154",
"178",
"150",
"160",
"178",
"164",
"145",
"128",
"159",
"154",
"154",
"149",
"129",
"151",
"128",
"144",
"129",
"177",
"158",
"160",
"153",
"148",
"132",
"173",
"155",
"141",
"154",
"131",
"169",
"153",
"145",
"168",
"174",
"165",
"158",
"176",
"141",
"172",
"143",
"150",
"167",
"173",
"156",
"165",
"156",
"165",
"186",
"165",
"193",
"187",
"183",
"182",
"156",
"178",
"137",
"177",
"203",
"183",
"182",
"184",
"198",
"178",
"179",
"161",
"197",
"208",
"180",
"181",
"180",
"195",
"199",
"164",
"185",
"193",
"186",
"171",
"199",
"190",
"204",
"202",
"172",
"183",
"186",
"167",
"172",
"200",
"181",
"150",
"169",
"157",
"168",
"164",
"167",
"186",
"163",
"172",
"167",
"167",
"177",
"195",
"174",
"173",
"183",
"178",
"163",
"187",
"177",
"158",
"180",
"161",
"150",
"157",
"172",
"152",
"165",
"161",
"156",
"148",
"148",
"149",
"201",
"180",
"149",
"173",
"139",
"156",
"140",
"141",
"146",
"147",
"169",
"158",
"162",
"153",
"159",
"182",
"162",
"174",
"159",
"178",
"173",
"172",
"168",
"171",
"165",
"187",
"163",
"163",
"186",
"179",
"175",
"195",
"194",
"203",
"206",
"214",
"224",
"205",
"244",
"248",
"273",
"297",
"322",
"309",
"355",
"356",
"395",
"407",
"424",
"457",
"461",
"484",
"463",
"530",
"483",
"488",
"463",
"508",
"482",
"439",
"410",
"422",
"368",
"332",
"295",
"303",
"260",
"241",
"238",
"242",
"235",
"230",
"219",
"197",
"213",
"193",
"205",
"169",
"177",
"176",
"174",
"187",
"170",
"175",
"162",
"191",
"187",
"199",
"183",
"221",
"198",
"175",
"187",
"206",
"216",
"255",
"215",
"247",
"265",
"265",
"230",
"289",
"257",
"273",
"276",
"265",
"251",
"230",
"264",
"254",
"234",
"223",
"198",
"231",
"187",
"158",
"209",
"184",
"205",
"163",
"161",
"165",
"177",
"148",
"174",
"170",
"160",
"154",
"177",
"167",
"169",
"172",
"159",
"170",
"154",
"144",
"175",
"145",
"174",
"178",
"165",
"157",
"167",
"162",
"144",
"194",
"163",
"171",
"163",
"203",
"146",
"159",
"173",
"179",
"176",
"176",
"205",
"222",
"178",
"209",
"234",
"238",
"242",
"250",
"269",
"292",
"239",
"301",
"332",
"337",
"323",
"355",
"307",
"340",
"355",
"370",
"358",
"355",
"296",
"312",
"340",
"288",
"291",
"282",
"274",
"268",
"248",
"229",
"249",
"230",
"224",
"228",
"246",
"236",
"204",
"204",
"203",
"230",
"225",
"216",
"253",
"242",
"221",
"245",
"213",
"247",
"214",
"234",
"231",
"236",
"229",
"207",
"214",
"175",
"199",
"176",
"173",
"186",
"182",
"175",
"193",
"193",
"165",
"182",
"162",
"189",
"139",
"152",
"175",
"168",
"161",
"152",
"161",
"183",
"167",
"150",
"175",
"168",
"170",
"148",
"167",
"151",
"165",
"152",
"123",
"158",
"172",
"165",
"165",
"171",
"168",
"173",
"158",
"154",
"133",
"165",
"179",
"181",
"171",
"150",
"169",
"180",
"150",
"167",
"167",
"183",
"158",
"149",
"162",
"170",
"150",
"154",
"169",
"152",
"149",
"163",
"157",
"159",
"167",
"183",
"167",
"184",
"164",
"162",
"176",
"170",
"153",
"148",
"190",
"172",
"155",
"153",
"169",
"163",
"172",
"159",
"188",
"160",
"175",
"209",
"184",
"169",
"167",
"176",
"157",
"170",
"178",
"180",
"163",
"175",
"189",
"192",
"165",
"169",
"174",
"167",
"157",
"177",
"183",
"199",
"197",
"193",
"170",
"174",
"187",
"201",
"173",
"206",
"204",
"195",
"193",
"211",
"186",
"195",
"182",
"192",
"155",
"187",
"173",
"180",
"177",
"172",
"147",
"173",
"169",
"173",
"157",
"190",
"160",
"164",
"169",
"171",
"152",
"172",
"125",
"158",
"160",
"158",
"181",
"141",
"177",
"180",
"172",
"186",
"170",
"169",
"168",
"187",
"194",
"143",
"191",
"152",
"162",
"162",
"176",
"160",
"163",
"191",
"172",
"165",
"130",
"163",
"145",
"159",
"184",
"143",
"133",
"137",
"165",
"152",
"159",
"157",
"153",
"145",
"123",
"163",
"161",
"164",
"160",
"156",
"162",
"180",
"181",
"169",
"152",
"130",
"162",
"152",
"133",
"131",
"136",
"146",
"138",
"150",
"143",
"148",
"143",
"147",
"145",
"121",
"177",
"142",
"158",
"162",
"146",
"141",
"132",
"161",
"134",
"129",
"150",
"180",
"136",
"161",
"120",
"178",
"146",
"157",
"153",
"155",
"150",
"140",
"146",
"177",
"144",
"138",
"133",
"156",
"133",
"151",
"143",
"123",
"142",
"159",
"167",
"153",
"156",
"147",
"145",
"151",
"157",
"155",
"144",
"147",
"143",
"131",
"153",
"153",
"138",
"144",
"126",
"116",
"162",
"137",
"143",
"123",
"177",
"167",
"122",
"150",
"149",
"152",
"152",
"136",
"137",
"124",
"130",
"147",
"142",
"139",
"137",
"175",
"151",
"172",
"142",
"132",
"142",
"162",
"137",
"143",
"149",
"149",
"174",
"115",
"138",
"147",
"140",
"131",
"144",
"155",
"141",
"134",
"139",
"154",
"139",
"134",
"143",
"136",
"139",
"157",
"155",
"145",
"155",
"157",
"144",
"138",
"150",
"150",
"144",
"137",
"111",
"148",
"140",
"144",
"127",
"157",
"144",
"133",
"130",
"142",
"133",
"158",
"138",
"151",
"148",
"155",
"132",
"151",
"137",
"154",
"137",
"153",
"133",
"147",
"139",
"165",
"149",
"129",
"139",
"169",
"136",
"151",
"134",
"138",
"122",
"119",
"146",
"130",
"150",
"152",
"154",
"132",
"136",
"153",
"142",
"146",
"148",
"157",
"127",
"134",
"144",
"123",
"152",
"153",
"157",
"140",
"132",
"128",
"157",
"133",
"134",
"156",
"138",
"136",
"137",
"147",
"120",
"154",
"114",
"143",
"125",
"167",
"122",
"130",
"129",
"110",
"137",
"111",
"145",
"130",
"130",
"157",
"118",
"136",
"127",
"130",
"120",
"126",
"128",
"147",
"129",
"133",
"117",
"134",
"137",
"131",
"128",
"130",
"125",
"130",
"140",
"121",
"123",
"136",
"133",
"146",
"133",
"158",
"130",
"126",
"152",
"150",
"134",
"146",
"133",
"152",
"137",
"115",
"149",
"121",
"116",
"110",
"138",
"134",
"148",
"131",
"124",
"147",
"126",
"128",
"131",
"127",
"137",
"127",
"132",
"162",
"125",
"133",
"117",
"131",
"118",
"125",
"128",
"128",
"133",
"117",
"132",
"132",
"123",
"126",
"131",
"125",
"133",
"130",
"114",
"131",
"126",
"143",
"134",
"116",
"114",
"123",
"117",
"138",
"125",
"132",
"128",
"148",
"124",
"133",
"137",
"159",
"129",
"109",
"128",
"108",
"123",
"117",
"129",
"99",
"131",
"114",
"140",
"124",
"116",
"139",
"124",
"131",
"119",
"125",
"119",
"130",
"111",
"122",
"127",
"110",
"118",
"116",
"137",
"110",
"102",
"104",
"112",
"140",
"116",
"122",
"126",
"127",
"115",
"108",
"147",
"127",
"119",
"108",
"146",
"140",
"104",
"107",
"126",
"103",
"124",
"144",
"117",
"127",
"99",
"108",
"117",
"131",
"117",
"111",
"124",
"106",
"111",
"115",
"119",
"112",
"95",
"118",
"119",
"127",
"123",
"104",
"127",
"120",
"104",
"117",
"128",
"113",
"102",
"122",
"112",
"118",
"107",
"131",
"102",
"118",
"119",
"122",
"106",
"120",
"109",
"120",
"127",
"125",
"85",
"95",
"103",
"103",
"83",
"119",
"89",
"107",
"114",
"130",
"113",
"110",
"102",
"112",
"113",
"125",
"108",
"130",
"110",
"110",
"110",
"136",
"122",
"131",
"96",
"106",
"122",
"126",
"114",
"118",
"139",
"111",
"110",
"101",
"103",
"111",
"127",
"93",
"106",
"113",
"98",
"110",
"101",
"112",
"101",
"100",
"110",
"109",
"112",
"109",
"108",
"118",
"103",
"100",
"115",
"117",
"92",
"114",
"103",
"121",
"116",
"122",
"117",
"98",
"119",
"99",
"117",
"98",
"102",
"113",
"102",
"139",
"102",
"114",
"98",
"106",
"113",
"98",
"115",
"136",
"104",
"100",
"92",
"110",
"102",
"106",
"112",
"106",
"86",
"107",
"100",
"93",
"84",
"102",
"123",
"139",
"101",
"95",
"98",
"123",
"92",
"107",
"118",
"104",
"95",
"113",
"100",
"112",
"99",
"113",
"94",
"103",
"104",
"102",
"95",
"96",
"92",
"114",
"110",
"120",
"96",
"103",
"113",
"98",
"108",
"95",
"103",
"104",
"92",
"118",
"95",
"108",
"122",
"80",
"99",
"102",
"99",
"116",
"89",
"91",
"115",
"113",
"104",
"102",
"88",
"88",
"98",
"100",
"97",
"101",
"113",
"114",
"123",
"91",
"99",
"96",
"97",
"103",
"100",
"103",
"102",
"98",
"113",
"109",
"107",
"104",
"103",
"102",
"91",
"98",
"104",
"104",
"100",
"84",
"97",
"127",
"87",
"107",
"116",
"117",
"120",
"97",
"113",
"93",
"106",
"101",
"103",
"107",
"87",
"100",
"103",
"114",
"93",
"111",
"101",
"102",
"107",
"95",
"104",
"103",
"109",
"101",
"104",
"120",
"89",
"111",
"104",
"98",
"84",
"96",
"112",
"110",
"88",
"110",
"103",
"103",
"98",
"121",
"99",
"109",
"114",
"116",
"123",
"97",
"98",
"116",
"104",
"97",
"93",
"77",
"103",
"89",
"102",
"111",
"144",
"107",
"99",
"97",
"122",
"106",
"85",
"117",
"87",
"126",
"119",
"131",
"98",
"114",
"118",
"129",
"102",
"108",
"100",
"97",
"116",
"99",
"121",
"119",
"124",
"139",
"108",
"123",
"118",
"143",
"128",
"101",
"121",
"121",
"103",
"116",
"123",
"121",
"120",
"128",
"109",
"119",
"120",
"136",
"126",
"118",
"134",
"116",
"120",
"122",
"134",
"141",
"138",
"136",
"125",
"111",
"144",
"132",
"168",
"134",
"126",
"142",
"157",
"152",
"149",
"153",
"152",
"169",
"165",
"152",
"139",
"158",
"173",
"167",
"178",
"134",
"156",
"163",
"171",
"195",
"185",
"181",
"167",
"214",
"236",
"211",
"207",
"230",
"232",
"247",
"244",
"253",
"282",
"281",
"278",
"289",
"311",
"308",
"312",
"313",
"399",
"371",
"374",
"377",
"416",
"418",
"412",
"424",
"465",
"473",
"474",
"494",
"538",
"553",
"520",
"555",
"650",
"632",
"609",
"609",
"630",
"650",
"679",
"703",
"757",
"746",
"712",
"703",
"751",
"748",
"719",
"724",
"811",
"737",
"763",
"772",
"763",
"761",
"775",
"733",
"687",
"718",
"657",
"672",
"750",
"657",
"656",
"620",
"690",
"622",
"593",
"549",
"613",
"544",
"565",
"552",
"503",
"503",
"487",
"473",
"472",
"398",
"389",
"413",
"426",
"361",
"361",
"318",
"344",
"312",
"321",
"288",
"301",
"293",
"235",
"231",
"236",
"248",
"231",
"221",
"213",
"213",
"203",
"189",
"183",
"169",
"186",
"168",
"201",
"153",
"186",
"204",
"172",
"169",
"149",
"146",
"191",
"154",
"184",
"183",
"183",
"195",
"174",
"197",
"211",
"206",
"203",
"228",
"261",
"225",
"268",
"274",
"266",
"308",
"275",
"288",
"319",
"291",
"291",
"301",
"306",
"331",
"298",
"298",
"336",
"322",
"299",
"289",
"285",
"308",
"264",
"245",
"261",
"281",
"238",
"219",
"216",
"195",
"182",
"188",
"185",
"164",
"158",
"118",
"132",
"123",
"134",
"103",
"127",
"121",
"108",
"88",
"102",
"92",
"80",
"87",
"80",
"86",
"83",
"50455",
"Channel_info_start",
"Channel : Mg",
"Points : 0",
"Range : 0.000000 - 0.000000",
"Step : 0.010000",
"Channel_info_end",
"Channel_info_start",
"Channel : Al",
"Points : 0",
"Range : 0.000000 - 0.000000",
"Step : 0.010000",
"Channel_info_end",
"Channel_info_start",
"Channel : Si",
"Points : 0",
"Range : 0.000000 - 0.000000",
"Step : 0.010000",
"Channel_info_end",
"Channel_info_start",
"Channel : P ",
"Points : 0",
"Range : 0.000000 - 0.000000",
"Step : 0.010000",
"Channel_info_end",
"Channel_info_start",
"Channel : S ",
"Points : 0",
"Range : 0.000000 - 0.000000",
"Step : 0.010000",
"Channel_info_end",
"Channel_info_start",
"Channel : Cl",
"Points : 0",
"Range : 0.000000 - 0.000000",
"Step : 0.010000",
"Channel_info_end",
"Channel_info_start",
"Channel : K ",
"Points : 0",
"Range : 0.000000 - 0.000000",
"Step : 0.010000",
"Channel_info_end",
"Channel_info_start",
"Channel : Ca",
"Points : 0",
"Range : 0.000000 - 0.000000",
"Step : 0.010000",
"Channel_info_end",
"Channel_info_start",
"Channel : Ti",
"Points : 0",
"Range : 0.000000 - 0.000000",
"Step : 0.010000",
"Channel_info_end",
"Channel_info_start",
"Channel : V ",
"Points : 0",
"Range : 0.000000 - 0.000000",
"Step : 0.010000",
"Channel_info_end",
"Channel_info_start",
"Channel : Cr",
"Points : 0",
"Range : 0.000000 - 0.000000",
"Step : 0.010000",
"Channel_info_end",
"Channel_info_start",
"Channel : Mn",
"Points : 0",
"Range : 0.000000 - 0.000000",
"Step : 0.010000",
"Channel_info_end",
"Channel_info_start",
"Channel : Fe",
"Points : 0",
"Range : 0.000000 - 0.000000",
"Step : 0.010000",
"Channel_info_end",
"Channel_info_start",
"Channel : Cu",
"Points : 0",
"Range : 0.000000 - 0.000000",
"Step : 0.010000",
"Channel_info_end",
"Channel_info_start",
"Channel : Zn",
"Points : 0",
"Range : 0.000000 - 0.000000",
"Step : 0.010000",
"Channel_info_end",
"Channel_info_start",
"Channel : Sr",
"Points : 0",
"Range : 0.000000 - 0.000000",
"Step : 0.010000",
"Channel_info_end",
"Channel_info_start",
"Channel : Pb",
"Points : 0",
"Range : 0.000000 - 0.000000",
"Step : 0.010000",
"Channel_info_end",
"",
"Qualitative Result",
"--------------------------------------------------------------------------------",
"Element :  Ta, P , Ca, Zn, Ru",
"",
"Peak List",
"--------------------------------------------------------------------------------",
"Channel               Line        keV     Net Int.(cps/uA)",
"--------------------------------------------------------------------------------",
"Na                    TaMa         1.74     0.014",
"                      P Ka         1.96     0.048",
"                      CaKa         3.68     3.978",
"                      CaKb         4.02     0.489",
"                      TaLa         8.14     0.065",
"                      ZnKa         8.62     0.021",
"                      TaLb1        9.34     0.039",
"                      RuKa        19.24     0.134",
"                      ----        20.01     0.038",
"--------------------------------------------------------------------------------",
"",
"Quantitative Result",
"--------------------------------------------------------------------------------",
"Analyte               Result             Std.Dev. Proc.-Calc. Line Intensity(cps/uA)",
"--------------------------------------------------------------------------------",
"====[No. 1 Layer]====< Layer1               >===============================",
"Layer1                   0.000 ug/cm2    -------- Flux       -------- --------",
