"Sample    : csbr_15760_t16",
"Operator  : americo",
"Comment  : ",
"Group     : kerr2007ag180cal_lt",
"Date       : 2011-04-11 19:36:14",
"",
"Mesurement Condition",
"------------------------------------------------------------------------------------",
"Instrument : 700HS2   Atmosphere : Vac.   Collimator : 10(mm)   Spin : No",
"------------------------------------------------------------------------------------",
"Analyte               TG kV   uA      FI Acq.(keV)  Anal.(keV)  Time(sec)     DT(%)",
"------------------------------------------------------------------------------------",
"Na                    Rh 50  237-Auto Al  0 - 20    0.8 - 1.2   Live -  179   15",
"",
"<Profile>",
"Channel_info_start",
"Channel : Na",
"Points : 2048",
"Range : 0.000000 - 20.480000",
"Step : 0.010000",
"Channel_info_end",
"0",
"0",
"0",
"0",
"0",
"0",
"0",
"0",
"0",
"0",
"0",
"0",
"0",
"0",
"0",
"0",
"0",
"0",
"0",
"0",
"0",
"0",
"0",
"0",
"0",
"0",
"0",
"0",
"0",
"1",
"11",
"27",
"27",
"23",
"25",
"23",
"30",
"33",
"30",
"20",
"27",
"21",
"41",
"28",
"26",
"28",
"39",
"31",
"23",
"41",
"35",
"33",
"30",
"37",
"14",
"23",
"38",
"23",
"31",
"23",
"29",
"29",
"16",
"27",
"22",
"30",
"22",
"23",
"18",
"22",
"22",
"25",
"23",
"25",
"18",
"28",
"25",
"32",
"16",
"23",
"24",
"12",
"26",
"14",
"17",
"21",
"22",
"29",
"23",
"33",
"26",
"33",
"18",
"23",
"23",
"21",
"26",
"35",
"28",
"25",
"30",
"29",
"21",
"23",
"25",
"35",
"31",
"24",
"27",
"21",
"29",
"29",
"18",
"17",
"23",
"18",
"28",
"22",
"23",
"14",
"32",
"30",
"27",
"34",
"36",
"34",
"46",
"42",
"43",
"49",
"59",
"56",
"50",
"49",
"53",
"56",
"48",
"48",
"59",
"101",
"108",
"184",
"189",
"282",
"312",
"426",
"468",
"534",
"578",
"609",
"596",
"667",
"585",
"555",
"457",
"381",
"338",
"304",
"219",
"193",
"156",
"121",
"107",
"73",
"62",
"54",
"48",
"47",
"39",
"47",
"25",
"35",
"37",
"46",
"38",
"32",
"35",
"41",
"37",
"35",
"35",
"30",
"27",
"36",
"33",
"44",
"39",
"21",
"31",
"25",
"34",
"41",
"41",
"41",
"53",
"38",
"48",
"57",
"62",
"52",
"67",
"67",
"65",
"63",
"62",
"55",
"41",
"48",
"42",
"30",
"31",
"28",
"20",
"16",
"28",
"20",
"18",
"18",
"18",
"30",
"21",
"24",
"22",
"33",
"18",
"31",
"34",
"33",
"23",
"33",
"29",
"32",
"39",
"34",
"23",
"21",
"32",
"24",
"25",
"29",
"30",
"31",
"30",
"40",
"39",
"36",
"31",
"44",
"68",
"56",
"68",
"67",
"98",
"80",
"75",
"77",
"66",
"62",
"59",
"60",
"65",
"43",
"39",
"36",
"33",
"39",
"29",
"29",
"33",
"37",
"35",
"34",
"38",
"35",
"34",
"30",
"31",
"32",
"42",
"44",
"38",
"42",
"47",
"59",
"41",
"57",
"52",
"62",
"57",
"64",
"51",
"46",
"46",
"57",
"46",
"45",
"50",
"43",
"32",
"37",
"38",
"32",
"32",
"36",
"25",
"30",
"36",
"38",
"28",
"27",
"24",
"29",
"36",
"39",
"35",
"33",
"40",
"36",
"33",
"33",
"30",
"32",
"33",
"34",
"27",
"25",
"22",
"40",
"23",
"28",
"27",
"23",
"42",
"38",
"38",
"22",
"24",
"36",
"28",
"34",
"34",
"30",
"26",
"35",
"36",
"40",
"35",
"33",
"28",
"46",
"53",
"50",
"54",
"53",
"67",
"107",
"80",
"128",
"145",
"165",
"198",
"276",
"303",
"356",
"398",
"462",
"516",
"608",
"565",
"605",
"635",
"637",
"576",
"583",
"517",
"550",
"470",
"488",
"444",
"424",
"431",
"356",
"320",
"324",
"274",
"264",
"209",
"200",
"166",
"161",
"161",
"123",
"117",
"136",
"97",
"114",
"135",
"121",
"139",
"149",
"129",
"162",
"155",
"152",
"170",
"172",
"159",
"178",
"200",
"219",
"240",
"255",
"306",
"390",
"483",
"677",
"823",
"1097",
"1400",
"1940",
"2369",
"3081",
"3682",
"4427",
"5027",
"5816",
"6026",
"6902",
"6780",
"7182",
"6507",
"6549",
"5636",
"5225",
"4258",
"3630",
"2988",
"2459",
"1795",
"1359",
"956",
"742",
"559",
"392",
"347",
"276",
"270",
"323",
"345",
"466",
"554",
"766",
"996",
"1305",
"1587",
"2055",
"2403",
"2913",
"3088",
"3749",
"3736",
"4399",
"4290",
"4544",
"4364",
"4439",
"3835",
"3882",
"3373",
"3163",
"2683",
"2453",
"2096",
"1896",
"1601",
"1329",
"1192",
"994",
"799",
"746",
"630",
"550",
"506",
"541",
"466",
"571",
"615",
"690",
"755",
"933",
"859",
"1043",
"983",
"1153",
"1061",
"1085",
"1089",
"1021",
"837",
"830",
"671",
"601",
"494",
"419",
"327",
"292",
"219",
"213",
"168",
"140",
"143",
"142",
"136",
"121",
"138",
"168",
"170",
"198",
"213",
"260",
"351",
"368",
"381",
"439",
"486",
"527",
"552",
"600",
"590",
"657",
"524",
"576",
"513",
"489",
"375",
"364",
"314",
"282",
"240",
"184",
"175",
"162",
"146",
"160",
"154",
"199",
"163",
"232",
"229",
"311",
"280",
"313",
"314",
"355",
"329",
"358",
"359",
"314",
"274",
"331",
"255",
"233",
"219",
"191",
"179",
"159",
"139",
"122",
"115",
"131",
"103",
"121",
"98",
"92",
"69",
"83",
"84",
"85",
"82",
"57",
"57",
"69",
"41",
"64",
"47",
"51",
"55",
"54",
"61",
"47",
"57",
"55",
"54",
"65",
"66",
"56",
"56",
"52",
"66",
"53",
"56",
"75",
"57",
"67",
"61",
"66",
"74",
"67",
"60",
"89",
"61",
"75",
"68",
"74",
"72",
"70",
"75",
"82",
"89",
"83",
"85",
"88",
"90",
"87",
"80",
"85",
"86",
"89",
"99",
"71",
"100",
"91",
"104",
"106",
"86",
"82",
"116",
"105",
"94",
"108",
"103",
"91",
"115",
"94",
"100",
"100",
"91",
"105",
"107",
"114",
"80",
"81",
"98",
"118",
"95",
"106",
"94",
"85",
"105",
"117",
"95",
"99",
"99",
"101",
"103",
"95",
"101",
"99",
"99",
"94",
"103",
"114",
"102",
"109",
"109",
"101",
"115",
"109",
"107",
"136",
"108",
"112",
"109",
"125",
"114",
"102",
"122",
"111",
"106",
"124",
"84",
"125",
"115",
"104",
"122",
"142",
"112",
"121",
"104",
"104",
"106",
"109",
"92",
"107",
"103",
"87",
"88",
"98",
"119",
"89",
"94",
"101",
"81",
"100",
"89",
"99",
"89",
"78",
"76",
"94",
"92",
"81",
"76",
"83",
"83",
"97",
"67",
"82",
"98",
"79",
"81",
"104",
"91",
"81",
"78",
"89",
"98",
"89",
"94",
"72",
"84",
"88",
"82",
"97",
"97",
"86",
"101",
"97",
"77",
"101",
"88",
"85",
"81",
"85",
"111",
"124",
"99",
"100",
"86",
"94",
"88",
"93",
"107",
"94",
"105",
"94",
"90",
"103",
"98",
"83",
"93",
"93",
"114",
"81",
"105",
"99",
"100",
"95",
"99",
"93",
"93",
"112",
"97",
"119",
"91",
"117",
"112",
"104",
"111",
"100",
"94",
"111",
"104",
"111",
"104",
"110",
"148",
"112",
"114",
"105",
"114",
"156",
"107",
"113",
"121",
"117",
"116",
"113",
"127",
"123",
"114",
"136",
"106",
"122",
"118",
"108",
"102",
"109",
"106",
"104",
"108",
"98",
"85",
"84",
"99",
"92",
"111",
"104",
"108",
"108",
"105",
"99",
"122",
"106",
"93",
"88",
"114",
"128",
"110",
"101",
"129",
"120",
"112",
"105",
"103",
"121",
"116",
"122",
"110",
"140",
"119",
"101",
"130",
"130",
"115",
"162",
"148",
"140",
"150",
"152",
"149",
"153",
"165",
"147",
"162",
"177",
"137",
"154",
"158",
"144",
"150",
"115",
"135",
"135",
"138",
"132",
"128",
"112",
"124",
"116",
"106",
"106",
"107",
"113",
"103",
"140",
"103",
"101",
"114",
"109",
"97",
"108",
"113",
"124",
"107",
"117",
"116",
"84",
"93",
"122",
"110",
"112",
"105",
"122",
"114",
"116",
"106",
"112",
"106",
"108",
"122",
"114",
"105",
"122",
"104",
"104",
"103",
"118",
"81",
"105",
"104",
"113",
"116",
"127",
"94",
"106",
"104",
"99",
"109",
"111",
"99",
"116",
"106",
"122",
"120",
"98",
"123",
"117",
"90",
"75",
"94",
"106",
"102",
"108",
"117",
"113",
"112",
"100",
"100",
"119",
"104",
"100",
"126",
"111",
"88",
"107",
"113",
"91",
"89",
"108",
"103",
"109",
"94",
"112",
"100",
"109",
"88",
"115",
"89",
"104",
"92",
"89",
"102",
"94",
"81",
"105",
"92",
"89",
"87",
"97",
"103",
"104",
"98",
"92",
"88",
"107",
"86",
"108",
"85",
"100",
"78",
"101",
"98",
"117",
"102",
"88",
"87",
"86",
"103",
"114",
"101",
"95",
"86",
"100",
"104",
"102",
"98",
"106",
"104",
"108",
"82",
"103",
"103",
"117",
"73",
"102",
"97",
"98",
"84",
"111",
"99",
"119",
"100",
"114",
"111",
"98",
"102",
"98",
"97",
"114",
"101",
"101",
"87",
"104",
"113",
"88",
"80",
"97",
"98",
"111",
"104",
"106",
"99",
"114",
"97",
"100",
"102",
"95",
"106",
"116",
"91",
"113",
"113",
"104",
"63",
"99",
"79",
"105",
"107",
"123",
"93",
"111",
"93",
"95",
"99",
"131",
"92",
"106",
"112",
"104",
"73",
"111",
"101",
"91",
"110",
"101",
"88",
"114",
"90",
"92",
"129",
"122",
"93",
"97",
"87",
"110",
"103",
"97",
"116",
"97",
"97",
"91",
"92",
"105",
"97",
"110",
"112",
"109",
"116",
"112",
"103",
"91",
"98",
"89",
"82",
"101",
"97",
"118",
"116",
"120",
"103",
"108",
"103",
"100",
"100",
"115",
"102",
"116",
"92",
"85",
"111",
"103",
"109",
"119",
"106",
"106",
"114",
"91",
"102",
"87",
"116",
"91",
"103",
"119",
"105",
"105",
"130",
"110",
"112",
"115",
"103",
"104",
"95",
"104",
"121",
"116",
"97",
"102",
"115",
"145",
"130",
"154",
"123",
"98",
"113",
"127",
"115",
"155",
"137",
"141",
"175",
"197",
"198",
"252",
"307",
"367",
"447",
"559",
"646",
"853",
"1026",
"1237",
"1529",
"1849",
"2258",
"2744",
"3331",
"3920",
"4471",
"5152",
"5962",
"6737",
"7368",
"7928",
"9074",
"9700",
"9739",
"10532",
"10973",
"11373",
"11219",
"11369",
"11655",
"11417",
"10622",
"10249",
"9840",
"9296",
"8361",
"7996",
"7074",
"6480",
"5602",
"5159",
"4198",
"3672",
"3059",
"2575",
"2269",
"1898",
"1378",
"1179",
"953",
"771",
"611",
"485",
"388",
"324",
"233",
"212",
"196",
"166",
"130",
"119",
"129",
"122",
"93",
"116",
"100",
"103",
"100",
"100",
"97",
"122",
"105",
"98",
"102",
"113",
"102",
"82",
"102",
"114",
"92",
"89",
"95",
"117",
"103",
"94",
"109",
"95",
"85",
"89",
"105",
"101",
"95",
"104",
"108",
"101",
"90",
"97",
"122",
"122",
"94",
"82",
"83",
"98",
"88",
"82",
"102",
"99",
"102",
"81",
"108",
"93",
"91",
"104",
"104",
"90",
"88",
"91",
"88",
"102",
"100",
"90",
"121",
"89",
"110",
"113",
"113",
"118",
"109",
"106",
"121",
"118",
"123",
"126",
"117",
"118",
"102",
"143",
"131",
"160",
"151",
"142",
"172",
"191",
"189",
"275",
"277",
"295",
"356",
"417",
"495",
"542",
"598",
"717",
"751",
"894",
"903",
"1129",
"1227",
"1279",
"1344",
"1506",
"1649",
"1755",
"1589",
"1792",
"1766",
"1834",
"1745",
"1838",
"1719",
"1757",
"1557",
"1536",
"1476",
"1429",
"1299",
"1118",
"1098",
"1037",
"841",
"789",
"773",
"620",
"530",
"547",
"440",
"432",
"383",
"325",
"332",
"297",
"277",
"254",
"213",
"188",
"166",
"153",
"143",
"127",
"109",
"117",
"140",
"119",
"97",
"91",
"79",
"87",
"89",
"83",
"80",
"76",
"92",
"91",
"76",
"95",
"82",
"64",
"80",
"88",
"71",
"61",
"79",
"61",
"67",
"65",
"72",
"76",
"68",
"86",
"69",
"99",
"69",
"85",
"72",
"80",
"68",
"76",
"63",
"66",
"66",
"69",
"77",
"69",
"82",
"68",
"64",
"71",
"71",
"77",
"79",
"79",
"70",
"61",
"71",
"85",
"66",
"83",
"86",
"57",
"67",
"73",
"69",
"68",
"64",
"86",
"67",
"59",
"64",
"72",
"78",
"62",
"65",
"64",
"63",
"77",
"51",
"79",
"66",
"61",
"61",
"65",
"54",
"73",
"65",
"65",
"52",
"81",
"76",
"52",
"71",
"81",
"71",
"77",
"78",
"70",
"62",
"75",
"67",
"77",
"72",
"61",
"75",
"81",
"78",
"62",
"85",
"76",
"64",
"59",
"77",
"62",
"60",
"59",
"70",
"65",
"76",
"55",
"66",
"73",
"63",
"64",
"77",
"59",
"73",
"74",
"77",
"81",
"76",
"84",
"79",
"69",
"64",
"64",
"54",
"63",
"72",
"71",
"86",
"67",
"53",
"67",
"83",
"66",
"73",
"57",
"76",
"67",
"59",
"65",
"69",
"66",
"63",
"62",
"57",
"61",
"63",
"75",
"74",
"66",
"57",
"60",
"77",
"68",
"57",
"68",
"64",
"72",
"55",
"72",
"81",
"74",
"68",
"74",
"48",
"64",
"57",
"74",
"70",
"64",
"76",
"70",
"67",
"70",
"60",
"68",
"64",
"62",
"67",
"62",
"65",
"72",
"57",
"54",
"63",
"67",
"63",
"51",
"63",
"66",
"45",
"66",
"61",
"61",
"61",
"65",
"65",
"55",
"65",
"66",
"64",
"69",
"55",
"59",
"55",
"74",
"61",
"56",
"57",
"53",
"66",
"72",
"60",
"59",
"65",
"53",
"64",
"62",
"64",
"51",
"50",
"64",
"83",
"62",
"51",
"56",
"61",
"73",
"65",
"49",
"63",
"57",
"61",
"69",
"56",
"73",
"55",
"78",
"71",
"67",
"73",
"74",
"51",
"52",
"56",
"51",
"68",
"76",
"59",
"67",
"66",
"70",
"72",
"62",
"66",
"82",
"73",
"61",
"57",
"53",
"70",
"64",
"57",
"66",
"62",
"56",
"53",
"51",
"74",
"70",
"42",
"50",
"63",
"72",
"63",
"44",
"59",
"68",
"71",
"57",
"66",
"61",
"61",
"81",
"57",
"70",
"84",
"61",
"68",
"59",
"62",
"53",
"62",
"61",
"68",
"57",
"61",
"37",
"54",
"69",
"62",
"66",
"52",
"66",
"65",
"57",
"62",
"59",
"50",
"74",
"53",
"63",
"63",
"62",
"59",
"65",
"60",
"54",
"53",
"56",
"49",
"54",
"56",
"62",
"75",
"65",
"45",
"59",
"66",
"76",
"64",
"65",
"49",
"68",
"69",
"48",
"52",
"50",
"53",
"53",
"50",
"65",
"49",
"62",
"52",
"64",
"52",
"49",
"64",
"59",
"48",
"54",
"51",
"55",
"51",
"45",
"62",
"49",
"51",
"59",
"54",
"53",
"57",
"57",
"53",
"59",
"59",
"61",
"66",
"67",
"40",
"55",
"59",
"53",
"52",
"43",
"52",
"59",
"46",
"44",
"65",
"59",
"59",
"66",
"55",
"56",
"57",
"50",
"68",
"46",
"57",
"56",
"43",
"63",
"69",
"49",
"59",
"60",
"53",
"54",
"54",
"54",
"61",
"46",
"64",
"42",
"60",
"53",
"69",
"50",
"52",
"60",
"56",
"70",
"62",
"49",
"62",
"61",
"57",
"47",
"73",
"57",
"55",
"65",
"51",
"55",
"68",
"66",
"55",
"54",
"68",
"61",
"65",
"57",
"59",
"56",
"68",
"53",
"47",
"53",
"64",
"51",
"62",
"73",
"67",
"55",
"76",
"76",
"76",
"56",
"65",
"74",
"71",
"70",
"66",
"57",
"87",
"57",
"61",
"62",
"67",
"72",
"70",
"57",
"68",
"63",
"59",
"54",
"70",
"64",
"74",
"70",
"64",
"75",
"70",
"64",
"65",
"79",
"54",
"92",
"75",
"78",
"72",
"78",
"76",
"99",
"100",
"84",
"81",
"79",
"84",
"77",
"81",
"98",
"102",
"95",
"111",
"110",
"113",
"110",
"109",
"114",
"125",
"109",
"114",
"123",
"110",
"159",
"144",
"133",
"125",
"120",
"135",
"159",
"145",
"178",
"199",
"184",
"168",
"202",
"209",
"193",
"213",
"240",
"251",
"238",
"281",
"267",
"254",
"287",
"281",
"295",
"302",
"336",
"287",
"272",
"298",
"337",
"331",
"324",
"381",
"376",
"346",
"345",
"337",
"334",
"364",
"311",
"406",
"335",
"336",
"329",
"373",
"374",
"355",
"327",
"319",
"323",
"341",
"315",
"293",
"336",
"294",
"341",
"319",
"298",
"270",
"280",
"284",
"267",
"246",
"245",
"271",
"243",
"208",
"198",
"254",
"216",
"196",
"160",
"192",
"156",
"144",
"171",
"162",
"156",
"136",
"136",
"131",
"161",
"136",
"127",
"109",
"117",
"95",
"113",
"110",
"113",
"104",
"90",
"103",
"90",
"102",
"94",
"91",
"91",
"75",
"80",
"97",
"92",
"98",
"104",
"104",
"115",
"114",
"86",
"128",
"106",
"91",
"141",
"123",
"149",
"148",
"147",
"137",
"164",
"164",
"178",
"208",
"200",
"185",
"209",
"207",
"210",
"203",
"243",
"220",
"223",
"233",
"220",
"224",
"223",
"206",
"214",
"226",
"187",
"155",
"187",
"186",
"175",
"168",
"172",
"140",
"148",
"126",
"130",
"110",
"106",
"95",
"89",
"97",
"81",
"83",
"63",
"74",
"65",
"49",
"59",
"60",
"56",
"41",
"60",
"52",
"55",
"55",
"37277",
"Channel_info_start",
"Channel : Mg",
"Points : 0",
"Range : 0.000000 - 0.000000",
"Step : 0.010000",
"Channel_info_end",
"Channel_info_start",
"Channel : Al",
"Points : 0",
"Range : 0.000000 - 0.000000",
"Step : 0.010000",
"Channel_info_end",
"Channel_info_start",
"Channel : Si",
"Points : 0",
"Range : 0.000000 - 0.000000",
"Step : 0.010000",
"Channel_info_end",
"Channel_info_start",
"Channel : P ",
"Points : 0",
"Range : 0.000000 - 0.000000",
"Step : 0.010000",
"Channel_info_end",
"Channel_info_start",
"Channel : S ",
"Points : 0",
"Range : 0.000000 - 0.000000",
"Step : 0.010000",
"Channel_info_end",
"Channel_info_start",
"Channel : Cl",
"Points : 0",
"Range : 0.000000 - 0.000000",
"Step : 0.010000",
"Channel_info_end",
"Channel_info_start",
"Channel : K ",
"Points : 0",
"Range : 0.000000 - 0.000000",
"Step : 0.010000",
"Channel_info_end",
"Channel_info_start",
"Channel : Ca",
"Points : 0",
"Range : 0.000000 - 0.000000",
"Step : 0.010000",
"Channel_info_end",
"Channel_info_start",
"Channel : Ti",
"Points : 0",
"Range : 0.000000 - 0.000000",
"Step : 0.010000",
"Channel_info_end",
"Channel_info_start",
"Channel : V ",
"Points : 0",
"Range : 0.000000 - 0.000000",
"Step : 0.010000",
"Channel_info_end",
"Channel_info_start",
"Channel : Cr",
"Points : 0",
"Range : 0.000000 - 0.000000",
"Step : 0.010000",
"Channel_info_end",
"Channel_info_start",
"Channel : Mn",
"Points : 0",
"Range : 0.000000 - 0.000000",
"Step : 0.010000",
"Channel_info_end",
"Channel_info_start",
"Channel : Fe",
"Points : 0",
"Range : 0.000000 - 0.000000",
"Step : 0.010000",
"Channel_info_end",
"Channel_info_start",
"Channel : Cu",
"Points : 0",
"Range : 0.000000 - 0.000000",
"Step : 0.010000",
"Channel_info_end",
"Channel_info_start",
"Channel : Zn",
"Points : 0",
"Range : 0.000000 - 0.000000",
"Step : 0.010000",
"Channel_info_end",
"Channel_info_start",
"Channel : Sr",
"Points : 0",
"Range : 0.000000 - 0.000000",
"Step : 0.010000",
"Channel_info_end",
"Channel_info_start",
"Channel : Pb",
"Points : 0",
"Range : 0.000000 - 0.000000",
"Step : 0.010000",
"Channel_info_end",
"",
"Qualitative Result",
"--------------------------------------------------------------------------------",
"Element :  Br, P , Cs, Ce, Ru",
"",
"Peak List",
"--------------------------------------------------------------------------------",
"Channel               Line        keV     Net Int.(cps/uA)",
"--------------------------------------------------------------------------------",
"Na                    BrLa         1.50     0.159",
"                      P Ka         2.01     0.012",
"                      CsLaESC      2.53     0.018",
"                      ----         3.70     0.180",
"                      CsLa         4.28     2.304",
"                      CsLb1        4.63     1.438",
"                      CsLb2        4.94     0.318",
"                      CsLg1        5.28     0.138",
"                      CeLb1        5.28     0.036",
"                      CsLg2        5.55     0.092",
"                      BrKa        11.92     5.234",
"                      BrKb        13.28     0.807",
"                      ----        19.13     0.138",
"                      RuKa        19.36     0.112",
"                      ----        20.03     0.068",
"--------------------------------------------------------------------------------",
"",
"Quantitative Result",
"--------------------------------------------------------------------------------",
"Analyte               Result             Std.Dev. Proc.-Calc. Line Intensity(cps/uA)",
"--------------------------------------------------------------------------------",
"====[No. 1 Layer]====< Layer1               >===============================",
"Layer1                   0.000 ug/cm2    -------- Flux       -------- --------",
