"Sample    : pb_31519_t16",
"Operator  : americo",
"Comment  : ",
"Group     : kerr2007ag180cal_lt",
"Date       : 2011-04-11 21:35:54",
"",
"Mesurement Condition",
"------------------------------------------------------------------------------------",
"Instrument : 700HS2   Atmosphere : Vac.   Collimator : 10(mm)   Spin : No",
"------------------------------------------------------------------------------------",
"Analyte               TG kV   uA      FI Acq.(keV)  Anal.(keV)  Time(sec)     DT(%)",
"------------------------------------------------------------------------------------",
"Na                    Rh 50  168-Auto Al  0 - 20    0.8 - 1.2   Live -  179   16",
"",
"<Profile>",
"Channel_info_start",
"Channel : Na",
"Points : 2048",
"Range : 0.000000 - 20.480000",
"Step : 0.010000",
"Channel_info_end",
"0",
"0",
"0",
"0",
"0",
"0",
"0",
"0",
"0",
"0",
"0",
"0",
"0",
"0",
"0",
"0",
"0",
"0",
"0",
"0",
"0",
"0",
"0",
"0",
"0",
"0",
"0",
"0",
"0",
"0",
"21",
"26",
"28",
"26",
"33",
"25",
"36",
"20",
"27",
"23",
"36",
"32",
"29",
"30",
"31",
"35",
"32",
"41",
"28",
"34",
"42",
"41",
"38",
"40",
"54",
"64",
"75",
"84",
"86",
"86",
"104",
"108",
"86",
"97",
"83",
"105",
"68",
"96",
"82",
"85",
"65",
"89",
"80",
"66",
"62",
"57",
"59",
"50",
"31",
"47",
"30",
"37",
"33",
"19",
"30",
"33",
"27",
"34",
"34",
"42",
"32",
"35",
"28",
"42",
"35",
"33",
"36",
"35",
"27",
"23",
"41",
"28",
"37",
"37",
"28",
"32",
"26",
"30",
"20",
"28",
"22",
"36",
"27",
"27",
"32",
"24",
"16",
"30",
"28",
"25",
"22",
"25",
"28",
"28",
"19",
"23",
"32",
"30",
"29",
"33",
"27",
"29",
"33",
"32",
"33",
"22",
"36",
"29",
"21",
"28",
"32",
"20",
"23",
"29",
"31",
"42",
"28",
"34",
"34",
"40",
"27",
"34",
"41",
"44",
"31",
"44",
"30",
"51",
"31",
"26",
"32",
"37",
"40",
"40",
"35",
"49",
"48",
"40",
"47",
"55",
"59",
"62",
"56",
"61",
"95",
"104",
"137",
"146",
"194",
"225",
"269",
"285",
"312",
"362",
"296",
"327",
"252",
"280",
"216",
"221",
"188",
"166",
"143",
"135",
"136",
"146",
"118",
"141",
"135",
"166",
"150",
"163",
"147",
"163",
"162",
"177",
"143",
"180",
"169",
"197",
"163",
"208",
"202",
"219",
"256",
"287",
"272",
"287",
"261",
"265",
"301",
"317",
"377",
"411",
"506",
"665",
"863",
"1049",
"1365",
"1910",
"2173",
"2825",
"3141",
"3734",
"3780",
"4104",
"4190",
"4517",
"4185",
"4281",
"4079",
"4000",
"3807",
"3708",
"3508",
"3391",
"2993",
"2744",
"2402",
"2217",
"1690",
"1534",
"1219",
"958",
"757",
"652",
"457",
"404",
"329",
"363",
"341",
"374",
"379",
"439",
"414",
"475",
"427",
"418",
"395",
"358",
"341",
"307",
"239",
"206",
"153",
"146",
"110",
"118",
"94",
"81",
"78",
"90",
"73",
"83",
"74",
"67",
"60",
"68",
"74",
"72",
"64",
"72",
"69",
"53",
"55",
"67",
"55",
"69",
"69",
"60",
"85",
"105",
"82",
"109",
"118",
"139",
"143",
"149",
"172",
"189",
"158",
"183",
"149",
"173",
"162",
"167",
"154",
"132",
"104",
"104",
"82",
"84",
"63",
"76",
"57",
"39",
"56",
"31",
"30",
"26",
"24",
"27",
"21",
"20",
"24",
"26",
"22",
"27",
"18",
"22",
"27",
"27",
"18",
"26",
"25",
"38",
"27",
"24",
"27",
"40",
"24",
"47",
"50",
"33",
"48",
"55",
"73",
"86",
"105",
"127",
"135",
"170",
"171",
"219",
"239",
"306",
"333",
"383",
"368",
"378",
"362",
"329",
"333",
"277",
"265",
"203",
"157",
"158",
"125",
"113",
"88",
"64",
"59",
"48",
"48",
"43",
"37",
"47",
"43",
"39",
"31",
"42",
"34",
"43",
"53",
"41",
"53",
"60",
"65",
"80",
"70",
"64",
"71",
"65",
"53",
"51",
"59",
"54",
"57",
"37",
"42",
"23",
"34",
"23",
"28",
"25",
"30",
"29",
"20",
"26",
"24",
"24",
"29",
"31",
"20",
"35",
"15",
"12",
"28",
"32",
"30",
"24",
"23",
"26",
"23",
"37",
"24",
"34",
"40",
"34",
"35",
"22",
"35",
"38",
"34",
"34",
"40",
"29",
"30",
"41",
"33",
"42",
"43",
"47",
"32",
"47",
"49",
"35",
"48",
"49",
"51",
"44",
"45",
"58",
"42",
"49",
"41",
"41",
"35",
"60",
"41",
"48",
"37",
"36",
"48",
"42",
"44",
"49",
"48",
"47",
"44",
"58",
"44",
"53",
"38",
"42",
"37",
"60",
"36",
"49",
"38",
"32",
"43",
"53",
"40",
"48",
"35",
"51",
"55",
"46",
"37",
"50",
"45",
"50",
"51",
"45",
"55",
"48",
"62",
"47",
"40",
"49",
"31",
"34",
"41",
"43",
"41",
"45",
"57",
"50",
"61",
"50",
"29",
"36",
"35",
"47",
"40",
"40",
"38",
"42",
"42",
"42",
"35",
"47",
"45",
"54",
"40",
"39",
"45",
"57",
"49",
"43",
"41",
"57",
"53",
"42",
"42",
"41",
"49",
"44",
"41",
"53",
"34",
"58",
"44",
"57",
"56",
"53",
"40",
"44",
"51",
"51",
"46",
"64",
"45",
"47",
"45",
"54",
"58",
"61",
"50",
"56",
"56",
"39",
"38",
"64",
"60",
"66",
"67",
"54",
"63",
"78",
"51",
"70",
"55",
"53",
"53",
"77",
"62",
"70",
"56",
"57",
"73",
"58",
"61",
"66",
"68",
"73",
"73",
"66",
"71",
"68",
"69",
"51",
"62",
"69",
"70",
"74",
"72",
"68",
"64",
"58",
"65",
"95",
"67",
"70",
"68",
"76",
"82",
"81",
"99",
"76",
"71",
"86",
"84",
"89",
"74",
"91",
"91",
"85",
"74",
"78",
"77",
"94",
"94",
"102",
"89",
"92",
"114",
"100",
"94",
"108",
"96",
"111",
"89",
"113",
"90",
"110",
"84",
"96",
"92",
"102",
"78",
"114",
"73",
"93",
"78",
"86",
"71",
"89",
"95",
"89",
"83",
"97",
"84",
"101",
"106",
"94",
"113",
"99",
"97",
"73",
"83",
"96",
"90",
"101",
"93",
"86",
"101",
"92",
"90",
"99",
"91",
"90",
"93",
"107",
"94",
"101",
"96",
"108",
"76",
"92",
"95",
"101",
"85",
"82",
"107",
"92",
"90",
"80",
"84",
"92",
"100",
"84",
"98",
"100",
"93",
"94",
"76",
"91",
"73",
"91",
"92",
"94",
"113",
"94",
"90",
"102",
"86",
"84",
"82",
"95",
"92",
"98",
"88",
"94",
"82",
"104",
"100",
"96",
"102",
"90",
"82",
"85",
"79",
"99",
"109",
"86",
"92",
"117",
"105",
"78",
"91",
"96",
"88",
"94",
"80",
"101",
"95",
"83",
"95",
"99",
"95",
"98",
"97",
"111",
"92",
"95",
"98",
"90",
"80",
"106",
"80",
"100",
"98",
"86",
"88",
"80",
"106",
"91",
"100",
"90",
"101",
"104",
"73",
"80",
"85",
"97",
"97",
"83",
"84",
"88",
"104",
"94",
"95",
"98",
"90",
"116",
"92",
"111",
"110",
"98",
"124",
"99",
"106",
"119",
"115",
"123",
"116",
"120",
"143",
"129",
"102",
"118",
"109",
"137",
"110",
"101",
"125",
"124",
"118",
"127",
"118",
"103",
"97",
"91",
"107",
"110",
"117",
"102",
"103",
"105",
"98",
"88",
"108",
"97",
"89",
"85",
"101",
"79",
"84",
"100",
"98",
"101",
"89",
"98",
"89",
"107",
"98",
"134",
"96",
"119",
"110",
"120",
"96",
"102",
"89",
"109",
"101",
"95",
"90",
"117",
"99",
"112",
"128",
"123",
"112",
"145",
"118",
"122",
"138",
"138",
"120",
"123",
"136",
"142",
"130",
"128",
"129",
"138",
"117",
"141",
"123",
"138",
"111",
"102",
"103",
"106",
"107",
"137",
"100",
"106",
"123",
"126",
"99",
"110",
"119",
"105",
"117",
"126",
"122",
"111",
"115",
"113",
"120",
"136",
"110",
"129",
"104",
"182",
"161",
"166",
"178",
"230",
"251",
"272",
"262",
"323",
"352",
"422",
"461",
"496",
"514",
"603",
"629",
"671",
"686",
"757",
"689",
"726",
"764",
"722",
"650",
"638",
"616",
"589",
"522",
"501",
"446",
"419",
"298",
"318",
"309",
"270",
"228",
"195",
"170",
"171",
"154",
"132",
"131",
"127",
"127",
"126",
"114",
"134",
"112",
"100",
"112",
"102",
"115",
"119",
"97",
"112",
"102",
"116",
"114",
"101",
"91",
"118",
"105",
"105",
"99",
"96",
"77",
"105",
"95",
"98",
"103",
"115",
"106",
"82",
"90",
"98",
"81",
"96",
"106",
"92",
"84",
"102",
"109",
"101",
"86",
"119",
"112",
"107",
"110",
"100",
"105",
"108",
"107",
"99",
"102",
"126",
"95",
"104",
"114",
"128",
"106",
"106",
"117",
"104",
"101",
"104",
"109",
"95",
"124",
"117",
"120",
"129",
"128",
"110",
"137",
"116",
"131",
"124",
"137",
"157",
"137",
"133",
"151",
"169",
"161",
"168",
"195",
"228",
"267",
"300",
"314",
"396",
"484",
"648",
"771",
"917",
"1006",
"1362",
"1585",
"1935",
"2163",
"2712",
"3107",
"3720",
"3984",
"4819",
"5551",
"6481",
"6749",
"7687",
"8327",
"9019",
"9325",
"9932",
"10330",
"10902",
"10476",
"11216",
"10651",
"10731",
"9861",
"9705",
"9309",
"8640",
"7480",
"7190",
"6267",
"5561",
"4831",
"4188",
"3700",
"2997",
"2534",
"2187",
"1706",
"1489",
"1060",
"858",
"740",
"639",
"467",
"394",
"316",
"276",
"205",
"224",
"174",
"174",
"135",
"118",
"150",
"152",
"133",
"119",
"125",
"109",
"123",
"115",
"107",
"119",
"97",
"124",
"99",
"108",
"104",
"119",
"93",
"111",
"126",
"104",
"118",
"115",
"96",
"114",
"86",
"106",
"98",
"117",
"115",
"119",
"125",
"111",
"145",
"139",
"145",
"145",
"166",
"198",
"186",
"192",
"214",
"232",
"222",
"232",
"223",
"267",
"231",
"236",
"219",
"214",
"232",
"208",
"221",
"210",
"188",
"159",
"187",
"167",
"134",
"154",
"137",
"126",
"112",
"119",
"104",
"104",
"90",
"101",
"112",
"118",
"100",
"109",
"104",
"106",
"71",
"75",
"105",
"94",
"88",
"88",
"98",
"76",
"96",
"85",
"79",
"104",
"68",
"103",
"91",
"96",
"75",
"90",
"81",
"92",
"71",
"101",
"110",
"108",
"90",
"102",
"94",
"117",
"89",
"108",
"99",
"101",
"82",
"116",
"105",
"129",
"132",
"128",
"152",
"149",
"152",
"189",
"171",
"206",
"199",
"193",
"227",
"257",
"252",
"257",
"277",
"326",
"316",
"336",
"350",
"385",
"376",
"419",
"405",
"420",
"446",
"475",
"491",
"492",
"551",
"502",
"587",
"568",
"539",
"552",
"578",
"551",
"558",
"612",
"662",
"674",
"721",
"773",
"884",
"964",
"1079",
"1288",
"1520",
"1742",
"1908",
"2327",
"2804",
"3096",
"3320",
"3943",
"4381",
"4962",
"5091",
"5659",
"6103",
"6519",
"6449",
"6813",
"7177",
"7382",
"6994",
"7238",
"7037",
"6842",
"6341",
"6403",
"5893",
"5692",
"4941",
"4767",
"4509",
"3967",
"3595",
"3250",
"2905",
"2545",
"2193",
"1979",
"1797",
"1498",
"1303",
"1178",
"1044",
"894",
"763",
"675",
"653",
"667",
"552",
"546",
"505",
"465",
"418",
"489",
"450",
"455",
"394",
"427",
"463",
"409",
"386",
"405",
"401",
"367",
"342",
"338",
"316",
"313",
"268",
"255",
"280",
"236",
"247",
"209",
"183",
"187",
"159",
"169",
"148",
"152",
"130",
"124",
"97",
"134",
"104",
"117",
"105",
"115",
"104",
"97",
"100",
"103",
"98",
"94",
"91",
"109",
"79",
"86",
"90",
"83",
"96",
"94",
"95",
"97",
"69",
"71",
"94",
"86",
"75",
"81",
"73",
"70",
"73",
"58",
"75",
"77",
"74",
"80",
"67",
"63",
"65",
"62",
"61",
"62",
"62",
"64",
"75",
"70",
"64",
"70",
"56",
"67",
"70",
"69",
"69",
"70",
"63",
"59",
"81",
"78",
"61",
"70",
"63",
"75",
"63",
"57",
"65",
"60",
"66",
"63",
"61",
"78",
"72",
"69",
"62",
"67",
"65",
"64",
"69",
"74",
"73",
"70",
"72",
"76",
"56",
"54",
"91",
"70",
"84",
"61",
"50",
"83",
"81",
"88",
"64",
"98",
"83",
"83",
"90",
"93",
"64",
"88",
"104",
"107",
"95",
"102",
"106",
"105",
"109",
"96",
"89",
"95",
"91",
"92",
"84",
"92",
"100",
"113",
"95",
"94",
"93",
"109",
"83",
"79",
"102",
"91",
"116",
"103",
"122",
"132",
"137",
"144",
"150",
"185",
"190",
"241",
"249",
"275",
"346",
"419",
"456",
"480",
"590",
"585",
"646",
"707",
"751",
"814",
"832",
"876",
"961",
"1049",
"1004",
"1129",
"1108",
"1076",
"982",
"1051",
"1025",
"991",
"899",
"859",
"877",
"768",
"749",
"665",
"637",
"579",
"510",
"463",
"406",
"353",
"357",
"335",
"305",
"253",
"232",
"252",
"265",
"273",
"241",
"238",
"322",
"258",
"296",
"259",
"310",
"324",
"322",
"331",
"305",
"359",
"366",
"352",
"371",
"351",
"339",
"365",
"361",
"335",
"311",
"320",
"274",
"315",
"269",
"258",
"265",
"218",
"225",
"213",
"213",
"163",
"161",
"133",
"148",
"118",
"110",
"105",
"88",
"113",
"90",
"94",
"86",
"79",
"67",
"67",
"65",
"62",
"71",
"67",
"65",
"66",
"64",
"59",
"62",
"62",
"53",
"77",
"73",
"65",
"64",
"74",
"73",
"88",
"81",
"79",
"90",
"98",
"80",
"86",
"94",
"99",
"81",
"96",
"75",
"82",
"84",
"86",
"82",
"92",
"84",
"82",
"71",
"74",
"74",
"85",
"76",
"73",
"61",
"83",
"54",
"63",
"51",
"45",
"50",
"46",
"55",
"50",
"55",
"57",
"51",
"56",
"37",
"51",
"48",
"51",
"53",
"46",
"47",
"41",
"62",
"50",
"46",
"41",
"58",
"56",
"45",
"40",
"46",
"46",
"59",
"57",
"46",
"48",
"39",
"50",
"49",
"37",
"42",
"48",
"39",
"61",
"46",
"60",
"53",
"45",
"48",
"44",
"48",
"43",
"48",
"48",
"44",
"36",
"42",
"50",
"42",
"49",
"43",
"57",
"39",
"59",
"55",
"43",
"53",
"42",
"50",
"48",
"53",
"42",
"57",
"45",
"44",
"38",
"47",
"48",
"32",
"53",
"49",
"49",
"40",
"37",
"47",
"54",
"53",
"42",
"58",
"53",
"57",
"60",
"47",
"51",
"49",
"46",
"47",
"44",
"56",
"42",
"38",
"35",
"53",
"38",
"46",
"38",
"56",
"45",
"59",
"44",
"51",
"47",
"37",
"45",
"46",
"47",
"38",
"45",
"50",
"36",
"42",
"46",
"39",
"55",
"44",
"47",
"42",
"54",
"48",
"40",
"48",
"43",
"40",
"45",
"46",
"38",
"42",
"50",
"66",
"64",
"44",
"55",
"51",
"44",
"33",
"40",
"41",
"51",
"48",
"41",
"37",
"41",
"51",
"43",
"59",
"56",
"37",
"41",
"50",
"47",
"55",
"33",
"49",
"37",
"31",
"53",
"51",
"40",
"47",
"43",
"37",
"46",
"48",
"43",
"66",
"45",
"47",
"40",
"38",
"48",
"42",
"53",
"54",
"38",
"53",
"41",
"51",
"44",
"46",
"45",
"60",
"41",
"38",
"56",
"50",
"46",
"35",
"47",
"51",
"45",
"42",
"41",
"36",
"57",
"41",
"40",
"44",
"54",
"37",
"59",
"46",
"49",
"32",
"47",
"36",
"32",
"65",
"50",
"47",
"51",
"62",
"33",
"60",
"59",
"47",
"41",
"41",
"41",
"44",
"42",
"50",
"51",
"39",
"51",
"50",
"55",
"44",
"44",
"54",
"40",
"41",
"55",
"40",
"41",
"44",
"38",
"40",
"50",
"53",
"45",
"57",
"63",
"48",
"63",
"53",
"50",
"66",
"43",
"57",
"56",
"42",
"54",
"50",
"64",
"48",
"61",
"61",
"62",
"57",
"71",
"64",
"74",
"64",
"72",
"83",
"84",
"82",
"74",
"79",
"78",
"73",
"83",
"84",
"72",
"90",
"85",
"84",
"105",
"105",
"93",
"108",
"99",
"110",
"111",
"110",
"106",
"103",
"111",
"135",
"128",
"145",
"134",
"153",
"157",
"145",
"183",
"158",
"159",
"188",
"197",
"168",
"200",
"193",
"212",
"206",
"208",
"218",
"236",
"231",
"216",
"241",
"248",
"251",
"246",
"236",
"247",
"268",
"244",
"233",
"251",
"274",
"242",
"265",
"283",
"293",
"275",
"246",
"254",
"259",
"242",
"228",
"256",
"245",
"236",
"201",
"243",
"221",
"214",
"235",
"240",
"196",
"199",
"193",
"196",
"155",
"175",
"172",
"181",
"179",
"161",
"163",
"139",
"137",
"117",
"123",
"122",
"108",
"124",
"120",
"99",
"110",
"109",
"77",
"95",
"114",
"95",
"77",
"82",
"82",
"94",
"64",
"75",
"63",
"76",
"61",
"62",
"85",
"68",
"72",
"77",
"68",
"80",
"77",
"76",
"95",
"83",
"84",
"84",
"123",
"106",
"116",
"116",
"143",
"131",
"138",
"149",
"155",
"190",
"160",
"166",
"199",
"223",
"221",
"228",
"225",
"225",
"240",
"250",
"267",
"249",
"218",
"267",
"271",
"258",
"243",
"219",
"241",
"222",
"213",
"181",
"184",
"173",
"193",
"151",
"183",
"160",
"152",
"118",
"133",
"107",
"115",
"92",
"88",
"78",
"62",
"70",
"64",
"56",
"50",
"50",
"39",
"47",
"60",
"35",
"41",
"37",
"46",
"21896",
"Channel_info_start",
"Channel : Mg",
"Points : 0",
"Range : 0.000000 - 0.000000",
"Step : 0.010000",
"Channel_info_end",
"Channel_info_start",
"Channel : Al",
"Points : 0",
"Range : 0.000000 - 0.000000",
"Step : 0.010000",
"Channel_info_end",
"Channel_info_start",
"Channel : Si",
"Points : 0",
"Range : 0.000000 - 0.000000",
"Step : 0.010000",
"Channel_info_end",
"Channel_info_start",
"Channel : P ",
"Points : 0",
"Range : 0.000000 - 0.000000",
"Step : 0.010000",
"Channel_info_end",
"Channel_info_start",
"Channel : S ",
"Points : 0",
"Range : 0.000000 - 0.000000",
"Step : 0.010000",
"Channel_info_end",
"Channel_info_start",
"Channel : Cl",
"Points : 0",
"Range : 0.000000 - 0.000000",
"Step : 0.010000",
"Channel_info_end",
"Channel_info_start",
"Channel : K ",
"Points : 0",
"Range : 0.000000 - 0.000000",
"Step : 0.010000",
"Channel_info_end",
"Channel_info_start",
"Channel : Ca",
"Points : 0",
"Range : 0.000000 - 0.000000",
"Step : 0.010000",
"Channel_info_end",
"Channel_info_start",
"Channel : Ti",
"Points : 0",
"Range : 0.000000 - 0.000000",
"Step : 0.010000",
"Channel_info_end",
"Channel_info_start",
"Channel : V ",
"Points : 0",
"Range : 0.000000 - 0.000000",
"Step : 0.010000",
"Channel_info_end",
"Channel_info_start",
"Channel : Cr",
"Points : 0",
"Range : 0.000000 - 0.000000",
"Step : 0.010000",
"Channel_info_end",
"Channel_info_start",
"Channel : Mn",
"Points : 0",
"Range : 0.000000 - 0.000000",
"Step : 0.010000",
"Channel_info_end",
"Channel_info_start",
"Channel : Fe",
"Points : 0",
"Range : 0.000000 - 0.000000",
"Step : 0.010000",
"Channel_info_end",
"Channel_info_start",
"Channel : Cu",
"Points : 0",
"Range : 0.000000 - 0.000000",
"Step : 0.010000",
"Channel_info_end",
"Channel_info_start",
"Channel : Zn",
"Points : 0",
"Range : 0.000000 - 0.000000",
"Step : 0.010000",
"Channel_info_end",
"Channel_info_start",
"Channel : Sr",
"Points : 0",
"Range : 0.000000 - 0.000000",
"Step : 0.010000",
"Channel_info_end",
"Channel_info_start",
"Channel : Pb",
"Points : 0",
"Range : 0.000000 - 0.000000",
"Step : 0.010000",
"Channel_info_end",
"",
"Qualitative Result",
"--------------------------------------------------------------------------------",
"Element :  Pb, S , Cl, Ca, Ir, Rh",
"",
"Peak List",
"--------------------------------------------------------------------------------",
"Channel               Line        keV     Net Int.(cps/uA)",
"--------------------------------------------------------------------------------",
"Na                    ----         0.60     0.023",
"                      ----         0.72     0.017",
"                      ----         1.83     0.098",
"                      ----         2.14     0.055",
"                      PbMa         2.36     1.203",
"                      S Ka         2.36     0.510",
"                      ClKa         2.66     0.145",
"                      ----         3.10     0.058",
"                      CaKa         3.68     0.162",
"                      CaKb         3.99     0.023",
"                      PbLL         9.19     0.267",
"                      IrLa         9.19     0.099",
"                      PbLa        10.56     6.683",
"                      IrLb1       10.71     0.054",
"                      PbLn        11.32     0.089",
"                      PbLb4       12.27     0.161",
"                      PbLb1       12.61     4.500",
"                      ----        13.04     0.101",
"                      PbLg1       14.76     0.696",
"                      PbLg2       15.18     0.169",
"                      RhKaC       19.24     0.151",
"                      ----        19.47     0.071",
"                      RhKa        20.05     0.128",
"--------------------------------------------------------------------------------",
"",
"Quantitative Result",
"--------------------------------------------------------------------------------",
"Analyte               Result             Std.Dev. Proc.-Calc. Line Intensity(cps/uA)",
"--------------------------------------------------------------------------------",
"====[No. 1 Layer]====< Layer1               >===============================",
"Layer1                   0.000 ug/cm2    -------- Flux       -------- --------",
