"Sample    : pt_15770_t16",
"Operator  : americo",
"Comment  : ",
"Group     : kerr2007ag180cal_lt",
"Date       : 2011-04-11 21:23:48",
"",
"Mesurement Condition",
"------------------------------------------------------------------------------------",
"Instrument : 700HS2   Atmosphere : Vac.   Collimator : 10(mm)   Spin : No",
"------------------------------------------------------------------------------------",
"Analyte               TG kV   uA      FI Acq.(keV)  Anal.(keV)  Time(sec)     DT(%)",
"------------------------------------------------------------------------------------",
"Na                    Rh 50  187-Auto Al  0 - 20    0.8 - 1.2   Live -  180   14",
"",
"<Profile>",
"Channel_info_start",
"Channel : Na",
"Points : 2048",
"Range : 0.000000 - 20.480000",
"Step : 0.010000",
"Channel_info_end",
"0",
"0",
"0",
"0",
"0",
"0",
"0",
"0",
"0",
"0",
"0",
"0",
"0",
"0",
"0",
"0",
"0",
"0",
"0",
"0",
"0",
"0",
"0",
"0",
"0",
"0",
"0",
"0",
"0",
"1",
"52",
"116",
"75",
"98",
"75",
"94",
"71",
"75",
"72",
"69",
"67",
"69",
"55",
"52",
"37",
"47",
"35",
"43",
"27",
"37",
"25",
"24",
"25",
"26",
"26",
"31",
"26",
"26",
"39",
"39",
"33",
"28",
"29",
"22",
"20",
"27",
"21",
"26",
"25",
"24",
"20",
"24",
"22",
"20",
"20",
"27",
"17",
"33",
"22",
"21",
"22",
"18",
"27",
"17",
"21",
"33",
"31",
"17",
"41",
"35",
"18",
"25",
"25",
"22",
"23",
"24",
"29",
"24",
"25",
"29",
"27",
"24",
"24",
"25",
"29",
"29",
"18",
"26",
"21",
"22",
"16",
"28",
"32",
"18",
"26",
"19",
"26",
"19",
"17",
"17",
"22",
"25",
"23",
"20",
"24",
"22",
"20",
"37",
"29",
"21",
"31",
"33",
"28",
"21",
"26",
"20",
"21",
"28",
"24",
"32",
"21",
"25",
"29",
"34",
"31",
"29",
"40",
"39",
"31",
"47",
"64",
"69",
"70",
"112",
"140",
"173",
"165",
"211",
"210",
"273",
"283",
"266",
"251",
"243",
"203",
"226",
"171",
"167",
"180",
"146",
"133",
"110",
"117",
"133",
"128",
"162",
"133",
"153",
"146",
"153",
"165",
"171",
"167",
"171",
"195",
"212",
"218",
"242",
"273",
"246",
"305",
"329",
"350",
"382",
"401",
"548",
"641",
"803",
"942",
"1243",
"1571",
"2029",
"2210",
"2688",
"2818",
"3216",
"3188",
"3630",
"3435",
"3503",
"3237",
"3146",
"2971",
"2879",
"2518",
"2302",
"1957",
"1739",
"1358",
"1131",
"895",
"720",
"497",
"432",
"324",
"283",
"227",
"271",
"286",
"300",
"307",
"329",
"324",
"348",
"319",
"349",
"297",
"231",
"201",
"198",
"179",
"142",
"104",
"82",
"87",
"53",
"64",
"51",
"27",
"45",
"36",
"29",
"22",
"43",
"27",
"52",
"63",
"48",
"56",
"63",
"68",
"92",
"70",
"94",
"110",
"117",
"110",
"118",
"145",
"159",
"130",
"146",
"99",
"124",
"114",
"116",
"103",
"64",
"61",
"80",
"53",
"53",
"40",
"45",
"38",
"40",
"32",
"19",
"29",
"38",
"18",
"29",
"21",
"16",
"25",
"25",
"18",
"13",
"26",
"31",
"23",
"21",
"29",
"20",
"21",
"19",
"18",
"15",
"19",
"19",
"28",
"24",
"11",
"17",
"16",
"19",
"19",
"17",
"29",
"18",
"17",
"25",
"21",
"28",
"18",
"16",
"14",
"22",
"24",
"25",
"20",
"25",
"24",
"14",
"19",
"17",
"15",
"16",
"19",
"24",
"16",
"16",
"18",
"10",
"17",
"13",
"18",
"17",
"16",
"15",
"18",
"32",
"34",
"51",
"43",
"62",
"61",
"83",
"86",
"114",
"135",
"155",
"199",
"218",
"296",
"367",
"343",
"385",
"390",
"422",
"383",
"371",
"376",
"307",
"281",
"231",
"197",
"161",
"125",
"82",
"84",
"71",
"66",
"40",
"52",
"45",
"47",
"45",
"41",
"40",
"40",
"49",
"62",
"43",
"55",
"48",
"55",
"63",
"49",
"61",
"76",
"76",
"87",
"79",
"67",
"52",
"49",
"60",
"46",
"47",
"42",
"35",
"34",
"21",
"27",
"20",
"22",
"24",
"24",
"18",
"14",
"19",
"13",
"22",
"17",
"21",
"14",
"24",
"22",
"28",
"22",
"26",
"23",
"35",
"31",
"40",
"27",
"31",
"24",
"23",
"31",
"32",
"26",
"26",
"23",
"31",
"34",
"24",
"28",
"41",
"27",
"37",
"27",
"42",
"35",
"39",
"31",
"59",
"38",
"32",
"35",
"36",
"33",
"35",
"34",
"41",
"42",
"36",
"39",
"42",
"22",
"31",
"29",
"25",
"24",
"37",
"27",
"27",
"35",
"35",
"28",
"28",
"25",
"38",
"33",
"40",
"29",
"35",
"37",
"34",
"38",
"32",
"37",
"44",
"23",
"39",
"31",
"34",
"38",
"40",
"36",
"38",
"37",
"29",
"35",
"32",
"39",
"24",
"32",
"31",
"25",
"36",
"23",
"40",
"25",
"42",
"32",
"36",
"35",
"39",
"26",
"34",
"31",
"25",
"35",
"28",
"36",
"36",
"38",
"38",
"41",
"35",
"47",
"52",
"46",
"43",
"45",
"39",
"50",
"50",
"28",
"37",
"54",
"62",
"53",
"56",
"56",
"55",
"67",
"63",
"64",
"69",
"60",
"71",
"56",
"72",
"71",
"59",
"69",
"83",
"71",
"72",
"77",
"75",
"88",
"67",
"69",
"76",
"82",
"67",
"72",
"66",
"62",
"65",
"78",
"81",
"70",
"72",
"62",
"80",
"88",
"75",
"68",
"72",
"86",
"67",
"60",
"59",
"60",
"61",
"47",
"69",
"70",
"70",
"58",
"61",
"60",
"51",
"66",
"73",
"58",
"65",
"49",
"48",
"67",
"77",
"61",
"58",
"64",
"66",
"63",
"48",
"66",
"61",
"51",
"50",
"58",
"90",
"60",
"68",
"60",
"68",
"64",
"81",
"77",
"66",
"76",
"101",
"83",
"87",
"88",
"87",
"100",
"96",
"108",
"113",
"125",
"133",
"108",
"126",
"119",
"130",
"121",
"109",
"138",
"121",
"123",
"107",
"102",
"110",
"112",
"116",
"117",
"109",
"130",
"116",
"99",
"129",
"120",
"100",
"127",
"146",
"145",
"135",
"135",
"141",
"115",
"127",
"144",
"107",
"138",
"148",
"131",
"123",
"119",
"137",
"111",
"122",
"112",
"120",
"112",
"129",
"121",
"115",
"118",
"118",
"122",
"113",
"106",
"115",
"100",
"102",
"101",
"105",
"110",
"123",
"102",
"88",
"99",
"118",
"105",
"105",
"86",
"118",
"93",
"106",
"97",
"115",
"98",
"117",
"87",
"98",
"106",
"88",
"82",
"87",
"78",
"69",
"69",
"90",
"69",
"87",
"81",
"63",
"85",
"69",
"78",
"70",
"78",
"80",
"69",
"81",
"92",
"71",
"68",
"68",
"79",
"78",
"80",
"67",
"85",
"94",
"71",
"97",
"90",
"83",
"77",
"93",
"73",
"90",
"80",
"94",
"87",
"67",
"64",
"72",
"80",
"93",
"99",
"79",
"76",
"85",
"93",
"94",
"83",
"92",
"94",
"94",
"100",
"101",
"85",
"103",
"81",
"93",
"91",
"123",
"93",
"86",
"87",
"78",
"96",
"96",
"90",
"110",
"82",
"86",
"91",
"96",
"79",
"119",
"71",
"97",
"107",
"114",
"134",
"116",
"91",
"122",
"139",
"114",
"122",
"155",
"109",
"138",
"143",
"154",
"153",
"162",
"151",
"172",
"177",
"200",
"211",
"253",
"265",
"309",
"335",
"381",
"378",
"453",
"464",
"532",
"525",
"586",
"603",
"653",
"678",
"639",
"653",
"651",
"646",
"628",
"550",
"563",
"477",
"430",
"432",
"348",
"310",
"306",
"266",
"237",
"194",
"186",
"173",
"142",
"150",
"158",
"128",
"141",
"135",
"138",
"144",
"141",
"139",
"152",
"164",
"166",
"135",
"151",
"156",
"148",
"175",
"170",
"166",
"170",
"146",
"175",
"168",
"168",
"154",
"164",
"150",
"141",
"136",
"136",
"156",
"153",
"134",
"119",
"151",
"155",
"111",
"156",
"155",
"139",
"142",
"119",
"160",
"147",
"154",
"160",
"116",
"155",
"114",
"120",
"168",
"135",
"159",
"133",
"146",
"135",
"161",
"163",
"131",
"137",
"170",
"136",
"143",
"166",
"154",
"154",
"155",
"189",
"184",
"189",
"224",
"259",
"292",
"341",
"375",
"525",
"600",
"689",
"991",
"1126",
"1376",
"1731",
"2093",
"2588",
"2911",
"3573",
"4181",
"4931",
"5211",
"6302",
"7087",
"7870",
"8136",
"9139",
"9634",
"10368",
"10119",
"10871",
"10546",
"10534",
"9994",
"10002",
"9466",
"8930",
"7765",
"7415",
"6620",
"5946",
"4853",
"4348",
"3780",
"3189",
"2544",
"2103",
"1739",
"1381",
"1062",
"880",
"682",
"533",
"472",
"341",
"292",
"242",
"203",
"180",
"181",
"174",
"140",
"147",
"122",
"132",
"144",
"166",
"127",
"138",
"143",
"151",
"169",
"186",
"181",
"178",
"210",
"216",
"199",
"180",
"239",
"247",
"229",
"233",
"235",
"235",
"222",
"251",
"236",
"259",
"226",
"227",
"230",
"240",
"173",
"194",
"165",
"162",
"146",
"165",
"129",
"123",
"122",
"125",
"104",
"116",
"120",
"120",
"103",
"118",
"104",
"113",
"109",
"114",
"88",
"99",
"102",
"84",
"98",
"99",
"102",
"92",
"109",
"114",
"101",
"108",
"106",
"123",
"97",
"108",
"111",
"105",
"102",
"103",
"91",
"115",
"95",
"140",
"110",
"101",
"107",
"106",
"101",
"123",
"113",
"95",
"105",
"116",
"117",
"110",
"125",
"144",
"143",
"179",
"158",
"179",
"169",
"205",
"228",
"285",
"272",
"367",
"348",
"455",
"443",
"503",
"562",
"591",
"623",
"652",
"675",
"758",
"894",
"907",
"902",
"1081",
"1104",
"1225",
"1266",
"1529",
"1649",
"1863",
"1973",
"2364",
"2646",
"2957",
"3159",
"3584",
"3915",
"4275",
"4455",
"4850",
"4894",
"5310",
"5170",
"5486",
"5449",
"5644",
"5315",
"5480",
"5168",
"5212",
"4870",
"4687",
"4640",
"4513",
"4065",
"3996",
"4017",
"3843",
"3556",
"3574",
"3272",
"3177",
"2939",
"2751",
"2708",
"2487",
"2339",
"2184",
"1993",
"1842",
"1582",
"1458",
"1400",
"1135",
"1025",
"875",
"754",
"672",
"574",
"480",
"456",
"436",
"383",
"360",
"338",
"373",
"311",
"310",
"273",
"323",
"274",
"272",
"289",
"284",
"266",
"263",
"277",
"280",
"256",
"241",
"238",
"213",
"194",
"250",
"195",
"201",
"211",
"156",
"169",
"154",
"172",
"137",
"125",
"128",
"142",
"150",
"119",
"108",
"120",
"111",
"112",
"115",
"94",
"90",
"102",
"104",
"83",
"102",
"83",
"81",
"97",
"108",
"78",
"88",
"80",
"86",
"81",
"85",
"64",
"88",
"77",
"86",
"87",
"73",
"96",
"88",
"67",
"82",
"81",
"86",
"81",
"73",
"77",
"87",
"71",
"100",
"68",
"98",
"59",
"83",
"83",
"77",
"71",
"73",
"76",
"93",
"62",
"74",
"71",
"82",
"69",
"71",
"75",
"82",
"80",
"70",
"91",
"79",
"86",
"100",
"79",
"108",
"95",
"119",
"109",
"113",
"93",
"91",
"113",
"111",
"125",
"111",
"106",
"109",
"110",
"121",
"142",
"109",
"104",
"96",
"101",
"109",
"96",
"100",
"98",
"136",
"137",
"126",
"153",
"175",
"190",
"223",
"223",
"269",
"296",
"309",
"401",
"456",
"476",
"549",
"634",
"690",
"692",
"820",
"849",
"900",
"879",
"904",
"964",
"978",
"940",
"977",
"987",
"964",
"928",
"927",
"875",
"821",
"719",
"745",
"631",
"633",
"508",
"513",
"417",
"409",
"362",
"329",
"305",
"303",
"296",
"277",
"282",
"272",
"259",
"302",
"306",
"314",
"282",
"350",
"357",
"331",
"309",
"362",
"365",
"369",
"343",
"369",
"350",
"373",
"316",
"379",
"314",
"330",
"279",
"289",
"269",
"261",
"238",
"217",
"196",
"194",
"173",
"196",
"161",
"143",
"127",
"107",
"112",
"109",
"98",
"85",
"78",
"96",
"79",
"81",
"78",
"66",
"78",
"81",
"91",
"103",
"65",
"82",
"101",
"78",
"95",
"72",
"88",
"94",
"88",
"104",
"90",
"116",
"97",
"109",
"98",
"105",
"79",
"124",
"108",
"102",
"116",
"101",
"107",
"86",
"98",
"91",
"98",
"72",
"80",
"96",
"79",
"73",
"95",
"66",
"63",
"70",
"77",
"59",
"48",
"70",
"67",
"54",
"80",
"61",
"61",
"45",
"46",
"66",
"56",
"69",
"69",
"52",
"50",
"54",
"53",
"67",
"58",
"71",
"53",
"42",
"58",
"65",
"57",
"62",
"76",
"62",
"65",
"60",
"64",
"56",
"72",
"57",
"62",
"50",
"58",
"59",
"75",
"63",
"69",
"60",
"58",
"66",
"54",
"56",
"52",
"56",
"73",
"60",
"69",
"58",
"58",
"68",
"47",
"67",
"54",
"62",
"59",
"65",
"66",
"69",
"59",
"58",
"64",
"54",
"60",
"55",
"59",
"51",
"59",
"57",
"56",
"60",
"54",
"50",
"54",
"61",
"59",
"65",
"55",
"61",
"53",
"76",
"43",
"64",
"73",
"49",
"56",
"55",
"44",
"53",
"62",
"68",
"53",
"61",
"66",
"65",
"67",
"63",
"59",
"70",
"64",
"58",
"57",
"55",
"48",
"54",
"53",
"51",
"53",
"58",
"52",
"56",
"68",
"52",
"52",
"66",
"72",
"53",
"61",
"60",
"51",
"46",
"68",
"48",
"55",
"48",
"54",
"68",
"55",
"51",
"64",
"51",
"53",
"43",
"54",
"68",
"45",
"54",
"55",
"61",
"58",
"58",
"58",
"54",
"58",
"58",
"51",
"49",
"54",
"40",
"46",
"59",
"40",
"52",
"55",
"57",
"66",
"51",
"48",
"65",
"46",
"56",
"55",
"57",
"48",
"60",
"63",
"51",
"57",
"46",
"70",
"50",
"46",
"50",
"46",
"47",
"44",
"53",
"62",
"39",
"58",
"61",
"49",
"58",
"59",
"56",
"55",
"53",
"46",
"58",
"47",
"51",
"41",
"47",
"43",
"49",
"53",
"45",
"48",
"61",
"49",
"45",
"56",
"44",
"47",
"44",
"53",
"56",
"57",
"54",
"47",
"54",
"47",
"49",
"62",
"59",
"55",
"49",
"51",
"49",
"44",
"52",
"49",
"46",
"56",
"39",
"50",
"51",
"53",
"45",
"56",
"62",
"53",
"50",
"36",
"61",
"45",
"31",
"53",
"51",
"37",
"43",
"56",
"51",
"48",
"33",
"57",
"48",
"47",
"57",
"46",
"43",
"50",
"39",
"54",
"49",
"41",
"60",
"51",
"54",
"38",
"52",
"61",
"54",
"51",
"46",
"56",
"50",
"35",
"60",
"54",
"46",
"36",
"52",
"44",
"59",
"53",
"57",
"50",
"42",
"58",
"56",
"42",
"52",
"45",
"60",
"59",
"42",
"35",
"49",
"39",
"40",
"49",
"37",
"44",
"47",
"45",
"52",
"45",
"45",
"40",
"52",
"45",
"47",
"44",
"47",
"55",
"56",
"48",
"46",
"44",
"39",
"60",
"49",
"49",
"39",
"52",
"57",
"58",
"36",
"38",
"46",
"57",
"61",
"47",
"51",
"42",
"69",
"50",
"46",
"49",
"56",
"44",
"54",
"47",
"54",
"47",
"54",
"62",
"55",
"56",
"54",
"49",
"52",
"45",
"46",
"53",
"44",
"37",
"43",
"65",
"46",
"65",
"54",
"63",
"57",
"35",
"50",
"55",
"57",
"41",
"57",
"47",
"38",
"52",
"44",
"52",
"46",
"51",
"46",
"42",
"43",
"48",
"42",
"54",
"50",
"58",
"55",
"54",
"59",
"43",
"53",
"60",
"52",
"55",
"49",
"57",
"55",
"53",
"46",
"60",
"45",
"63",
"50",
"48",
"57",
"55",
"58",
"40",
"64",
"48",
"49",
"46",
"67",
"51",
"53",
"53",
"67",
"49",
"61",
"51",
"61",
"53",
"45",
"43",
"59",
"47",
"51",
"59",
"63",
"49",
"64",
"41",
"56",
"58",
"55",
"42",
"48",
"70",
"50",
"56",
"50",
"46",
"50",
"51",
"63",
"48",
"47",
"62",
"61",
"58",
"82",
"69",
"54",
"42",
"64",
"68",
"84",
"68",
"61",
"51",
"64",
"70",
"61",
"80",
"56",
"80",
"58",
"66",
"75",
"84",
"87",
"90",
"87",
"84",
"77",
"83",
"109",
"73",
"98",
"95",
"92",
"99",
"101",
"111",
"109",
"126",
"124",
"116",
"146",
"142",
"152",
"143",
"146",
"162",
"168",
"161",
"173",
"180",
"196",
"175",
"217",
"181",
"185",
"209",
"198",
"228",
"260",
"218",
"237",
"216",
"239",
"234",
"258",
"252",
"241",
"234",
"287",
"276",
"263",
"302",
"297",
"285",
"293",
"297",
"306",
"261",
"296",
"293",
"300",
"286",
"278",
"291",
"245",
"288",
"289",
"256",
"258",
"242",
"248",
"243",
"244",
"242",
"207",
"198",
"202",
"221",
"200",
"211",
"204",
"190",
"183",
"147",
"174",
"139",
"145",
"179",
"145",
"126",
"114",
"142",
"104",
"116",
"123",
"128",
"106",
"97",
"114",
"104",
"104",
"87",
"92",
"95",
"91",
"79",
"83",
"74",
"75",
"72",
"76",
"67",
"86",
"75",
"88",
"86",
"71",
"72",
"82",
"97",
"96",
"90",
"110",
"107",
"112",
"108",
"126",
"131",
"150",
"148",
"152",
"185",
"204",
"184",
"203",
"216",
"191",
"243",
"225",
"220",
"252",
"244",
"257",
"259",
"239",
"251",
"248",
"255",
"238",
"245",
"199",
"266",
"247",
"231",
"203",
"211",
"194",
"177",
"178",
"196",
"137",
"143",
"124",
"120",
"109",
"103",
"101",
"81",
"92",
"84",
"81",
"71",
"75",
"53",
"59",
"44",
"79",
"46",
"50",
"43",
"51",
"45",
"22675",
"Channel_info_start",
"Channel : Mg",
"Points : 0",
"Range : 0.000000 - 0.000000",
"Step : 0.010000",
"Channel_info_end",
"Channel_info_start",
"Channel : Al",
"Points : 0",
"Range : 0.000000 - 0.000000",
"Step : 0.010000",
"Channel_info_end",
"Channel_info_start",
"Channel : Si",
"Points : 0",
"Range : 0.000000 - 0.000000",
"Step : 0.010000",
"Channel_info_end",
"Channel_info_start",
"Channel : P ",
"Points : 0",
"Range : 0.000000 - 0.000000",
"Step : 0.010000",
"Channel_info_end",
"Channel_info_start",
"Channel : S ",
"Points : 0",
"Range : 0.000000 - 0.000000",
"Step : 0.010000",
"Channel_info_end",
"Channel_info_start",
"Channel : Cl",
"Points : 0",
"Range : 0.000000 - 0.000000",
"Step : 0.010000",
"Channel_info_end",
"Channel_info_start",
"Channel : K ",
"Points : 0",
"Range : 0.000000 - 0.000000",
"Step : 0.010000",
"Channel_info_end",
"Channel_info_start",
"Channel : Ca",
"Points : 0",
"Range : 0.000000 - 0.000000",
"Step : 0.010000",
"Channel_info_end",
"Channel_info_start",
"Channel : Ti",
"Points : 0",
"Range : 0.000000 - 0.000000",
"Step : 0.010000",
"Channel_info_end",
"Channel_info_start",
"Channel : V ",
"Points : 0",
"Range : 0.000000 - 0.000000",
"Step : 0.010000",
"Channel_info_end",
"Channel_info_start",
"Channel : Cr",
"Points : 0",
"Range : 0.000000 - 0.000000",
"Step : 0.010000",
"Channel_info_end",
"Channel_info_start",
"Channel : Mn",
"Points : 0",
"Range : 0.000000 - 0.000000",
"Step : 0.010000",
"Channel_info_end",
"Channel_info_start",
"Channel : Fe",
"Points : 0",
"Range : 0.000000 - 0.000000",
"Step : 0.010000",
"Channel_info_end",
"Channel_info_start",
"Channel : Cu",
"Points : 0",
"Range : 0.000000 - 0.000000",
"Step : 0.010000",
"Channel_info_end",
"Channel_info_start",
"Channel : Zn",
"Points : 0",
"Range : 0.000000 - 0.000000",
"Step : 0.010000",
"Channel_info_end",
"Channel_info_start",
"Channel : Sr",
"Points : 0",
"Range : 0.000000 - 0.000000",
"Step : 0.010000",
"Channel_info_end",
"Channel_info_start",
"Channel : Pb",
"Points : 0",
"Range : 0.000000 - 0.000000",
"Step : 0.010000",
"Channel_info_end",
"",
"Qualitative Result",
"--------------------------------------------------------------------------------",
"Element :  Pt, S , Cl, Ca, Ru",
"",
"Peak List",
"--------------------------------------------------------------------------------",
"Channel               Line        keV     Net Int.(cps/uA)",
"--------------------------------------------------------------------------------",
"Na                    ----         1.60     0.077",
"                      PtMa         2.08     1.244",
"                      S Ka         2.34     0.103",
"                      ClKa         2.69     0.044",
"                      CaKa         3.69     0.158",
"                      CaKb         4.02     0.027",
"                      ----         6.62     0.034",
"                      PtLL         8.26     0.282",
"                      PtLa         9.44     5.670",
"                      ----        10.03     0.055",
"                      PtLb4       10.76     0.141",
"                      PtLb1       11.08     2.948",
"                      ----        11.29     1.236",
"                      PtLg1       12.96     0.515",
"                      PtLg3       13.32     0.156",
"                      RuKa        19.17     0.136",
"                      ----        19.43     0.079",
"                      ----        19.99     0.091",
"--------------------------------------------------------------------------------",
"",
"Quantitative Result",
"--------------------------------------------------------------------------------",
"Analyte               Result             Std.Dev. Proc.-Calc. Line Intensity(cps/uA)",
"--------------------------------------------------------------------------------",
"====[No. 1 Layer]====< Layer1               >===============================",
"Layer1                   0.000 ug/cm2    -------- Flux       -------- --------",
