"Sample    : ti_15755_t16",
"Operator  : americo",
"Comment  : ",
"Group     : kerr2007ag180cal_lt",
"Date       : 2011-04-11 18:33:34",
"",
"Mesurement Condition",
"------------------------------------------------------------------------------------",
"Instrument : 700HS2   Atmosphere : Vac.   Collimator : 10(mm)   Spin : No",
"------------------------------------------------------------------------------------",
"Analyte               TG kV   uA      FI Acq.(keV)  Anal.(keV)  Time(sec)     DT(%)",
"------------------------------------------------------------------------------------",
"Na                    Rh 50  268-Auto Al  0 - 20    0.8 - 1.2   Live -  179   14",
"",
"<Profile>",
"Channel_info_start",
"Channel : Na",
"Points : 2048",
"Range : 0.000000 - 20.480000",
"Step : 0.010000",
"Channel_info_end",
"0",
"0",
"0",
"0",
"0",
"0",
"0",
"0",
"0",
"0",
"0",
"0",
"0",
"0",
"0",
"0",
"0",
"0",
"0",
"0",
"0",
"0",
"0",
"0",
"0",
"0",
"0",
"0",
"0",
"1",
"7",
"24",
"14",
"21",
"9",
"21",
"11",
"21",
"13",
"15",
"13",
"21",
"13",
"16",
"9",
"13",
"18",
"14",
"17",
"13",
"13",
"11",
"17",
"9",
"15",
"17",
"18",
"13",
"13",
"17",
"12",
"17",
"13",
"18",
"14",
"22",
"12",
"15",
"7",
"13",
"13",
"13",
"16",
"15",
"13",
"16",
"20",
"19",
"14",
"18",
"17",
"16",
"11",
"10",
"15",
"14",
"15",
"12",
"16",
"10",
"14",
"12",
"15",
"17",
"18",
"15",
"15",
"13",
"30",
"22",
"19",
"19",
"20",
"18",
"20",
"7",
"23",
"20",
"12",
"11",
"14",
"13",
"15",
"10",
"29",
"20",
"9",
"21",
"17",
"18",
"21",
"11",
"27",
"17",
"14",
"18",
"15",
"18",
"12",
"18",
"20",
"14",
"16",
"16",
"15",
"20",
"24",
"19",
"23",
"27",
"15",
"30",
"22",
"20",
"18",
"25",
"20",
"30",
"20",
"24",
"23",
"22",
"27",
"25",
"23",
"18",
"32",
"21",
"20",
"10",
"20",
"20",
"22",
"18",
"17",
"31",
"20",
"18",
"17",
"23",
"37",
"26",
"32",
"29",
"26",
"31",
"31",
"26",
"27",
"35",
"29",
"19",
"24",
"31",
"29",
"20",
"26",
"32",
"27",
"29",
"26",
"27",
"34",
"38",
"37",
"47",
"57",
"72",
"57",
"86",
"55",
"68",
"65",
"55",
"45",
"60",
"53",
"35",
"31",
"35",
"35",
"35",
"14",
"20",
"20",
"21",
"16",
"14",
"25",
"25",
"25",
"20",
"25",
"25",
"24",
"16",
"24",
"24",
"18",
"23",
"24",
"29",
"23",
"18",
"25",
"25",
"27",
"26",
"23",
"29",
"17",
"18",
"26",
"24",
"24",
"20",
"25",
"20",
"19",
"30",
"31",
"27",
"26",
"25",
"24",
"22",
"17",
"35",
"30",
"37",
"34",
"41",
"35",
"45",
"54",
"73",
"61",
"99",
"99",
"147",
"126",
"161",
"194",
"230",
"258",
"287",
"268",
"252",
"255",
"257",
"178",
"189",
"145",
"139",
"107",
"76",
"72",
"61",
"49",
"35",
"27",
"32",
"20",
"30",
"35",
"19",
"34",
"29",
"32",
"34",
"34",
"25",
"36",
"27",
"34",
"25",
"32",
"45",
"43",
"39",
"33",
"39",
"38",
"59",
"42",
"57",
"46",
"47",
"45",
"60",
"54",
"59",
"54",
"47",
"42",
"47",
"26",
"34",
"21",
"37",
"37",
"26",
"34",
"39",
"30",
"25",
"36",
"43",
"32",
"34",
"32",
"41",
"35",
"34",
"27",
"33",
"50",
"55",
"42",
"63",
"50",
"68",
"49",
"84",
"79",
"104",
"102",
"143",
"150",
"197",
"224",
"293",
"322",
"394",
"464",
"529",
"561",
"561",
"674",
"679",
"624",
"667",
"550",
"521",
"474",
"410",
"331",
"350",
"236",
"191",
"188",
"148",
"148",
"132",
"114",
"135",
"138",
"140",
"146",
"156",
"163",
"143",
"143",
"136",
"131",
"167",
"162",
"160",
"185",
"184",
"158",
"174",
"173",
"200",
"179",
"196",
"150",
"157",
"169",
"143",
"153",
"157",
"141",
"150",
"141",
"168",
"133",
"148",
"128",
"146",
"167",
"156",
"170",
"159",
"161",
"190",
"165",
"209",
"191",
"243",
"272",
"324",
"407",
"503",
"677",
"1009",
"1314",
"1941",
"2679",
"3918",
"5417",
"7402",
"9335",
"12403",
"15314",
"18737",
"21215",
"25036",
"27614",
"30151",
"29668",
"31312",
"30331",
"29800",
"26393",
"24524",
"20768",
"18252",
"14417",
"11727",
"9198",
"7062",
"5039",
"3826",
"2614",
"1860",
"1135",
"803",
"562",
"393",
"286",
"235",
"228",
"208",
"187",
"246",
"226",
"278",
"322",
"429",
"562",
"708",
"815",
"1117",
"1357",
"1718",
"1994",
"2463",
"2784",
"3224",
"3391",
"3679",
"3881",
"3884",
"3704",
"3699",
"3535",
"3228",
"2601",
"2409",
"2054",
"1683",
"1260",
"1097",
"861",
"635",
"448",
"313",
"239",
"171",
"100",
"93",
"77",
"63",
"38",
"53",
"32",
"45",
"33",
"42",
"48",
"45",
"33",
"55",
"41",
"43",
"38",
"47",
"51",
"45",
"46",
"38",
"54",
"58",
"51",
"45",
"46",
"55",
"51",
"64",
"63",
"62",
"62",
"44",
"49",
"53",
"55",
"34",
"46",
"52",
"48",
"48",
"49",
"43",
"41",
"47",
"33",
"41",
"47",
"53",
"50",
"55",
"43",
"58",
"54",
"51",
"47",
"56",
"62",
"51",
"42",
"45",
"48",
"51",
"49",
"52",
"59",
"74",
"50",
"52",
"57",
"55",
"53",
"59",
"64",
"58",
"61",
"51",
"62",
"61",
"53",
"61",
"54",
"60",
"52",
"65",
"55",
"62",
"59",
"65",
"71",
"64",
"61",
"69",
"69",
"72",
"72",
"70",
"74",
"69",
"48",
"89",
"54",
"59",
"65",
"64",
"72",
"81",
"81",
"75",
"71",
"68",
"70",
"79",
"81",
"102",
"79",
"65",
"97",
"83",
"78",
"92",
"105",
"104",
"86",
"87",
"95",
"105",
"102",
"111",
"92",
"109",
"94",
"94",
"100",
"91",
"98",
"84",
"76",
"108",
"103",
"81",
"87",
"95",
"88",
"93",
"94",
"103",
"84",
"89",
"91",
"72",
"75",
"74",
"97",
"77",
"73",
"80",
"94",
"98",
"88",
"78",
"71",
"84",
"68",
"65",
"87",
"74",
"78",
"73",
"84",
"90",
"74",
"71",
"60",
"112",
"74",
"97",
"83",
"92",
"89",
"86",
"76",
"100",
"79",
"89",
"96",
"83",
"71",
"92",
"83",
"101",
"88",
"79",
"91",
"89",
"83",
"88",
"74",
"101",
"76",
"65",
"94",
"84",
"75",
"82",
"78",
"84",
"91",
"92",
"83",
"79",
"88",
"91",
"70",
"73",
"76",
"87",
"74",
"70",
"66",
"92",
"92",
"96",
"62",
"69",
"96",
"83",
"77",
"81",
"93",
"72",
"74",
"83",
"78",
"76",
"75",
"69",
"86",
"89",
"84",
"99",
"96",
"96",
"80",
"75",
"77",
"84",
"73",
"82",
"109",
"87",
"57",
"64",
"77",
"86",
"84",
"87",
"99",
"91",
"97",
"84",
"84",
"99",
"77",
"109",
"95",
"90",
"71",
"67",
"79",
"96",
"76",
"104",
"103",
"89",
"114",
"80",
"96",
"73",
"100",
"108",
"102",
"121",
"98",
"98",
"119",
"106",
"80",
"118",
"101",
"120",
"115",
"127",
"108",
"122",
"141",
"120",
"124",
"133",
"101",
"119",
"107",
"114",
"99",
"95",
"80",
"88",
"82",
"89",
"92",
"91",
"83",
"91",
"101",
"100",
"98",
"94",
"97",
"97",
"93",
"115",
"122",
"105",
"94",
"112",
"100",
"121",
"99",
"114",
"109",
"109",
"113",
"103",
"82",
"106",
"106",
"94",
"97",
"111",
"98",
"99",
"109",
"110",
"116",
"111",
"117",
"118",
"128",
"124",
"140",
"148",
"144",
"125",
"165",
"141",
"131",
"126",
"149",
"128",
"115",
"114",
"120",
"104",
"113",
"94",
"109",
"110",
"106",
"86",
"98",
"108",
"90",
"106",
"117",
"98",
"91",
"110",
"96",
"83",
"105",
"99",
"90",
"95",
"110",
"107",
"121",
"119",
"111",
"126",
"123",
"126",
"127",
"118",
"117",
"120",
"90",
"121",
"120",
"110",
"117",
"120",
"95",
"103",
"92",
"96",
"76",
"93",
"95",
"96",
"97",
"94",
"94",
"111",
"91",
"96",
"81",
"84",
"86",
"99",
"75",
"84",
"93",
"111",
"74",
"93",
"90",
"84",
"90",
"101",
"107",
"106",
"96",
"92",
"87",
"105",
"93",
"109",
"94",
"107",
"94",
"133",
"114",
"111",
"108",
"106",
"81",
"94",
"100",
"99",
"118",
"108",
"102",
"102",
"84",
"100",
"104",
"130",
"100",
"92",
"83",
"99",
"73",
"104",
"89",
"99",
"95",
"95",
"77",
"98",
"75",
"83",
"92",
"99",
"100",
"83",
"100",
"78",
"84",
"90",
"88",
"90",
"103",
"78",
"105",
"93",
"102",
"98",
"87",
"80",
"88",
"99",
"112",
"95",
"80",
"94",
"77",
"83",
"88",
"101",
"69",
"86",
"75",
"87",
"75",
"75",
"103",
"72",
"93",
"83",
"68",
"107",
"89",
"96",
"82",
"80",
"84",
"90",
"82",
"75",
"73",
"81",
"78",
"80",
"84",
"78",
"88",
"92",
"100",
"87",
"83",
"82",
"93",
"78",
"96",
"93",
"92",
"88",
"73",
"84",
"91",
"102",
"75",
"79",
"93",
"91",
"90",
"87",
"95",
"93",
"97",
"78",
"75",
"69",
"99",
"79",
"94",
"108",
"96",
"92",
"87",
"94",
"80",
"95",
"83",
"99",
"87",
"86",
"84",
"84",
"97",
"89",
"84",
"70",
"91",
"92",
"89",
"71",
"100",
"80",
"80",
"76",
"100",
"79",
"82",
"89",
"104",
"94",
"89",
"93",
"90",
"89",
"88",
"87",
"99",
"76",
"97",
"90",
"73",
"103",
"80",
"97",
"104",
"92",
"95",
"106",
"82",
"103",
"92",
"89",
"92",
"88",
"95",
"107",
"101",
"89",
"89",
"95",
"83",
"97",
"94",
"88",
"102",
"97",
"79",
"84",
"104",
"88",
"76",
"79",
"95",
"100",
"77",
"81",
"67",
"94",
"79",
"108",
"92",
"83",
"87",
"89",
"97",
"89",
"70",
"98",
"81",
"95",
"86",
"81",
"89",
"84",
"89",
"79",
"87",
"80",
"102",
"92",
"92",
"78",
"66",
"89",
"86",
"80",
"74",
"70",
"89",
"99",
"74",
"78",
"78",
"86",
"94",
"84",
"102",
"83",
"81",
"86",
"81",
"80",
"68",
"84",
"87",
"72",
"67",
"74",
"77",
"81",
"69",
"89",
"93",
"76",
"65",
"97",
"73",
"75",
"90",
"74",
"68",
"73",
"86",
"84",
"79",
"90",
"71",
"73",
"82",
"69",
"80",
"75",
"78",
"75",
"93",
"80",
"78",
"63",
"84",
"75",
"90",
"76",
"67",
"66",
"64",
"68",
"75",
"67",
"69",
"69",
"74",
"74",
"76",
"82",
"78",
"76",
"77",
"72",
"81",
"69",
"77",
"82",
"78",
"59",
"79",
"81",
"83",
"91",
"79",
"74",
"71",
"87",
"84",
"100",
"79",
"68",
"72",
"79",
"78",
"75",
"88",
"81",
"74",
"61",
"79",
"98",
"63",
"89",
"74",
"78",
"72",
"83",
"75",
"104",
"86",
"76",
"83",
"80",
"75",
"82",
"60",
"69",
"72",
"71",
"72",
"97",
"52",
"80",
"61",
"57",
"65",
"91",
"74",
"82",
"68",
"82",
"79",
"74",
"76",
"63",
"88",
"67",
"65",
"72",
"68",
"92",
"78",
"87",
"77",
"72",
"67",
"79",
"69",
"94",
"89",
"79",
"72",
"80",
"78",
"64",
"71",
"76",
"81",
"77",
"82",
"76",
"64",
"64",
"68",
"78",
"52",
"63",
"82",
"76",
"73",
"66",
"63",
"82",
"68",
"74",
"69",
"73",
"79",
"84",
"79",
"74",
"74",
"73",
"94",
"81",
"62",
"68",
"89",
"84",
"77",
"72",
"84",
"76",
"76",
"75",
"71",
"74",
"69",
"74",
"66",
"65",
"70",
"63",
"56",
"83",
"77",
"89",
"78",
"77",
"71",
"75",
"88",
"54",
"79",
"64",
"60",
"77",
"65",
"77",
"75",
"59",
"70",
"67",
"66",
"80",
"69",
"68",
"65",
"79",
"68",
"81",
"64",
"65",
"72",
"73",
"63",
"70",
"76",
"73",
"72",
"71",
"75",
"83",
"83",
"63",
"71",
"71",
"72",
"65",
"78",
"70",
"56",
"75",
"75",
"68",
"70",
"59",
"70",
"80",
"70",
"78",
"77",
"74",
"66",
"69",
"70",
"60",
"78",
"68",
"62",
"57",
"71",
"71",
"64",
"88",
"64",
"45",
"66",
"62",
"58",
"76",
"55",
"71",
"46",
"79",
"50",
"57",
"58",
"59",
"71",
"69",
"69",
"68",
"68",
"65",
"57",
"64",
"46",
"56",
"72",
"50",
"61",
"83",
"72",
"69",
"78",
"64",
"61",
"73",
"63",
"68",
"56",
"76",
"65",
"67",
"63",
"65",
"62",
"57",
"68",
"67",
"77",
"56",
"66",
"72",
"74",
"65",
"77",
"55",
"65",
"68",
"83",
"62",
"50",
"52",
"62",
"58",
"66",
"73",
"58",
"70",
"58",
"62",
"63",
"69",
"66",
"65",
"62",
"44",
"56",
"63",
"61",
"67",
"53",
"62",
"74",
"54",
"61",
"66",
"70",
"51",
"42",
"55",
"68",
"66",
"58",
"66",
"67",
"64",
"56",
"67",
"56",
"71",
"60",
"54",
"53",
"54",
"60",
"75",
"72",
"45",
"64",
"72",
"61",
"59",
"76",
"68",
"66",
"64",
"58",
"59",
"42",
"57",
"87",
"62",
"57",
"64",
"49",
"54",
"55",
"38",
"46",
"60",
"42",
"52",
"63",
"45",
"60",
"64",
"66",
"57",
"71",
"56",
"49",
"71",
"66",
"66",
"50",
"54",
"61",
"65",
"47",
"80",
"68",
"58",
"63",
"55",
"52",
"64",
"58",
"70",
"68",
"59",
"59",
"61",
"64",
"57",
"57",
"58",
"71",
"58",
"69",
"58",
"46",
"74",
"61",
"57",
"47",
"65",
"50",
"66",
"53",
"51",
"53",
"64",
"45",
"65",
"83",
"53",
"52",
"61",
"56",
"54",
"45",
"60",
"61",
"57",
"47",
"63",
"56",
"57",
"72",
"68",
"50",
"62",
"68",
"63",
"62",
"61",
"54",
"70",
"60",
"55",
"61",
"62",
"57",
"52",
"63",
"65",
"74",
"66",
"62",
"63",
"70",
"46",
"67",
"64",
"68",
"48",
"55",
"52",
"45",
"58",
"55",
"62",
"71",
"46",
"57",
"48",
"53",
"63",
"45",
"55",
"59",
"54",
"63",
"65",
"57",
"54",
"55",
"55",
"47",
"60",
"61",
"49",
"59",
"68",
"63",
"53",
"53",
"55",
"59",
"70",
"59",
"51",
"72",
"49",
"51",
"50",
"48",
"61",
"56",
"56",
"53",
"67",
"62",
"69",
"51",
"52",
"58",
"50",
"40",
"61",
"40",
"50",
"51",
"55",
"63",
"55",
"53",
"56",
"58",
"47",
"56",
"51",
"45",
"69",
"69",
"52",
"42",
"55",
"64",
"56",
"71",
"52",
"64",
"50",
"53",
"57",
"59",
"70",
"51",
"49",
"56",
"55",
"54",
"56",
"62",
"55",
"53",
"59",
"62",
"51",
"58",
"67",
"62",
"46",
"69",
"59",
"55",
"61",
"55",
"53",
"51",
"57",
"63",
"54",
"57",
"47",
"60",
"54",
"61",
"52",
"55",
"56",
"52",
"56",
"62",
"59",
"51",
"60",
"47",
"61",
"56",
"82",
"60",
"65",
"54",
"58",
"61",
"59",
"54",
"51",
"54",
"62",
"53",
"58",
"60",
"62",
"66",
"65",
"62",
"60",
"51",
"61",
"57",
"64",
"63",
"47",
"70",
"55",
"66",
"74",
"76",
"49",
"76",
"68",
"63",
"57",
"57",
"83",
"52",
"58",
"74",
"69",
"71",
"70",
"78",
"67",
"58",
"80",
"70",
"77",
"71",
"50",
"80",
"97",
"75",
"82",
"82",
"78",
"67",
"80",
"96",
"84",
"76",
"88",
"76",
"73",
"91",
"100",
"89",
"92",
"105",
"109",
"113",
"109",
"109",
"118",
"114",
"138",
"105",
"129",
"128",
"153",
"116",
"125",
"147",
"162",
"154",
"143",
"171",
"158",
"158",
"170",
"220",
"218",
"208",
"197",
"212",
"238",
"228",
"227",
"250",
"261",
"232",
"265",
"314",
"321",
"308",
"298",
"335",
"320",
"338",
"346",
"346",
"336",
"327",
"357",
"393",
"378",
"360",
"374",
"401",
"408",
"375",
"397",
"428",
"379",
"385",
"375",
"400",
"421",
"367",
"390",
"337",
"385",
"382",
"336",
"360",
"394",
"329",
"328",
"368",
"333",
"307",
"339",
"314",
"290",
"262",
"326",
"260",
"259",
"250",
"245",
"227",
"228",
"216",
"218",
"196",
"210",
"176",
"153",
"162",
"165",
"150",
"146",
"150",
"130",
"146",
"140",
"117",
"97",
"116",
"97",
"106",
"115",
"109",
"100",
"97",
"106",
"95",
"74",
"73",
"107",
"90",
"98",
"89",
"94",
"87",
"75",
"114",
"106",
"107",
"77",
"101",
"105",
"106",
"122",
"112",
"144",
"121",
"146",
"147",
"137",
"139",
"191",
"150",
"152",
"171",
"179",
"173",
"217",
"179",
"185",
"180",
"197",
"174",
"159",
"167",
"202",
"187",
"157",
"176",
"152",
"129",
"165",
"132",
"145",
"112",
"95",
"126",
"104",
"118",
"98",
"86",
"99",
"71",
"74",
"66",
"63",
"63",
"56",
"60",
"61",
"63",
"41",
"49",
"64",
"48",
"54",
"51",
"49",
"53",
"26524",
"Channel_info_start",
"Channel : Mg",
"Points : 0",
"Range : 0.000000 - 0.000000",
"Step : 0.010000",
"Channel_info_end",
"Channel_info_start",
"Channel : Al",
"Points : 0",
"Range : 0.000000 - 0.000000",
"Step : 0.010000",
"Channel_info_end",
"Channel_info_start",
"Channel : Si",
"Points : 0",
"Range : 0.000000 - 0.000000",
"Step : 0.010000",
"Channel_info_end",
"Channel_info_start",
"Channel : P ",
"Points : 0",
"Range : 0.000000 - 0.000000",
"Step : 0.010000",
"Channel_info_end",
"Channel_info_start",
"Channel : S ",
"Points : 0",
"Range : 0.000000 - 0.000000",
"Step : 0.010000",
"Channel_info_end",
"Channel_info_start",
"Channel : Cl",
"Points : 0",
"Range : 0.000000 - 0.000000",
"Step : 0.010000",
"Channel_info_end",
"Channel_info_start",
"Channel : K ",
"Points : 0",
"Range : 0.000000 - 0.000000",
"Step : 0.010000",
"Channel_info_end",
"Channel_info_start",
"Channel : Ca",
"Points : 0",
"Range : 0.000000 - 0.000000",
"Step : 0.010000",
"Channel_info_end",
"Channel_info_start",
"Channel : Ti",
"Points : 0",
"Range : 0.000000 - 0.000000",
"Step : 0.010000",
"Channel_info_end",
"Channel_info_start",
"Channel : V ",
"Points : 0",
"Range : 0.000000 - 0.000000",
"Step : 0.010000",
"Channel_info_end",
"Channel_info_start",
"Channel : Cr",
"Points : 0",
"Range : 0.000000 - 0.000000",
"Step : 0.010000",
"Channel_info_end",
"Channel_info_start",
"Channel : Mn",
"Points : 0",
"Range : 0.000000 - 0.000000",
"Step : 0.010000",
"Channel_info_end",
"Channel_info_start",
"Channel : Fe",
"Points : 0",
"Range : 0.000000 - 0.000000",
"Step : 0.010000",
"Channel_info_end",
"Channel_info_start",
"Channel : Cu",
"Points : 0",
"Range : 0.000000 - 0.000000",
"Step : 0.010000",
"Channel_info_end",
"Channel_info_start",
"Channel : Zn",
"Points : 0",
"Range : 0.000000 - 0.000000",
"Step : 0.010000",
"Channel_info_end",
"Channel_info_start",
"Channel : Sr",
"Points : 0",
"Range : 0.000000 - 0.000000",
"Step : 0.010000",
"Channel_info_end",
"Channel_info_start",
"Channel : Pb",
"Points : 0",
"Range : 0.000000 - 0.000000",
"Step : 0.010000",
"Channel_info_end",
"",
"Qualitative Result",
"--------------------------------------------------------------------------------",
"Element :  P , Ti, Rh",
"",
"Peak List",
"--------------------------------------------------------------------------------",
"Channel               Line        keV     Net Int.(cps/uA)",
"--------------------------------------------------------------------------------",
"Na                    P Ka         1.98     0.013",
"                      TiKaESC      2.75     0.067",
"                      ----         3.69     0.170",
"                      TiKa         4.51     9.207",
"                      TiKb         4.92     1.165",
"                      RhKaC       19.16     0.130",
"                      ----        19.51     0.046",
"                      RhKa        20.06     0.058",
"--------------------------------------------------------------------------------",
"",
"Quantitative Result",
"--------------------------------------------------------------------------------",
"Analyte               Result             Std.Dev. Proc.-Calc. Line Intensity(cps/uA)",
"--------------------------------------------------------------------------------",
"====[No. 1 Layer]====< Layer1               >===============================",
"Layer1                   0.000 ug/cm2    -------- Flux       -------- --------",
