"Sample    : cr_34673_16p",
"Operator  : ",
"Comment  : micromater cr 52.2ug/cm2",
"Group     : kerr2007ab13liv300al",
"Date       : 2020-06-10 09:57:45",
"",
"Mesurement Condition",
"------------------------------------------------------------------------------------",
"Instrument : 700HS2   Atmosphere : Vac.   Collimator : 10(mm)   Spin : No",
"------------------------------------------------------------------------------------",
"Analyte               TG kV   uA      FI Acq.(keV)  Anal.(keV)  Time(sec)     DT(%)",
"------------------------------------------------------------------------------------",
"Na                    Rh 50  378-Auto Al  0 - 20    0.8 - 1.2   Live -  179   19",
"",
"<Profile>",
"Channel_info_start",
"Channel : Na",
"Points : 2048",
"Range : 0.000000 - 20.480000",
"Step : 0.010000",
"Channel_info_end",
"0",
"0",
"0",
"0",
"0",
"0",
"0",
"0",
"0",
"0",
"0",
"0",
"0",
"0",
"0",
"0",
"0",
"0",
"0",
"0",
"0",
"0",
"0",
"0",
"0",
"0",
"0",
"0",
"0",
"0",
"15",
"23",
"15",
"24",
"11",
"12",
"14",
"25",
"17",
"15",
"18",
"16",
"16",
"16",
"9",
"13",
"14",
"11",
"13",
"12",
"13",
"20",
"23",
"19",
"20",
"15",
"15",
"24",
"11",
"19",
"18",
"27",
"15",
"15",
"15",
"15",
"9",
"19",
"16",
"20",
"14",
"17",
"8",
"21",
"22",
"20",
"12",
"13",
"18",
"14",
"14",
"22",
"11",
"16",
"7",
"20",
"8",
"20",
"23",
"16",
"17",
"15",
"16",
"11",
"18",
"17",
"11",
"14",
"21",
"19",
"20",
"23",
"13",
"20",
"13",
"13",
"6",
"15",
"20",
"18",
"19",
"18",
"20",
"21",
"19",
"17",
"20",
"16",
"17",
"14",
"19",
"18",
"9",
"17",
"13",
"15",
"17",
"21",
"11",
"21",
"19",
"24",
"18",
"21",
"16",
"22",
"15",
"11",
"20",
"15",
"19",
"24",
"17",
"20",
"19",
"22",
"32",
"21",
"21",
"31",
"35",
"25",
"23",
"28",
"21",
"19",
"32",
"20",
"22",
"15",
"29",
"24",
"12",
"19",
"16",
"26",
"16",
"18",
"18",
"24",
"16",
"24",
"19",
"28",
"29",
"34",
"29",
"26",
"23",
"26",
"20",
"21",
"28",
"23",
"24",
"24",
"24",
"19",
"29",
"36",
"31",
"37",
"44",
"47",
"39",
"51",
"59",
"80",
"91",
"81",
"89",
"87",
"81",
"87",
"84",
"75",
"77",
"69",
"62",
"38",
"39",
"44",
"37",
"31",
"22",
"27",
"25",
"21",
"24",
"19",
"17",
"19",
"13",
"18",
"28",
"17",
"17",
"19",
"25",
"23",
"16",
"21",
"24",
"17",
"15",
"27",
"21",
"18",
"16",
"21",
"19",
"19",
"21",
"20",
"18",
"18",
"18",
"12",
"21",
"16",
"16",
"21",
"7",
"21",
"17",
"24",
"20",
"21",
"23",
"17",
"21",
"18",
"17",
"18",
"17",
"23",
"25",
"22",
"23",
"21",
"29",
"27",
"28",
"22",
"16",
"37",
"32",
"25",
"35",
"32",
"22",
"28",
"29",
"24",
"18",
"27",
"34",
"29",
"20",
"31",
"18",
"28",
"18",
"26",
"24",
"27",
"31",
"20",
"23",
"33",
"31",
"24",
"28",
"14",
"35",
"20",
"20",
"19",
"24",
"23",
"26",
"15",
"17",
"20",
"24",
"33",
"28",
"32",
"28",
"40",
"23",
"32",
"23",
"31",
"27",
"27",
"24",
"31",
"22",
"35",
"39",
"32",
"35",
"37",
"20",
"35",
"33",
"28",
"44",
"38",
"37",
"35",
"31",
"34",
"26",
"34",
"29",
"49",
"47",
"41",
"39",
"42",
"53",
"84",
"83",
"113",
"153",
"181",
"204",
"296",
"392",
"432",
"489",
"685",
"765",
"833",
"964",
"1135",
"1113",
"1138",
"1098",
"1186",
"1107",
"1100",
"914",
"863",
"707",
"675",
"535",
"465",
"361",
"282",
"211",
"176",
"121",
"115",
"75",
"98",
"95",
"92",
"81",
"83",
"91",
"101",
"116",
"94",
"107",
"135",
"122",
"159",
"155",
"165",
"163",
"161",
"153",
"158",
"152",
"155",
"134",
"143",
"102",
"103",
"97",
"109",
"84",
"83",
"77",
"74",
"104",
"95",
"71",
"82",
"77",
"81",
"72",
"75",
"74",
"85",
"81",
"86",
"99",
"79",
"67",
"81",
"76",
"74",
"91",
"80",
"61",
"84",
"61",
"84",
"78",
"92",
"83",
"91",
"104",
"105",
"91",
"95",
"107",
"106",
"85",
"101",
"98",
"122",
"119",
"116",
"100",
"129",
"124",
"115",
"128",
"140",
"106",
"114",
"108",
"116",
"134",
"128",
"131",
"92",
"108",
"111",
"128",
"103",
"138",
"132",
"111",
"99",
"136",
"112",
"119",
"112",
"107",
"97",
"91",
"124",
"122",
"126",
"117",
"99",
"122",
"111",
"109",
"106",
"124",
"125",
"136",
"139",
"132",
"151",
"132",
"152",
"153",
"155",
"161",
"166",
"151",
"174",
"195",
"199",
"187",
"191",
"221",
"206",
"224",
"253",
"261",
"281",
"332",
"400",
"500",
"626",
"863",
"1222",
"1523",
"2433",
"3154",
"4631",
"5799",
"8011",
"10247",
"13511",
"15934",
"20067",
"23593",
"28551",
"30253",
"35349",
"37606",
"41438",
"40996",
"44432",
"42816",
"43138",
"38685",
"37697",
"34172",
"31850",
"26656",
"23743",
"19636",
"16526",
"12653",
"10383",
"7708",
"6092",
"4207",
"3199",
"2128",
"1534",
"1063",
"772",
"454",
"404",
"298",
"231",
"214",
"195",
"206",
"191",
"196",
"203",
"231",
"217",
"263",
"316",
"353",
"416",
"534",
"674",
"792",
"1029",
"1236",
"1537",
"1706",
"2167",
"2618",
"3105",
"3351",
"4232",
"4276",
"5042",
"4923",
"5360",
"5404",
"5483",
"5344",
"5353",
"4987",
"4830",
"4157",
"3703",
"3430",
"3011",
"2434",
"2143",
"1759",
"1434",
"1027",
"782",
"623",
"489",
"338",
"276",
"235",
"176",
"116",
"95",
"100",
"76",
"81",
"96",
"96",
"74",
"73",
"80",
"77",
"96",
"81",
"69",
"108",
"98",
"97",
"93",
"97",
"111",
"102",
"89",
"100",
"121",
"105",
"92",
"72",
"96",
"99",
"93",
"115",
"104",
"100",
"117",
"123",
"81",
"85",
"108",
"107",
"97",
"79",
"111",
"91",
"109",
"108",
"115",
"105",
"106",
"101",
"103",
"118",
"98",
"101",
"100",
"115",
"100",
"98",
"85",
"100",
"118",
"81",
"122",
"105",
"86",
"85",
"109",
"93",
"99",
"91",
"108",
"76",
"81",
"66",
"84",
"87",
"94",
"72",
"100",
"100",
"83",
"69",
"105",
"79",
"79",
"77",
"86",
"112",
"76",
"80",
"71",
"80",
"85",
"86",
"83",
"87",
"94",
"97",
"84",
"91",
"87",
"78",
"101",
"101",
"97",
"65",
"82",
"83",
"94",
"73",
"87",
"79",
"91",
"77",
"101",
"102",
"78",
"84",
"95",
"88",
"98",
"86",
"80",
"88",
"89",
"79",
"78",
"102",
"92",
"91",
"101",
"96",
"93",
"86",
"69",
"75",
"99",
"80",
"104",
"89",
"88",
"87",
"79",
"94",
"78",
"96",
"96",
"80",
"79",
"93",
"91",
"106",
"102",
"83",
"91",
"103",
"99",
"102",
"99",
"99",
"105",
"96",
"93",
"105",
"82",
"109",
"100",
"103",
"92",
"122",
"84",
"101",
"104",
"97",
"114",
"124",
"119",
"111",
"105",
"105",
"115",
"104",
"113",
"139",
"109",
"144",
"128",
"122",
"126",
"135",
"139",
"113",
"131",
"101",
"126",
"122",
"147",
"112",
"118",
"97",
"94",
"91",
"83",
"91",
"117",
"96",
"85",
"94",
"88",
"81",
"94",
"101",
"99",
"106",
"103",
"69",
"91",
"96",
"95",
"98",
"95",
"97",
"100",
"97",
"106",
"82",
"94",
"91",
"95",
"89",
"83",
"80",
"93",
"92",
"103",
"95",
"105",
"102",
"129",
"112",
"112",
"128",
"115",
"124",
"119",
"128",
"123",
"144",
"147",
"123",
"138",
"139",
"144",
"144",
"125",
"138",
"128",
"121",
"137",
"120",
"123",
"111",
"108",
"95",
"95",
"101",
"116",
"82",
"103",
"95",
"96",
"98",
"97",
"92",
"107",
"96",
"105",
"103",
"83",
"95",
"97",
"88",
"100",
"95",
"91",
"82",
"78",
"88",
"98",
"92",
"87",
"81",
"96",
"106",
"96",
"111",
"77",
"88",
"98",
"99",
"85",
"97",
"88",
"83",
"104",
"83",
"78",
"98",
"100",
"106",
"113",
"88",
"84",
"77",
"86",
"99",
"81",
"87",
"98",
"77",
"85",
"96",
"85",
"100",
"78",
"117",
"95",
"88",
"105",
"68",
"88",
"93",
"81",
"96",
"82",
"85",
"99",
"93",
"99",
"85",
"98",
"87",
"97",
"108",
"105",
"102",
"87",
"88",
"103",
"91",
"99",
"94",
"108",
"89",
"99",
"87",
"100",
"85",
"102",
"99",
"102",
"80",
"107",
"85",
"105",
"99",
"97",
"109",
"86",
"84",
"99",
"89",
"85",
"76",
"82",
"93",
"100",
"86",
"88",
"89",
"76",
"82",
"100",
"85",
"87",
"67",
"108",
"91",
"107",
"100",
"102",
"92",
"93",
"85",
"103",
"82",
"112",
"94",
"96",
"98",
"103",
"99",
"86",
"92",
"82",
"88",
"76",
"103",
"92",
"92",
"82",
"84",
"92",
"93",
"84",
"104",
"82",
"82",
"101",
"95",
"91",
"96",
"89",
"82",
"94",
"96",
"85",
"93",
"95",
"88",
"83",
"89",
"87",
"73",
"97",
"80",
"79",
"76",
"75",
"77",
"102",
"93",
"99",
"92",
"78",
"84",
"77",
"94",
"100",
"97",
"69",
"102",
"86",
"73",
"82",
"107",
"108",
"111",
"127",
"106",
"112",
"129",
"127",
"123",
"148",
"129",
"132",
"157",
"158",
"131",
"135",
"181",
"177",
"165",
"176",
"183",
"164",
"142",
"174",
"122",
"137",
"118",
"117",
"115",
"102",
"118",
"111",
"101",
"82",
"102",
"94",
"93",
"105",
"88",
"89",
"73",
"111",
"80",
"97",
"98",
"91",
"82",
"83",
"67",
"87",
"87",
"95",
"88",
"106",
"88",
"91",
"89",
"91",
"91",
"73",
"95",
"99",
"109",
"93",
"95",
"125",
"104",
"122",
"98",
"104",
"100",
"102",
"99",
"103",
"111",
"97",
"99",
"85",
"97",
"108",
"99",
"87",
"98",
"101",
"74",
"94",
"112",
"83",
"91",
"98",
"75",
"71",
"74",
"98",
"82",
"87",
"72",
"75",
"79",
"75",
"65",
"104",
"77",
"88",
"78",
"67",
"82",
"80",
"73",
"88",
"69",
"73",
"83",
"77",
"81",
"91",
"86",
"80",
"82",
"82",
"92",
"79",
"82",
"82",
"82",
"84",
"69",
"76",
"76",
"78",
"86",
"69",
"81",
"80",
"81",
"73",
"75",
"83",
"80",
"72",
"76",
"71",
"87",
"72",
"97",
"65",
"80",
"73",
"81",
"79",
"66",
"75",
"65",
"95",
"68",
"85",
"76",
"81",
"69",
"82",
"97",
"69",
"78",
"77",
"87",
"72",
"63",
"89",
"87",
"76",
"80",
"65",
"83",
"78",
"80",
"85",
"77",
"81",
"83",
"72",
"75",
"79",
"63",
"74",
"76",
"78",
"73",
"67",
"72",
"84",
"61",
"69",
"88",
"74",
"55",
"66",
"65",
"78",
"74",
"84",
"86",
"83",
"78",
"63",
"72",
"87",
"56",
"85",
"103",
"75",
"79",
"79",
"67",
"61",
"59",
"69",
"78",
"80",
"65",
"89",
"76",
"85",
"77",
"73",
"63",
"86",
"68",
"63",
"68",
"58",
"85",
"67",
"76",
"79",
"62",
"67",
"83",
"89",
"84",
"75",
"84",
"76",
"65",
"79",
"69",
"77",
"66",
"76",
"75",
"77",
"73",
"77",
"66",
"68",
"81",
"54",
"85",
"71",
"74",
"86",
"83",
"67",
"75",
"64",
"93",
"76",
"54",
"67",
"67",
"74",
"75",
"71",
"78",
"71",
"81",
"82",
"79",
"83",
"68",
"62",
"76",
"71",
"66",
"72",
"66",
"81",
"62",
"79",
"64",
"68",
"82",
"72",
"75",
"69",
"65",
"55",
"76",
"73",
"63",
"68",
"66",
"74",
"73",
"80",
"80",
"80",
"53",
"51",
"80",
"84",
"75",
"61",
"66",
"72",
"64",
"60",
"80",
"68",
"59",
"63",
"71",
"74",
"68",
"74",
"77",
"64",
"63",
"63",
"67",
"72",
"79",
"82",
"81",
"63",
"75",
"87",
"75",
"56",
"72",
"56",
"69",
"67",
"65",
"82",
"71",
"73",
"69",
"80",
"59",
"74",
"69",
"74",
"75",
"58",
"72",
"67",
"79",
"71",
"49",
"63",
"59",
"83",
"63",
"64",
"74",
"62",
"51",
"67",
"71",
"79",
"61",
"65",
"69",
"74",
"68",
"66",
"69",
"65",
"61",
"74",
"66",
"81",
"85",
"58",
"58",
"48",
"68",
"58",
"75",
"69",
"58",
"51",
"60",
"56",
"62",
"63",
"59",
"51",
"77",
"67",
"82",
"71",
"66",
"63",
"59",
"69",
"69",
"44",
"65",
"64",
"51",
"62",
"55",
"67",
"61",
"66",
"65",
"59",
"61",
"72",
"78",
"66",
"45",
"63",
"55",
"59",
"71",
"51",
"77",
"53",
"71",
"51",
"72",
"58",
"64",
"51",
"57",
"76",
"59",
"61",
"62",
"65",
"72",
"72",
"61",
"59",
"46",
"69",
"60",
"64",
"61",
"63",
"43",
"48",
"53",
"67",
"63",
"53",
"60",
"65",
"58",
"62",
"49",
"52",
"51",
"67",
"69",
"68",
"52",
"69",
"62",
"58",
"78",
"58",
"57",
"64",
"60",
"59",
"44",
"71",
"57",
"57",
"65",
"75",
"71",
"64",
"37",
"59",
"53",
"53",
"63",
"57",
"66",
"47",
"48",
"63",
"73",
"72",
"54",
"74",
"51",
"58",
"59",
"67",
"54",
"53",
"49",
"63",
"64",
"65",
"61",
"61",
"53",
"59",
"58",
"56",
"52",
"55",
"60",
"73",
"57",
"57",
"51",
"68",
"66",
"62",
"59",
"57",
"58",
"49",
"45",
"58",
"69",
"59",
"54",
"44",
"54",
"68",
"63",
"45",
"53",
"55",
"47",
"59",
"53",
"48",
"51",
"48",
"65",
"65",
"51",
"58",
"45",
"47",
"54",
"56",
"51",
"53",
"59",
"45",
"54",
"43",
"54",
"45",
"56",
"58",
"58",
"51",
"57",
"53",
"47",
"59",
"54",
"59",
"44",
"55",
"60",
"61",
"59",
"58",
"59",
"72",
"57",
"67",
"43",
"43",
"47",
"49",
"48",
"58",
"62",
"52",
"64",
"62",
"68",
"52",
"66",
"59",
"46",
"42",
"58",
"68",
"48",
"64",
"58",
"72",
"58",
"56",
"46",
"40",
"54",
"52",
"53",
"51",
"62",
"55",
"39",
"49",
"53",
"48",
"41",
"48",
"51",
"53",
"45",
"56",
"60",
"58",
"44",
"57",
"44",
"46",
"56",
"57",
"51",
"61",
"46",
"64",
"51",
"66",
"63",
"43",
"53",
"49",
"53",
"40",
"64",
"45",
"58",
"52",
"47",
"55",
"59",
"65",
"54",
"53",
"53",
"57",
"51",
"61",
"46",
"53",
"58",
"52",
"42",
"49",
"54",
"44",
"56",
"47",
"58",
"65",
"62",
"46",
"37",
"56",
"51",
"37",
"75",
"48",
"54",
"55",
"44",
"48",
"54",
"60",
"47",
"37",
"69",
"45",
"41",
"54",
"45",
"57",
"62",
"62",
"43",
"47",
"52",
"55",
"54",
"59",
"41",
"47",
"41",
"40",
"45",
"53",
"49",
"44",
"59",
"54",
"43",
"59",
"59",
"47",
"59",
"48",
"48",
"46",
"75",
"66",
"54",
"49",
"57",
"69",
"64",
"52",
"60",
"59",
"57",
"56",
"56",
"64",
"47",
"59",
"60",
"51",
"52",
"52",
"46",
"63",
"72",
"64",
"56",
"65",
"68",
"52",
"48",
"63",
"54",
"52",
"69",
"68",
"57",
"60",
"58",
"74",
"60",
"65",
"56",
"60",
"53",
"59",
"54",
"63",
"61",
"58",
"55",
"57",
"59",
"71",
"63",
"61",
"49",
"68",
"60",
"74",
"79",
"75",
"73",
"73",
"65",
"61",
"67",
"73",
"91",
"84",
"85",
"82",
"60",
"96",
"91",
"75",
"81",
"91",
"94",
"92",
"81",
"106",
"86",
"80",
"87",
"84",
"105",
"104",
"103",
"118",
"107",
"119",
"100",
"115",
"117",
"127",
"129",
"144",
"160",
"155",
"136",
"146",
"164",
"183",
"152",
"166",
"177",
"183",
"162",
"181",
"226",
"229",
"209",
"243",
"242",
"254",
"241",
"276",
"291",
"304",
"287",
"302",
"334",
"309",
"309",
"293",
"335",
"354",
"339",
"335",
"340",
"375",
"352",
"361",
"337",
"405",
"363",
"342",
"360",
"368",
"346",
"371",
"385",
"342",
"335",
"371",
"329",
"346",
"358",
"359",
"341",
"328",
"302",
"311",
"295",
"275",
"279",
"251",
"302",
"297",
"244",
"231",
"251",
"232",
"216",
"202",
"225",
"178",
"201",
"173",
"199",
"158",
"182",
"153",
"148",
"167",
"127",
"123",
"160",
"137",
"124",
"121",
"109",
"119",
"95",
"89",
"88",
"103",
"94",
"84",
"84",
"75",
"62",
"67",
"112",
"96",
"68",
"77",
"80",
"76",
"87",
"81",
"91",
"73",
"79",
"84",
"99",
"108",
"107",
"122",
"96",
"107",
"125",
"117",
"111",
"112",
"135",
"140",
"160",
"144",
"157",
"148",
"184",
"159",
"177",
"154",
"211",
"174",
"173",
"180",
"159",
"197",
"138",
"186",
"146",
"168",
"146",
"156",
"163",
"124",
"109",
"117",
"108",
"114",
"89",
"112",
"94",
"102",
"88",
"83",
"74",
"80",
"56",
"62",
"76",
"45",
"40",
"26254",
"Channel_info_start",
"Channel : Mg",
"Points : 0",
"Range : 0.000000 - 0.000000",
"Step : 0.010000",
"Channel_info_end",
"Channel_info_start",
"Channel : Al",
"Points : 0",
"Range : 0.000000 - 0.000000",
"Step : 0.010000",
"Channel_info_end",
"Channel_info_start",
"Channel : Si",
"Points : 0",
"Range : 0.000000 - 0.000000",
"Step : 0.010000",
"Channel_info_end",
"Channel_info_start",
"Channel : P ",
"Points : 0",
"Range : 0.000000 - 0.000000",
"Step : 0.010000",
"Channel_info_end",
"Channel_info_start",
"Channel : S ",
"Points : 0",
"Range : 0.000000 - 0.000000",
"Step : 0.010000",
"Channel_info_end",
"Channel_info_start",
"Channel : Cl",
"Points : 0",
"Range : 0.000000 - 0.000000",
"Step : 0.010000",
"Channel_info_end",
"Channel_info_start",
"Channel : K ",
"Points : 0",
"Range : 0.000000 - 0.000000",
"Step : 0.010000",
"Channel_info_end",
"Channel_info_start",
"Channel : Ca",
"Points : 0",
"Range : 0.000000 - 0.000000",
"Step : 0.010000",
"Channel_info_end",
"Channel_info_start",
"Channel : Ti",
"Points : 0",
"Range : 0.000000 - 0.000000",
"Step : 0.010000",
"Channel_info_end",
"Channel_info_start",
"Channel : V ",
"Points : 0",
"Range : 0.000000 - 0.000000",
"Step : 0.010000",
"Channel_info_end",
"Channel_info_start",
"Channel : Cr",
"Points : 0",
"Range : 0.000000 - 0.000000",
"Step : 0.010000",
"Channel_info_end",
"Channel_info_start",
"Channel : Mn",
"Points : 0",
"Range : 0.000000 - 0.000000",
"Step : 0.010000",
"Channel_info_end",
"Channel_info_start",
"Channel : Fe",
"Points : 0",
"Range : 0.000000 - 0.000000",
"Step : 0.010000",
"Channel_info_end",
"Channel_info_start",
"Channel : Cu",
"Points : 0",
"Range : 0.000000 - 0.000000",
"Step : 0.010000",
"Channel_info_end",
"Channel_info_start",
"Channel : Zn",
"Points : 0",
"Range : 0.000000 - 0.000000",
"Step : 0.010000",
"Channel_info_end",
"Channel_info_start",
"Channel : Sr",
"Points : 0",
"Range : 0.000000 - 0.000000",
"Step : 0.010000",
"Channel_info_end",
"Channel_info_start",
"Channel : Pb",
"Points : 0",
"Range : 0.000000 - 0.000000",
"Step : 0.010000",
"Channel_info_end",
"",
"Qualitative Result",
"--------------------------------------------------------------------------------",
"Element :  P , Ca, Cr, Ru",
"",
"Peak List",
"--------------------------------------------------------------------------------",
"Channel               Line        keV     Net Int.(cps/uA)",
"--------------------------------------------------------------------------------",
"Na                    P Ka         1.99     0.012",
"                      CaKa         3.68     0.222",
"                      CaKb         4.02     0.021",
"                      CrKa         5.44     9.880",
"                      CrKb         5.96     1.231",
"                      CrKaSUM     10.92     0.027",
"                      RuKa        19.22     0.084",
"                      ----        19.49     0.062",
"--------------------------------------------------------------------------------",
"",
"Quantitative Result",
"--------------------------------------------------------------------------------",
"Analyte               Result             Std.Dev. Proc.-Calc. Line Intensity(cps/uA)",
"--------------------------------------------------------------------------------",
"====[No. 1 Layer]====< Layer1               >===============================",
"Layer1                   0.000 ug/cm2    -------- Flux       -------- --------",
