"Sample    : al_34664_16p",
"Operator  : ",
"Comment  : micromater al 50.0ug/cm2",
"Group     : kerr2007ab13liv300al",
"Date       : 2013-03-06 17:17:40",
"",
"Mesurement Condition",
"------------------------------------------------------------------------------------",
"Instrument : 700HS2   Atmosphere : Vac.   Collimator : 10(mm)   Spin : No",
"------------------------------------------------------------------------------------",
"Analyte               TG kV   uA      FI Acq.(keV)  Anal.(keV)  Time(sec)     DT(%)",
"------------------------------------------------------------------------------------",
"Na                    Rh 50 1000-Auto Al  0 - 20    0.8 - 1.2   Live -  180   16",
"",
"<Profile>",
"Channel_info_start",
"Channel : Na",
"Points : 2048",
"Range : 0.000000 - 20.480000",
"Step : 0.010000",
"Channel_info_end",
"0",
"0",
"0",
"0",
"0",
"0",
"0",
"0",
"0",
"0",
"0",
"0",
"0",
"0",
"0",
"0",
"0",
"0",
"0",
"0",
"0",
"0",
"0",
"0",
"0",
"0",
"0",
"0",
"2",
"2",
"22",
"53",
"55",
"66",
"53",
"64",
"50",
"64",
"49",
"60",
"64",
"58",
"71",
"60",
"69",
"55",
"75",
"59",
"60",
"57",
"59",
"52",
"58",
"60",
"53",
"57",
"55",
"42",
"42",
"48",
"40",
"54",
"44",
"52",
"50",
"44",
"53",
"39",
"54",
"43",
"48",
"49",
"43",
"36",
"49",
"43",
"47",
"52",
"43",
"57",
"44",
"44",
"42",
"38",
"45",
"61",
"48",
"56",
"39",
"46",
"38",
"49",
"48",
"53",
"45",
"69",
"51",
"58",
"55",
"60",
"49",
"59",
"65",
"50",
"54",
"55",
"47",
"56",
"48",
"61",
"46",
"60",
"55",
"55",
"52",
"51",
"74",
"63",
"71",
"56",
"88",
"66",
"79",
"103",
"98",
"109",
"103",
"117",
"111",
"133",
"110",
"121",
"146",
"184",
"173",
"272",
"354",
"510",
"784",
"1166",
"1657",
"2280",
"3001",
"3878",
"4357",
"5245",
"5491",
"5785",
"5749",
"5654",
"5046",
"4769",
"3774",
"3105",
"2523",
"1830",
"1293",
"981",
"606",
"447",
"308",
"207",
"141",
"125",
"113",
"105",
"78",
"89",
"64",
"60",
"77",
"78",
"67",
"73",
"88",
"81",
"65",
"84",
"62",
"59",
"60",
"82",
"65",
"65",
"77",
"62",
"66",
"79",
"81",
"99",
"92",
"149",
"127",
"158",
"197",
"207",
"226",
"304",
"272",
"308",
"268",
"290",
"300",
"234",
"234",
"188",
"143",
"145",
"120",
"89",
"76",
"61",
"74",
"58",
"55",
"58",
"45",
"50",
"44",
"53",
"46",
"40",
"32",
"42",
"36",
"50",
"45",
"34",
"46",
"42",
"35",
"45",
"30",
"29",
"31",
"21",
"35",
"24",
"34",
"40",
"35",
"27",
"38",
"33",
"29",
"34",
"29",
"29",
"43",
"42",
"30",
"34",
"39",
"32",
"35",
"46",
"39",
"42",
"35",
"45",
"48",
"38",
"45",
"55",
"49",
"42",
"46",
"79",
"57",
"51",
"58",
"59",
"44",
"54",
"59",
"44",
"47",
"62",
"49",
"58",
"52",
"65",
"66",
"54",
"63",
"38",
"70",
"67",
"55",
"48",
"50",
"42",
"46",
"53",
"46",
"51",
"47",
"51",
"48",
"46",
"53",
"47",
"34",
"51",
"34",
"38",
"50",
"47",
"45",
"46",
"40",
"39",
"43",
"59",
"61",
"52",
"53",
"60",
"40",
"54",
"54",
"47",
"47",
"43",
"44",
"55",
"46",
"51",
"59",
"45",
"57",
"46",
"52",
"72",
"60",
"76",
"61",
"57",
"62",
"57",
"64",
"66",
"63",
"94",
"71",
"85",
"77",
"84",
"100",
"107",
"118",
"170",
"213",
"231",
"282",
"393",
"545",
"693",
"902",
"1090",
"1430",
"1850",
"2113",
"2490",
"2834",
"3256",
"3279",
"3680",
"3715",
"3668",
"3363",
"3212",
"2957",
"2547",
"2150",
"1814",
"1460",
"1120",
"899",
"686",
"530",
"391",
"312",
"264",
"204",
"224",
"177",
"214",
"206",
"216",
"228",
"283",
"282",
"299",
"388",
"387",
"431",
"448",
"497",
"565",
"528",
"568",
"505",
"489",
"387",
"416",
"356",
"333",
"278",
"242",
"190",
"183",
"139",
"115",
"112",
"91",
"100",
"83",
"65",
"74",
"65",
"70",
"72",
"94",
"93",
"93",
"92",
"78",
"83",
"114",
"102",
"115",
"122",
"132",
"111",
"122",
"126",
"126",
"137",
"125",
"129",
"154",
"158",
"134",
"147",
"142",
"168",
"182",
"143",
"176",
"165",
"145",
"198",
"173",
"169",
"189",
"173",
"158",
"169",
"169",
"162",
"170",
"169",
"155",
"153",
"181",
"171",
"193",
"185",
"186",
"149",
"149",
"170",
"151",
"152",
"133",
"152",
"154",
"122",
"133",
"135",
"143",
"128",
"142",
"145",
"163",
"144",
"122",
"142",
"133",
"136",
"146",
"127",
"141",
"131",
"133",
"151",
"128",
"110",
"146",
"122",
"153",
"136",
"114",
"122",
"116",
"144",
"154",
"134",
"148",
"142",
"158",
"130",
"133",
"115",
"131",
"147",
"151",
"158",
"169",
"163",
"155",
"143",
"162",
"168",
"162",
"174",
"156",
"156",
"166",
"183",
"164",
"167",
"175",
"189",
"213",
"184",
"200",
"169",
"204",
"216",
"217",
"225",
"225",
"197",
"186",
"225",
"213",
"224",
"214",
"212",
"210",
"190",
"175",
"186",
"181",
"204",
"194",
"189",
"204",
"195",
"193",
"174",
"191",
"198",
"212",
"185",
"184",
"187",
"152",
"177",
"210",
"198",
"180",
"199",
"201",
"170",
"192",
"177",
"210",
"195",
"220",
"180",
"211",
"203",
"220",
"195",
"231",
"207",
"234",
"191",
"204",
"212",
"221",
"204",
"231",
"214",
"200",
"209",
"244",
"202",
"229",
"204",
"222",
"235",
"234",
"220",
"235",
"259",
"278",
"256",
"243",
"250",
"263",
"259",
"281",
"269",
"251",
"299",
"282",
"283",
"286",
"278",
"278",
"293",
"316",
"316",
"345",
"346",
"309",
"318",
"332",
"327",
"333",
"305",
"321",
"347",
"348",
"312",
"391",
"359",
"371",
"387",
"371",
"349",
"340",
"349",
"359",
"361",
"337",
"299",
"330",
"380",
"331",
"318",
"367",
"343",
"376",
"329",
"315",
"333",
"321",
"350",
"324",
"346",
"337",
"311",
"317",
"359",
"316",
"339",
"331",
"322",
"367",
"330",
"285",
"303",
"340",
"307",
"351",
"336",
"322",
"347",
"320",
"330",
"315",
"312",
"330",
"352",
"328",
"286",
"309",
"320",
"321",
"315",
"329",
"305",
"341",
"305",
"300",
"309",
"310",
"286",
"306",
"303",
"292",
"325",
"311",
"295",
"306",
"292",
"307",
"302",
"316",
"316",
"300",
"319",
"320",
"317",
"293",
"323",
"272",
"263",
"279",
"296",
"320",
"305",
"300",
"317",
"286",
"288",
"278",
"295",
"313",
"301",
"286",
"324",
"334",
"326",
"300",
"341",
"310",
"316",
"288",
"325",
"323",
"293",
"327",
"327",
"348",
"304",
"288",
"315",
"292",
"253",
"305",
"291",
"303",
"300",
"322",
"321",
"326",
"302",
"286",
"320",
"333",
"310",
"304",
"368",
"324",
"328",
"318",
"320",
"312",
"313",
"320",
"337",
"326",
"329",
"302",
"336",
"335",
"340",
"345",
"377",
"349",
"378",
"344",
"381",
"375",
"372",
"353",
"388",
"401",
"395",
"397",
"400",
"438",
"392",
"360",
"414",
"422",
"407",
"412",
"411",
"432",
"402",
"412",
"402",
"408",
"365",
"372",
"373",
"375",
"365",
"355",
"405",
"402",
"344",
"371",
"372",
"355",
"361",
"321",
"378",
"361",
"373",
"364",
"368",
"395",
"391",
"385",
"399",
"400",
"372",
"373",
"355",
"370",
"381",
"403",
"388",
"381",
"402",
"387",
"374",
"411",
"392",
"446",
"433",
"431",
"384",
"462",
"508",
"511",
"481",
"508",
"530",
"583",
"565",
"594",
"578",
"553",
"599",
"509",
"557",
"582",
"528",
"470",
"469",
"458",
"462",
"425",
"464",
"420",
"395",
"378",
"409",
"388",
"394",
"328",
"352",
"365",
"324",
"353",
"380",
"350",
"303",
"357",
"351",
"352",
"346",
"331",
"347",
"350",
"332",
"353",
"383",
"331",
"323",
"344",
"349",
"348",
"324",
"351",
"320",
"324",
"290",
"334",
"343",
"326",
"334",
"341",
"313",
"332",
"338",
"377",
"355",
"329",
"302",
"331",
"353",
"326",
"323",
"354",
"361",
"339",
"360",
"346",
"345",
"400",
"340",
"321",
"363",
"320",
"335",
"346",
"345",
"347",
"319",
"359",
"386",
"357",
"344",
"347",
"346",
"340",
"336",
"380",
"374",
"347",
"334",
"368",
"345",
"356",
"341",
"344",
"363",
"365",
"339",
"356",
"330",
"368",
"318",
"372",
"347",
"397",
"317",
"350",
"317",
"330",
"319",
"315",
"328",
"304",
"326",
"338",
"329",
"348",
"310",
"364",
"290",
"339",
"331",
"306",
"300",
"337",
"323",
"307",
"326",
"319",
"333",
"312",
"340",
"367",
"324",
"326",
"337",
"329",
"329",
"320",
"330",
"319",
"315",
"316",
"329",
"333",
"317",
"337",
"332",
"336",
"355",
"322",
"318",
"344",
"327",
"291",
"338",
"328",
"335",
"299",
"331",
"309",
"339",
"333",
"290",
"355",
"324",
"317",
"303",
"315",
"336",
"317",
"315",
"305",
"288",
"306",
"351",
"304",
"318",
"311",
"302",
"312",
"298",
"310",
"307",
"285",
"274",
"288",
"341",
"337",
"310",
"312",
"306",
"317",
"300",
"311",
"317",
"303",
"288",
"307",
"330",
"313",
"315",
"298",
"346",
"371",
"311",
"331",
"335",
"298",
"323",
"322",
"299",
"323",
"298",
"324",
"312",
"319",
"279",
"327",
"285",
"303",
"285",
"326",
"302",
"330",
"305",
"330",
"358",
"294",
"312",
"286",
"315",
"328",
"308",
"324",
"313",
"335",
"295",
"335",
"360",
"322",
"316",
"302",
"316",
"344",
"311",
"305",
"293",
"362",
"301",
"307",
"322",
"353",
"319",
"322",
"309",
"345",
"334",
"343",
"321",
"301",
"307",
"305",
"283",
"349",
"330",
"323",
"328",
"343",
"278",
"280",
"329",
"300",
"316",
"312",
"326",
"307",
"313",
"291",
"337",
"300",
"295",
"323",
"321",
"339",
"317",
"333",
"290",
"324",
"311",
"331",
"305",
"298",
"293",
"312",
"329",
"307",
"305",
"330",
"326",
"285",
"296",
"301",
"317",
"317",
"290",
"283",
"313",
"329",
"282",
"291",
"344",
"282",
"296",
"280",
"293",
"304",
"332",
"304",
"326",
"304",
"318",
"309",
"323",
"310",
"281",
"277",
"294",
"307",
"306",
"305",
"321",
"304",
"315",
"291",
"294",
"296",
"294",
"278",
"292",
"301",
"324",
"301",
"318",
"322",
"270",
"286",
"266",
"309",
"271",
"294",
"295",
"284",
"243",
"274",
"311",
"282",
"256",
"296",
"327",
"303",
"320",
"308",
"304",
"294",
"293",
"290",
"281",
"294",
"293",
"285",
"297",
"308",
"294",
"313",
"277",
"279",
"281",
"267",
"332",
"291",
"290",
"285",
"292",
"275",
"300",
"278",
"265",
"280",
"305",
"264",
"307",
"294",
"267",
"285",
"278",
"283",
"269",
"259",
"274",
"279",
"263",
"299",
"282",
"315",
"278",
"272",
"258",
"293",
"292",
"286",
"280",
"310",
"266",
"294",
"305",
"284",
"254",
"281",
"306",
"278",
"246",
"282",
"303",
"273",
"279",
"283",
"301",
"282",
"259",
"263",
"281",
"265",
"277",
"271",
"286",
"318",
"251",
"256",
"277",
"294",
"285",
"275",
"289",
"300",
"252",
"257",
"277",
"299",
"266",
"273",
"278",
"282",
"304",
"285",
"279",
"283",
"298",
"281",
"270",
"288",
"243",
"301",
"271",
"263",
"267",
"263",
"276",
"251",
"294",
"282",
"282",
"282",
"258",
"258",
"286",
"281",
"258",
"283",
"302",
"295",
"254",
"304",
"284",
"286",
"275",
"252",
"242",
"301",
"282",
"299",
"285",
"309",
"252",
"266",
"286",
"292",
"263",
"289",
"274",
"257",
"257",
"238",
"238",
"275",
"248",
"277",
"283",
"285",
"252",
"289",
"277",
"258",
"250",
"238",
"242",
"267",
"283",
"267",
"267",
"239",
"256",
"234",
"273",
"270",
"262",
"234",
"267",
"233",
"279",
"270",
"278",
"270",
"263",
"253",
"247",
"252",
"258",
"269",
"269",
"244",
"258",
"253",
"285",
"252",
"252",
"297",
"270",
"259",
"279",
"258",
"254",
"278",
"276",
"255",
"251",
"258",
"265",
"219",
"253",
"275",
"256",
"267",
"288",
"298",
"230",
"253",
"247",
"267",
"278",
"247",
"280",
"244",
"240",
"273",
"302",
"257",
"235",
"272",
"271",
"239",
"259",
"200",
"253",
"236",
"246",
"248",
"256",
"264",
"224",
"239",
"251",
"277",
"224",
"229",
"243",
"216",
"246",
"283",
"244",
"243",
"273",
"249",
"236",
"231",
"245",
"256",
"270",
"250",
"216",
"249",
"255",
"263",
"216",
"273",
"230",
"239",
"244",
"234",
"263",
"246",
"243",
"241",
"235",
"246",
"245",
"233",
"220",
"231",
"248",
"221",
"250",
"239",
"234",
"250",
"250",
"239",
"234",
"239",
"252",
"247",
"230",
"227",
"250",
"228",
"272",
"229",
"250",
"229",
"229",
"250",
"264",
"227",
"268",
"255",
"231",
"216",
"203",
"226",
"268",
"222",
"246",
"245",
"242",
"254",
"231",
"235",
"244",
"234",
"217",
"231",
"250",
"242",
"240",
"210",
"268",
"245",
"212",
"230",
"242",
"231",
"245",
"230",
"235",
"221",
"234",
"237",
"271",
"234",
"239",
"242",
"222",
"223",
"225",
"204",
"223",
"233",
"218",
"242",
"241",
"241",
"238",
"242",
"218",
"218",
"228",
"225",
"217",
"203",
"218",
"209",
"212",
"246",
"249",
"229",
"223",
"241",
"218",
"226",
"214",
"224",
"206",
"223",
"219",
"198",
"207",
"200",
"238",
"227",
"225",
"223",
"233",
"235",
"202",
"255",
"227",
"216",
"236",
"207",
"244",
"248",
"229",
"249",
"228",
"235",
"224",
"231",
"246",
"224",
"180",
"180",
"217",
"231",
"210",
"223",
"229",
"239",
"213",
"197",
"223",
"219",
"216",
"199",
"215",
"218",
"214",
"216",
"237",
"226",
"209",
"177",
"212",
"239",
"213",
"237",
"208",
"213",
"201",
"216",
"215",
"251",
"166",
"206",
"188",
"222",
"202",
"196",
"211",
"221",
"243",
"219",
"203",
"207",
"233",
"218",
"209",
"197",
"214",
"185",
"199",
"199",
"197",
"188",
"225",
"218",
"209",
"202",
"197",
"208",
"217",
"204",
"236",
"208",
"198",
"187",
"193",
"201",
"210",
"209",
"206",
"212",
"208",
"189",
"192",
"231",
"206",
"191",
"220",
"200",
"221",
"212",
"213",
"201",
"231",
"213",
"216",
"221",
"204",
"211",
"219",
"192",
"211",
"185",
"211",
"199",
"176",
"226",
"204",
"208",
"186",
"214",
"228",
"206",
"204",
"219",
"202",
"200",
"201",
"214",
"208",
"196",
"186",
"233",
"236",
"188",
"212",
"204",
"222",
"189",
"209",
"203",
"202",
"221",
"224",
"201",
"221",
"218",
"199",
"200",
"225",
"198",
"196",
"199",
"210",
"221",
"202",
"247",
"218",
"215",
"210",
"208",
"199",
"247",
"235",
"192",
"228",
"219",
"198",
"202",
"211",
"227",
"197",
"189",
"219",
"209",
"206",
"218",
"223",
"234",
"199",
"215",
"234",
"202",
"214",
"221",
"217",
"222",
"231",
"207",
"207",
"217",
"215",
"208",
"227",
"203",
"213",
"197",
"235",
"244",
"220",
"186",
"261",
"216",
"207",
"207",
"239",
"203",
"212",
"221",
"213",
"226",
"212",
"222",
"241",
"226",
"241",
"243",
"211",
"251",
"217",
"228",
"221",
"229",
"196",
"246",
"218",
"248",
"241",
"238",
"283",
"257",
"218",
"262",
"271",
"229",
"238",
"251",
"254",
"244",
"271",
"252",
"290",
"253",
"248",
"295",
"279",
"266",
"273",
"275",
"294",
"282",
"259",
"277",
"297",
"324",
"293",
"271",
"299",
"297",
"286",
"275",
"344",
"334",
"293",
"316",
"375",
"348",
"345",
"331",
"351",
"375",
"350",
"384",
"416",
"371",
"427",
"379",
"426",
"450",
"402",
"472",
"499",
"549",
"482",
"542",
"541",
"541",
"562",
"639",
"610",
"633",
"646",
"631",
"718",
"713",
"798",
"770",
"873",
"827",
"857",
"931",
"937",
"1000",
"987",
"1039",
"1128",
"1133",
"1062",
"1124",
"1232",
"1247",
"1265",
"1261",
"1341",
"1397",
"1341",
"1333",
"1431",
"1459",
"1391",
"1482",
"1446",
"1487",
"1591",
"1418",
"1542",
"1652",
"1507",
"1426",
"1621",
"1475",
"1425",
"1461",
"1513",
"1410",
"1434",
"1405",
"1434",
"1331",
"1359",
"1297",
"1343",
"1259",
"1183",
"1132",
"1211",
"1155",
"1076",
"1062",
"1016",
"1004",
"940",
"876",
"982",
"835",
"829",
"774",
"822",
"737",
"742",
"681",
"708",
"671",
"638",
"608",
"582",
"549",
"542",
"485",
"508",
"474",
"477",
"447",
"449",
"428",
"432",
"376",
"409",
"378",
"366",
"387",
"332",
"341",
"257",
"316",
"340",
"304",
"307",
"312",
"328",
"330",
"293",
"303",
"383",
"381",
"316",
"371",
"392",
"400",
"399",
"426",
"441",
"426",
"463",
"452",
"507",
"499",
"501",
"541",
"574",
"550",
"565",
"530",
"608",
"570",
"637",
"584",
"579",
"549",
"574",
"559",
"592",
"579",
"494",
"549",
"530",
"493",
"517",
"448",
"449",
"414",
"409",
"370",
"340",
"353",
"300",
"306",
"276",
"283",
"294",
"251",
"268",
"240",
"224",
"223",
"210",
"201",
"215",
"174",
"228",
"195",
"188",
"184",
"223",
"200",
"171",
"102405",
"Channel_info_start",
"Channel : Mg",
"Points : 0",
"Range : 0.000000 - 0.000000",
"Step : 0.010000",
"Channel_info_end",
"Channel_info_start",
"Channel : Al",
"Points : 0",
"Range : 0.000000 - 0.000000",
"Step : 0.010000",
"Channel_info_end",
"Channel_info_start",
"Channel : Si",
"Points : 0",
"Range : 0.000000 - 0.000000",
"Step : 0.010000",
"Channel_info_end",
"Channel_info_start",
"Channel : P ",
"Points : 0",
"Range : 0.000000 - 0.000000",
"Step : 0.010000",
"Channel_info_end",
"Channel_info_start",
"Channel : S ",
"Points : 0",
"Range : 0.000000 - 0.000000",
"Step : 0.010000",
"Channel_info_end",
"Channel_info_start",
"Channel : Cl",
"Points : 0",
"Range : 0.000000 - 0.000000",
"Step : 0.010000",
"Channel_info_end",
"Channel_info_start",
"Channel : K ",
"Points : 0",
"Range : 0.000000 - 0.000000",
"Step : 0.010000",
"Channel_info_end",
"Channel_info_start",
"Channel : Ca",
"Points : 0",
"Range : 0.000000 - 0.000000",
"Step : 0.010000",
"Channel_info_end",
"Channel_info_start",
"Channel : Ti",
"Points : 0",
"Range : 0.000000 - 0.000000",
"Step : 0.010000",
"Channel_info_end",
"Channel_info_start",
"Channel : V ",
"Points : 0",
"Range : 0.000000 - 0.000000",
"Step : 0.010000",
"Channel_info_end",
"Channel_info_start",
"Channel : Cr",
"Points : 0",
"Range : 0.000000 - 0.000000",
"Step : 0.010000",
"Channel_info_end",
"Channel_info_start",
"Channel : Mn",
"Points : 0",
"Range : 0.000000 - 0.000000",
"Step : 0.010000",
"Channel_info_end",
"Channel_info_start",
"Channel : Fe",
"Points : 0",
"Range : 0.000000 - 0.000000",
"Step : 0.010000",
"Channel_info_end",
"Channel_info_start",
"Channel : Cu",
"Points : 0",
"Range : 0.000000 - 0.000000",
"Step : 0.010000",
"Channel_info_end",
"Channel_info_start",
"Channel : Zn",
"Points : 0",
"Range : 0.000000 - 0.000000",
"Step : 0.010000",
"Channel_info_end",
"Channel_info_start",
"Channel : Sr",
"Points : 0",
"Range : 0.000000 - 0.000000",
"Step : 0.010000",
"Channel_info_end",
"Channel_info_start",
"Channel : Pb",
"Points : 0",
"Range : 0.000000 - 0.000000",
"Step : 0.010000",
"Channel_info_end",
"",
"Qualitative Result",
"--------------------------------------------------------------------------------",
"Element :  Al, P , Ca, Sc, Zn, Ru",
"",
"Peak List",
"--------------------------------------------------------------------------------",
"Channel               Line        keV     Net Int.(cps/uA)",
"--------------------------------------------------------------------------------",
"Na                    AlKa         1.48     0.358",
"                      P Ka         1.98     0.017",
"                      CaKa         3.68     0.282",
"                      CaKb         4.00     0.037",
"                      ScKb         4.53     0.006",
"                      ZnKa         8.59     0.024",
"                      RuKa        19.17     0.142",
"                      ----        19.53     0.034",
"--------------------------------------------------------------------------------",
"",
"Quantitative Result",
"--------------------------------------------------------------------------------",
"Analyte               Result             Std.Dev. Proc.-Calc. Line Intensity(cps/uA)",
"--------------------------------------------------------------------------------",
"====[No. 1 Layer]====< Layer1               >===============================",
"Layer1                   0.000 ug/cm2    -------- Flux       -------- --------",
