"Sample    : brco_31xxx",
"Operator  : ",
"Comment  : micromatter branco 31xxx",
"Group     : kerr2007ab13liv300al",
"Date       : 2013-03-07 16:02:27",
"",
"Mesurement Condition",
"------------------------------------------------------------------------------------",
"Instrument : 700HS2   Atmosphere : Vac.   Collimator : 10(mm)   Spin : No",
"------------------------------------------------------------------------------------",
"Analyte               TG kV   uA      FI Acq.(keV)  Anal.(keV)  Time(sec)     DT(%)",
"------------------------------------------------------------------------------------",
"Na                    Rh 50 1000-Auto Al  0 - 20    0.8 - 1.2   Live -  179   14",
"",
"<Profile>",
"Channel_info_start",
"Channel : Na",
"Points : 2048",
"Range : 0.000000 - 20.480000",
"Step : 0.010000",
"Channel_info_end",
"0",
"0",
"0",
"0",
"0",
"0",
"0",
"0",
"0",
"0",
"0",
"0",
"0",
"0",
"0",
"0",
"0",
"0",
"0",
"0",
"0",
"0",
"0",
"0",
"0",
"0",
"0",
"2",
"0",
"0",
"22",
"47",
"46",
"36",
"36",
"51",
"44",
"35",
"45",
"42",
"30",
"37",
"41",
"38",
"35",
"49",
"42",
"38",
"41",
"47",
"42",
"44",
"34",
"53",
"36",
"39",
"40",
"36",
"42",
"44",
"34",
"47",
"31",
"48",
"34",
"52",
"41",
"41",
"33",
"39",
"30",
"34",
"37",
"27",
"42",
"41",
"51",
"37",
"42",
"42",
"31",
"34",
"46",
"35",
"42",
"44",
"37",
"46",
"51",
"35",
"37",
"38",
"57",
"37",
"38",
"38",
"44",
"41",
"41",
"42",
"42",
"38",
"34",
"34",
"40",
"40",
"31",
"39",
"37",
"35",
"34",
"41",
"37",
"35",
"37",
"34",
"46",
"39",
"30",
"26",
"29",
"31",
"40",
"41",
"40",
"40",
"35",
"39",
"40",
"30",
"27",
"51",
"37",
"34",
"27",
"36",
"31",
"42",
"30",
"28",
"31",
"36",
"36",
"33",
"39",
"34",
"45",
"46",
"51",
"35",
"37",
"49",
"46",
"42",
"35",
"33",
"42",
"36",
"48",
"33",
"36",
"36",
"24",
"40",
"34",
"40",
"45",
"51",
"48",
"53",
"66",
"41",
"66",
"42",
"65",
"60",
"61",
"41",
"43",
"51",
"61",
"50",
"47",
"57",
"61",
"48",
"65",
"82",
"87",
"73",
"105",
"151",
"173",
"185",
"197",
"241",
"271",
"312",
"293",
"345",
"335",
"324",
"295",
"287",
"251",
"207",
"174",
"163",
"132",
"111",
"80",
"75",
"50",
"57",
"57",
"48",
"44",
"27",
"42",
"31",
"46",
"23",
"37",
"30",
"54",
"37",
"47",
"36",
"28",
"21",
"31",
"31",
"28",
"30",
"27",
"35",
"36",
"35",
"26",
"22",
"36",
"23",
"18",
"22",
"30",
"19",
"29",
"20",
"36",
"28",
"36",
"24",
"22",
"35",
"37",
"34",
"26",
"36",
"36",
"42",
"42",
"40",
"33",
"47",
"44",
"42",
"26",
"51",
"49",
"65",
"49",
"52",
"54",
"50",
"53",
"51",
"59",
"43",
"52",
"41",
"49",
"56",
"53",
"72",
"54",
"44",
"50",
"50",
"48",
"50",
"46",
"57",
"35",
"37",
"33",
"40",
"49",
"61",
"26",
"34",
"40",
"28",
"37",
"38",
"55",
"38",
"43",
"35",
"31",
"43",
"51",
"48",
"44",
"60",
"38",
"43",
"35",
"40",
"52",
"48",
"53",
"45",
"49",
"45",
"48",
"46",
"46",
"54",
"50",
"54",
"43",
"43",
"51",
"47",
"60",
"39",
"53",
"66",
"54",
"62",
"60",
"59",
"57",
"62",
"59",
"63",
"78",
"70",
"88",
"109",
"128",
"139",
"213",
"250",
"263",
"392",
"529",
"679",
"878",
"1152",
"1440",
"1798",
"2115",
"2585",
"2962",
"3354",
"3395",
"3663",
"3759",
"3585",
"3481",
"3242",
"2963",
"2581",
"2218",
"1788",
"1470",
"1178",
"891",
"684",
"544",
"356",
"325",
"286",
"186",
"214",
"186",
"190",
"219",
"236",
"221",
"276",
"309",
"329",
"340",
"377",
"392",
"514",
"459",
"521",
"558",
"565",
"508",
"488",
"413",
"398",
"339",
"335",
"307",
"254",
"213",
"171",
"148",
"127",
"113",
"117",
"90",
"94",
"82",
"85",
"79",
"96",
"99",
"78",
"88",
"93",
"86",
"78",
"102",
"89",
"109",
"117",
"122",
"109",
"123",
"129",
"115",
"138",
"126",
"133",
"141",
"138",
"163",
"156",
"151",
"193",
"173",
"168",
"173",
"172",
"152",
"205",
"187",
"215",
"177",
"200",
"194",
"189",
"191",
"197",
"190",
"185",
"194",
"220",
"196",
"193",
"195",
"170",
"175",
"172",
"166",
"168",
"187",
"158",
"155",
"174",
"134",
"129",
"134",
"141",
"139",
"141",
"141",
"160",
"133",
"130",
"114",
"128",
"131",
"147",
"134",
"126",
"124",
"122",
"133",
"134",
"138",
"125",
"127",
"111",
"115",
"132",
"130",
"134",
"125",
"135",
"109",
"126",
"150",
"125",
"121",
"129",
"119",
"127",
"136",
"122",
"129",
"127",
"136",
"136",
"119",
"125",
"150",
"140",
"146",
"122",
"140",
"131",
"144",
"124",
"153",
"143",
"158",
"141",
"147",
"147",
"135",
"129",
"127",
"142",
"154",
"144",
"150",
"157",
"135",
"154",
"152",
"146",
"148",
"168",
"149",
"137",
"152",
"141",
"156",
"156",
"156",
"141",
"166",
"160",
"151",
"161",
"156",
"141",
"155",
"144",
"147",
"176",
"165",
"167",
"151",
"146",
"157",
"187",
"164",
"195",
"157",
"174",
"177",
"166",
"155",
"185",
"166",
"170",
"184",
"208",
"181",
"172",
"192",
"183",
"156",
"199",
"199",
"186",
"167",
"171",
"231",
"224",
"206",
"207",
"215",
"233",
"196",
"192",
"231",
"186",
"223",
"224",
"221",
"224",
"224",
"221",
"226",
"226",
"246",
"221",
"246",
"251",
"241",
"243",
"239",
"266",
"245",
"277",
"245",
"252",
"278",
"254",
"276",
"283",
"264",
"268",
"283",
"286",
"261",
"287",
"336",
"307",
"303",
"335",
"279",
"314",
"308",
"261",
"306",
"302",
"281",
"289",
"252",
"274",
"275",
"278",
"246",
"280",
"272",
"274",
"250",
"267",
"302",
"308",
"285",
"296",
"266",
"305",
"270",
"258",
"269",
"279",
"275",
"293",
"279",
"279",
"291",
"305",
"284",
"294",
"277",
"324",
"300",
"305",
"275",
"255",
"289",
"306",
"288",
"304",
"320",
"317",
"314",
"302",
"293",
"295",
"313",
"305",
"326",
"291",
"281",
"276",
"288",
"283",
"302",
"285",
"302",
"278",
"287",
"298",
"273",
"279",
"295",
"277",
"271",
"303",
"274",
"311",
"284",
"279",
"267",
"287",
"275",
"298",
"271",
"275",
"297",
"272",
"279",
"257",
"312",
"282",
"289",
"272",
"278",
"302",
"298",
"258",
"289",
"290",
"299",
"310",
"288",
"294",
"267",
"318",
"285",
"284",
"293",
"280",
"271",
"271",
"250",
"280",
"274",
"302",
"279",
"290",
"272",
"266",
"276",
"319",
"296",
"285",
"280",
"346",
"291",
"299",
"295",
"299",
"253",
"283",
"297",
"303",
"281",
"255",
"293",
"297",
"289",
"317",
"297",
"310",
"291",
"318",
"299",
"332",
"332",
"330",
"331",
"307",
"304",
"321",
"333",
"305",
"321",
"303",
"350",
"359",
"313",
"343",
"363",
"365",
"382",
"368",
"361",
"371",
"364",
"351",
"381",
"347",
"343",
"337",
"374",
"376",
"323",
"287",
"296",
"312",
"313",
"303",
"314",
"296",
"329",
"285",
"319",
"305",
"290",
"290",
"296",
"347",
"298",
"279",
"331",
"328",
"296",
"328",
"309",
"326",
"305",
"335",
"317",
"304",
"319",
"336",
"324",
"304",
"339",
"327",
"339",
"347",
"342",
"326",
"364",
"376",
"347",
"353",
"377",
"415",
"416",
"452",
"409",
"446",
"467",
"474",
"517",
"481",
"469",
"472",
"517",
"446",
"452",
"410",
"480",
"404",
"378",
"355",
"419",
"375",
"359",
"349",
"351",
"325",
"331",
"285",
"345",
"303",
"287",
"299",
"308",
"349",
"322",
"319",
"311",
"328",
"306",
"293",
"313",
"307",
"296",
"319",
"316",
"324",
"269",
"341",
"300",
"307",
"283",
"330",
"288",
"299",
"280",
"289",
"324",
"308",
"296",
"344",
"342",
"285",
"317",
"321",
"319",
"323",
"287",
"264",
"324",
"299",
"274",
"297",
"326",
"296",
"284",
"321",
"293",
"295",
"284",
"279",
"286",
"277",
"287",
"282",
"305",
"330",
"301",
"337",
"304",
"295",
"300",
"303",
"322",
"309",
"317",
"298",
"321",
"313",
"303",
"318",
"343",
"322",
"297",
"313",
"325",
"334",
"350",
"349",
"325",
"329",
"308",
"298",
"326",
"291",
"257",
"319",
"329",
"291",
"272",
"282",
"314",
"307",
"298",
"258",
"315",
"302",
"303",
"293",
"296",
"308",
"291",
"288",
"293",
"312",
"286",
"290",
"291",
"291",
"269",
"296",
"315",
"263",
"295",
"275",
"280",
"303",
"265",
"326",
"287",
"303",
"280",
"288",
"294",
"305",
"258",
"312",
"280",
"304",
"270",
"282",
"294",
"281",
"279",
"321",
"296",
"335",
"320",
"280",
"303",
"277",
"302",
"267",
"266",
"317",
"294",
"293",
"300",
"296",
"295",
"268",
"298",
"289",
"287",
"266",
"297",
"283",
"282",
"308",
"272",
"272",
"275",
"267",
"255",
"296",
"298",
"314",
"293",
"307",
"279",
"278",
"279",
"282",
"255",
"278",
"289",
"310",
"262",
"316",
"328",
"299",
"293",
"317",
"283",
"312",
"322",
"277",
"313",
"269",
"301",
"328",
"270",
"280",
"247",
"281",
"327",
"296",
"310",
"258",
"317",
"291",
"291",
"284",
"301",
"264",
"275",
"290",
"260",
"304",
"249",
"284",
"298",
"299",
"273",
"302",
"281",
"271",
"287",
"282",
"320",
"291",
"278",
"276",
"280",
"304",
"283",
"293",
"296",
"262",
"283",
"257",
"282",
"266",
"264",
"270",
"298",
"254",
"253",
"253",
"282",
"302",
"280",
"291",
"312",
"256",
"263",
"297",
"281",
"298",
"314",
"327",
"308",
"283",
"286",
"290",
"304",
"277",
"266",
"276",
"274",
"271",
"295",
"257",
"273",
"271",
"260",
"256",
"297",
"286",
"273",
"320",
"295",
"270",
"275",
"289",
"282",
"263",
"248",
"289",
"286",
"267",
"271",
"273",
"271",
"246",
"284",
"274",
"232",
"269",
"273",
"283",
"328",
"287",
"272",
"241",
"297",
"264",
"267",
"269",
"266",
"271",
"240",
"266",
"261",
"259",
"258",
"294",
"271",
"266",
"258",
"262",
"296",
"281",
"252",
"297",
"259",
"281",
"262",
"273",
"283",
"270",
"260",
"253",
"267",
"279",
"256",
"244",
"255",
"255",
"253",
"271",
"274",
"274",
"235",
"278",
"276",
"250",
"276",
"261",
"256",
"256",
"252",
"283",
"257",
"261",
"242",
"242",
"256",
"266",
"244",
"273",
"273",
"261",
"259",
"269",
"261",
"264",
"262",
"277",
"281",
"267",
"274",
"255",
"287",
"255",
"261",
"241",
"257",
"279",
"253",
"270",
"279",
"273",
"276",
"266",
"267",
"242",
"261",
"280",
"260",
"257",
"291",
"274",
"261",
"264",
"233",
"259",
"280",
"272",
"238",
"250",
"263",
"272",
"252",
"255",
"272",
"251",
"279",
"254",
"234",
"255",
"253",
"281",
"276",
"267",
"246",
"291",
"249",
"293",
"256",
"240",
"250",
"244",
"256",
"241",
"256",
"271",
"257",
"237",
"253",
"240",
"247",
"242",
"253",
"261",
"287",
"234",
"272",
"267",
"269",
"261",
"274",
"253",
"239",
"240",
"250",
"237",
"236",
"249",
"240",
"219",
"246",
"257",
"254",
"262",
"246",
"231",
"266",
"244",
"256",
"264",
"239",
"269",
"252",
"239",
"247",
"242",
"263",
"239",
"248",
"237",
"244",
"258",
"233",
"253",
"268",
"249",
"242",
"259",
"239",
"255",
"228",
"218",
"238",
"225",
"240",
"255",
"250",
"279",
"228",
"281",
"218",
"226",
"260",
"235",
"272",
"245",
"270",
"220",
"248",
"245",
"246",
"222",
"249",
"244",
"276",
"224",
"206",
"264",
"261",
"233",
"222",
"233",
"249",
"234",
"212",
"249",
"234",
"249",
"222",
"224",
"230",
"238",
"238",
"212",
"268",
"231",
"252",
"235",
"253",
"242",
"256",
"247",
"244",
"249",
"270",
"250",
"271",
"219",
"237",
"239",
"239",
"248",
"224",
"246",
"229",
"246",
"215",
"230",
"239",
"216",
"217",
"235",
"237",
"256",
"240",
"243",
"253",
"208",
"233",
"241",
"234",
"235",
"243",
"240",
"238",
"224",
"253",
"194",
"219",
"230",
"252",
"220",
"244",
"222",
"243",
"245",
"229",
"238",
"252",
"230",
"240",
"232",
"235",
"201",
"254",
"254",
"246",
"222",
"214",
"228",
"213",
"206",
"210",
"240",
"244",
"195",
"244",
"211",
"235",
"223",
"243",
"232",
"240",
"206",
"216",
"207",
"229",
"221",
"210",
"231",
"205",
"198",
"230",
"211",
"204",
"224",
"242",
"215",
"219",
"215",
"237",
"237",
"246",
"202",
"212",
"221",
"214",
"200",
"231",
"230",
"241",
"197",
"251",
"216",
"217",
"254",
"255",
"205",
"240",
"235",
"238",
"202",
"224",
"223",
"219",
"195",
"208",
"215",
"194",
"179",
"209",
"209",
"222",
"240",
"229",
"235",
"211",
"200",
"211",
"222",
"198",
"202",
"217",
"231",
"230",
"244",
"212",
"212",
"208",
"222",
"204",
"193",
"197",
"195",
"220",
"212",
"234",
"211",
"211",
"216",
"213",
"195",
"235",
"209",
"176",
"250",
"211",
"191",
"225",
"203",
"232",
"181",
"215",
"212",
"203",
"196",
"223",
"196",
"210",
"213",
"198",
"235",
"211",
"213",
"194",
"208",
"194",
"216",
"224",
"220",
"217",
"207",
"204",
"212",
"193",
"212",
"216",
"202",
"184",
"202",
"184",
"242",
"200",
"200",
"218",
"204",
"231",
"187",
"207",
"216",
"213",
"228",
"203",
"202",
"195",
"194",
"206",
"221",
"192",
"226",
"218",
"178",
"213",
"183",
"185",
"173",
"184",
"215",
"217",
"182",
"193",
"181",
"214",
"191",
"191",
"185",
"193",
"186",
"193",
"197",
"204",
"209",
"208",
"187",
"209",
"210",
"224",
"174",
"201",
"204",
"188",
"224",
"186",
"198",
"175",
"202",
"188",
"175",
"173",
"188",
"215",
"200",
"177",
"236",
"200",
"180",
"173",
"182",
"214",
"190",
"180",
"211",
"216",
"208",
"207",
"228",
"212",
"201",
"198",
"184",
"190",
"194",
"187",
"172",
"195",
"180",
"205",
"191",
"203",
"173",
"199",
"165",
"195",
"184",
"189",
"169",
"226",
"195",
"170",
"189",
"213",
"230",
"174",
"189",
"203",
"195",
"199",
"177",
"179",
"207",
"191",
"208",
"207",
"195",
"159",
"191",
"198",
"166",
"173",
"157",
"207",
"193",
"193",
"161",
"168",
"175",
"163",
"193",
"189",
"178",
"189",
"194",
"184",
"192",
"201",
"184",
"196",
"182",
"196",
"188",
"177",
"188",
"178",
"200",
"206",
"178",
"164",
"197",
"203",
"178",
"204",
"182",
"200",
"221",
"200",
"206",
"237",
"193",
"188",
"183",
"209",
"206",
"196",
"195",
"198",
"171",
"169",
"181",
"179",
"204",
"186",
"201",
"206",
"160",
"183",
"177",
"199",
"190",
"195",
"194",
"189",
"161",
"204",
"206",
"188",
"165",
"193",
"209",
"178",
"226",
"203",
"200",
"203",
"213",
"216",
"188",
"213",
"184",
"181",
"190",
"211",
"212",
"203",
"216",
"204",
"208",
"189",
"184",
"204",
"203",
"201",
"211",
"208",
"230",
"229",
"205",
"225",
"205",
"213",
"231",
"238",
"213",
"213",
"189",
"229",
"209",
"202",
"222",
"215",
"258",
"191",
"231",
"222",
"197",
"215",
"240",
"237",
"237",
"241",
"245",
"252",
"261",
"251",
"242",
"235",
"249",
"224",
"250",
"263",
"253",
"270",
"245",
"256",
"305",
"277",
"249",
"316",
"291",
"272",
"263",
"304",
"276",
"310",
"279",
"326",
"338",
"291",
"288",
"333",
"338",
"326",
"347",
"354",
"368",
"373",
"389",
"402",
"373",
"428",
"408",
"454",
"416",
"447",
"471",
"525",
"527",
"520",
"553",
"585",
"617",
"630",
"635",
"699",
"714",
"721",
"753",
"757",
"827",
"836",
"862",
"908",
"911",
"879",
"1013",
"1019",
"1093",
"1086",
"1132",
"1161",
"1145",
"1166",
"1201",
"1298",
"1276",
"1278",
"1279",
"1384",
"1359",
"1342",
"1292",
"1419",
"1372",
"1382",
"1356",
"1450",
"1469",
"1386",
"1352",
"1573",
"1431",
"1378",
"1375",
"1431",
"1386",
"1278",
"1345",
"1284",
"1269",
"1229",
"1111",
"1263",
"1108",
"1072",
"1131",
"1156",
"1065",
"1008",
"966",
"968",
"949",
"872",
"863",
"884",
"775",
"776",
"734",
"687",
"708",
"629",
"603",
"627",
"615",
"568",
"535",
"542",
"472",
"471",
"483",
"460",
"406",
"405",
"384",
"409",
"371",
"374",
"373",
"323",
"341",
"314",
"299",
"305",
"295",
"282",
"289",
"289",
"272",
"278",
"299",
"311",
"301",
"321",
"274",
"339",
"295",
"325",
"322",
"355",
"356",
"358",
"390",
"392",
"403",
"373",
"407",
"471",
"435",
"427",
"481",
"504",
"496",
"537",
"489",
"526",
"528",
"507",
"512",
"534",
"541",
"519",
"514",
"507",
"506",
"502",
"413",
"445",
"445",
"410",
"391",
"383",
"354",
"347",
"298",
"321",
"308",
"324",
"307",
"262",
"250",
"223",
"228",
"226",
"196",
"191",
"189",
"207",
"184",
"200",
"157",
"163",
"189",
"164",
"159",
"210",
"150",
"168",
"93809",
"Channel_info_start",
"Channel : Mg",
"Points : 0",
"Range : 0.000000 - 0.000000",
"Step : 0.010000",
"Channel_info_end",
"Channel_info_start",
"Channel : Al",
"Points : 0",
"Range : 0.000000 - 0.000000",
"Step : 0.010000",
"Channel_info_end",
"Channel_info_start",
"Channel : Si",
"Points : 0",
"Range : 0.000000 - 0.000000",
"Step : 0.010000",
"Channel_info_end",
"Channel_info_start",
"Channel : P ",
"Points : 0",
"Range : 0.000000 - 0.000000",
"Step : 0.010000",
"Channel_info_end",
"Channel_info_start",
"Channel : S ",
"Points : 0",
"Range : 0.000000 - 0.000000",
"Step : 0.010000",
"Channel_info_end",
"Channel_info_start",
"Channel : Cl",
"Points : 0",
"Range : 0.000000 - 0.000000",
"Step : 0.010000",
"Channel_info_end",
"Channel_info_start",
"Channel : K ",
"Points : 0",
"Range : 0.000000 - 0.000000",
"Step : 0.010000",
"Channel_info_end",
"Channel_info_start",
"Channel : Ca",
"Points : 0",
"Range : 0.000000 - 0.000000",
"Step : 0.010000",
"Channel_info_end",
"Channel_info_start",
"Channel : Ti",
"Points : 0",
"Range : 0.000000 - 0.000000",
"Step : 0.010000",
"Channel_info_end",
"Channel_info_start",
"Channel : V ",
"Points : 0",
"Range : 0.000000 - 0.000000",
"Step : 0.010000",
"Channel_info_end",
"Channel_info_start",
"Channel : Cr",
"Points : 0",
"Range : 0.000000 - 0.000000",
"Step : 0.010000",
"Channel_info_end",
"Channel_info_start",
"Channel : Mn",
"Points : 0",
"Range : 0.000000 - 0.000000",
"Step : 0.010000",
"Channel_info_end",
"Channel_info_start",
"Channel : Fe",
"Points : 0",
"Range : 0.000000 - 0.000000",
"Step : 0.010000",
"Channel_info_end",
"Channel_info_start",
"Channel : Cu",
"Points : 0",
"Range : 0.000000 - 0.000000",
"Step : 0.010000",
"Channel_info_end",
"Channel_info_start",
"Channel : Zn",
"Points : 0",
"Range : 0.000000 - 0.000000",
"Step : 0.010000",
"Channel_info_end",
"Channel_info_start",
"Channel : Sr",
"Points : 0",
"Range : 0.000000 - 0.000000",
"Step : 0.010000",
"Channel_info_end",
"Channel_info_start",
"Channel : Pb",
"Points : 0",
"Range : 0.000000 - 0.000000",
"Step : 0.010000",
"Channel_info_end",
"",
"Qualitative Result",
"--------------------------------------------------------------------------------",
"Element :  P , Ca, Zn, Ru",
"",
"Peak List",
"--------------------------------------------------------------------------------",
"Channel               Line        keV     Net Int.(cps/uA)",
"--------------------------------------------------------------------------------",
"Na                    P Ka         2.00     0.021",
"                      CaKa         3.68     0.279",
"                      CaKb         4.00     0.037",
"                      ----         4.63     0.008",
"                      ZnKa         8.60     0.019",
"                      RuKa        19.20     0.132",
"                      ----        19.56     0.020",
"                      ----        20.03     0.035",
"--------------------------------------------------------------------------------",
"",
"Quantitative Result",
"--------------------------------------------------------------------------------",
"Analyte               Result             Std.Dev. Proc.-Calc. Line Intensity(cps/uA)",
"--------------------------------------------------------------------------------",
"====[No. 1 Layer]====< Layer1               >===============================",
"Layer1                   0.000 ug/cm2    -------- Flux       -------- --------",
