"Sample    : caf2_31497p16lamfi",
"Operator  : ",
"Comment  : micromatter_caf 50.3 ug/cm2",
"Group     : kerr2007ab13liv300al",
"Date       : 2013-03-07 12:05:50",
"",
"Mesurement Condition",
"------------------------------------------------------------------------------------",
"Instrument : 700HS2   Atmosphere : Vac.   Collimator : 10(mm)   Spin : No",
"------------------------------------------------------------------------------------",
"Analyte               TG kV   uA      FI Acq.(keV)  Anal.(keV)  Time(sec)     DT(%)",
"------------------------------------------------------------------------------------",
"Na                    Rh 50  712-Auto Al  0 - 20    0.8 - 1.2   Live -  179   21",
"",
"<Profile>",
"Channel_info_start",
"Channel : Na",
"Points : 2048",
"Range : 0.000000 - 20.480000",
"Step : 0.010000",
"Channel_info_end",
"0",
"0",
"0",
"0",
"0",
"0",
"0",
"0",
"0",
"0",
"0",
"0",
"0",
"0",
"0",
"0",
"0",
"0",
"0",
"0",
"0",
"0",
"0",
"0",
"0",
"0",
"1",
"3",
"6",
"6",
"27",
"53",
"36",
"54",
"51",
"58",
"48",
"44",
"44",
"49",
"38",
"39",
"46",
"51",
"68",
"43",
"47",
"25",
"59",
"42",
"36",
"33",
"43",
"32",
"38",
"54",
"28",
"54",
"39",
"45",
"36",
"39",
"49",
"66",
"59",
"45",
"56",
"48",
"51",
"55",
"45",
"41",
"30",
"33",
"39",
"35",
"30",
"45",
"36",
"39",
"43",
"42",
"43",
"48",
"49",
"65",
"39",
"38",
"48",
"30",
"45",
"51",
"43",
"36",
"34",
"43",
"44",
"56",
"53",
"48",
"42",
"40",
"43",
"44",
"31",
"40",
"31",
"51",
"53",
"35",
"44",
"40",
"47",
"41",
"49",
"38",
"39",
"36",
"40",
"46",
"32",
"42",
"35",
"47",
"49",
"51",
"34",
"51",
"30",
"48",
"61",
"51",
"42",
"48",
"46",
"63",
"39",
"59",
"42",
"57",
"47",
"55",
"58",
"58",
"47",
"50",
"53",
"46",
"56",
"61",
"47",
"57",
"58",
"58",
"47",
"55",
"64",
"58",
"50",
"40",
"48",
"69",
"89",
"87",
"87",
"107",
"104",
"167",
"166",
"189",
"204",
"218",
"206",
"197",
"216",
"222",
"194",
"220",
"184",
"196",
"163",
"151",
"132",
"152",
"158",
"191",
"198",
"234",
"294",
"347",
"408",
"461",
"482",
"548",
"517",
"546",
"535",
"524",
"497",
"473",
"390",
"359",
"291",
"293",
"254",
"205",
"152",
"152",
"104",
"95",
"99",
"79",
"77",
"78",
"66",
"71",
"72",
"78",
"80",
"65",
"89",
"90",
"95",
"119",
"89",
"99",
"98",
"112",
"95",
"91",
"89",
"105",
"71",
"74",
"64",
"59",
"53",
"61",
"53",
"49",
"62",
"44",
"39",
"43",
"47",
"38",
"55",
"54",
"64",
"50",
"49",
"43",
"55",
"50",
"57",
"60",
"80",
"59",
"73",
"68",
"55",
"71",
"62",
"87",
"83",
"80",
"65",
"79",
"74",
"72",
"70",
"69",
"60",
"74",
"70",
"79",
"72",
"51",
"74",
"83",
"78",
"66",
"79",
"85",
"78",
"104",
"76",
"101",
"90",
"116",
"99",
"113",
"100",
"116",
"117",
"103",
"120",
"129",
"116",
"117",
"129",
"127",
"146",
"150",
"153",
"182",
"151",
"180",
"156",
"159",
"162",
"193",
"181",
"211",
"191",
"219",
"225",
"227",
"230",
"238",
"214",
"236",
"218",
"228",
"230",
"226",
"258",
"245",
"231",
"269",
"237",
"235",
"225",
"250",
"236",
"268",
"232",
"240",
"254",
"241",
"275",
"307",
"298",
"325",
"351",
"372",
"400",
"375",
"459",
"493",
"625",
"749",
"997",
"1336",
"1930",
"2867",
"4042",
"5623",
"7401",
"10128",
"13614",
"17138",
"20604",
"24533",
"28903",
"32408",
"34275",
"36817",
"36864",
"36902",
"33688",
"31520",
"28796",
"24818",
"20115",
"16610",
"12985",
"9978",
"7172",
"5092",
"3793",
"2552",
"1712",
"1232",
"897",
"721",
"663",
"687",
"764",
"1013",
"1223",
"1685",
"1829",
"2347",
"2626",
"3085",
"3677",
"3994",
"4254",
"4797",
"4577",
"4612",
"4324",
"3983",
"3783",
"3203",
"2740",
"2402",
"1884",
"1583",
"1196",
"886",
"661",
"474",
"344",
"265",
"193",
"150",
"131",
"88",
"88",
"89",
"63",
"84",
"69",
"79",
"72",
"72",
"77",
"91",
"80",
"71",
"85",
"105",
"100",
"64",
"92",
"92",
"95",
"98",
"91",
"117",
"136",
"113",
"118",
"113",
"115",
"123",
"133",
"114",
"136",
"147",
"138",
"129",
"148",
"151",
"147",
"133",
"118",
"151",
"146",
"130",
"145",
"131",
"120",
"128",
"123",
"120",
"129",
"118",
"124",
"117",
"110",
"125",
"120",
"124",
"122",
"132",
"109",
"121",
"116",
"137",
"115",
"128",
"123",
"98",
"90",
"103",
"106",
"99",
"84",
"104",
"120",
"94",
"105",
"93",
"107",
"115",
"112",
"89",
"90",
"99",
"93",
"98",
"92",
"107",
"104",
"93",
"98",
"104",
"105",
"92",
"92",
"99",
"106",
"99",
"86",
"91",
"98",
"90",
"85",
"108",
"83",
"93",
"94",
"97",
"112",
"92",
"108",
"89",
"99",
"107",
"118",
"91",
"87",
"112",
"104",
"118",
"83",
"99",
"131",
"120",
"100",
"135",
"83",
"116",
"106",
"106",
"129",
"107",
"108",
"100",
"113",
"121",
"133",
"123",
"133",
"114",
"133",
"95",
"107",
"132",
"134",
"107",
"102",
"125",
"112",
"130",
"120",
"133",
"112",
"118",
"107",
"116",
"133",
"124",
"138",
"139",
"125",
"133",
"124",
"116",
"133",
"145",
"120",
"135",
"148",
"153",
"139",
"151",
"151",
"156",
"168",
"128",
"148",
"134",
"151",
"156",
"178",
"171",
"173",
"181",
"176",
"196",
"163",
"167",
"171",
"198",
"171",
"182",
"186",
"171",
"203",
"192",
"211",
"199",
"201",
"186",
"197",
"222",
"219",
"220",
"195",
"235",
"233",
"241",
"234",
"254",
"257",
"283",
"327",
"330",
"311",
"320",
"362",
"349",
"384",
"372",
"366",
"402",
"349",
"350",
"341",
"319",
"298",
"281",
"265",
"281",
"271",
"224",
"236",
"264",
"227",
"230",
"202",
"240",
"206",
"196",
"214",
"209",
"227",
"205",
"199",
"219",
"221",
"221",
"233",
"205",
"226",
"216",
"221",
"236",
"256",
"235",
"248",
"226",
"235",
"269",
"218",
"248",
"225",
"241",
"243",
"235",
"277",
"232",
"285",
"254",
"224",
"261",
"218",
"260",
"227",
"294",
"245",
"258",
"266",
"260",
"269",
"293",
"277",
"296",
"239",
"262",
"268",
"283",
"285",
"255",
"255",
"270",
"291",
"276",
"262",
"296",
"280",
"266",
"306",
"242",
"287",
"261",
"262",
"294",
"281",
"241",
"251",
"270",
"248",
"266",
"241",
"255",
"257",
"256",
"237",
"295",
"265",
"263",
"260",
"238",
"250",
"273",
"232",
"243",
"248",
"264",
"225",
"250",
"257",
"228",
"233",
"239",
"226",
"266",
"250",
"231",
"236",
"183",
"254",
"248",
"206",
"219",
"204",
"233",
"238",
"232",
"233",
"251",
"210",
"241",
"253",
"240",
"228",
"233",
"262",
"251",
"230",
"246",
"254",
"247",
"258",
"227",
"266",
"245",
"263",
"270",
"286",
"268",
"249",
"276",
"281",
"307",
"263",
"276",
"296",
"341",
"352",
"347",
"364",
"408",
"376",
"417",
"494",
"573",
"477",
"590",
"671",
"645",
"738",
"760",
"805",
"839",
"848",
"839",
"827",
"790",
"850",
"785",
"734",
"724",
"701",
"634",
"589",
"520",
"498",
"426",
"443",
"379",
"326",
"353",
"296",
"308",
"284",
"312",
"285",
"250",
"278",
"248",
"285",
"281",
"298",
"258",
"279",
"226",
"268",
"265",
"273",
"280",
"296",
"262",
"309",
"311",
"290",
"307",
"286",
"345",
"346",
"350",
"368",
"359",
"365",
"338",
"386",
"398",
"374",
"368",
"362",
"370",
"382",
"351",
"336",
"310",
"297",
"294",
"296",
"281",
"266",
"254",
"291",
"284",
"264",
"293",
"216",
"270",
"264",
"235",
"252",
"212",
"224",
"220",
"235",
"253",
"226",
"237",
"243",
"253",
"255",
"233",
"226",
"251",
"235",
"222",
"238",
"231",
"253",
"258",
"276",
"239",
"237",
"252",
"219",
"262",
"237",
"262",
"275",
"285",
"284",
"291",
"296",
"319",
"326",
"308",
"396",
"424",
"385",
"438",
"453",
"489",
"457",
"485",
"562",
"554",
"554",
"606",
"589",
"603",
"548",
"535",
"531",
"548",
"463",
"476",
"433",
"424",
"434",
"440",
"406",
"362",
"364",
"353",
"324",
"315",
"327",
"339",
"366",
"340",
"354",
"355",
"360",
"379",
"357",
"316",
"387",
"336",
"365",
"323",
"356",
"349",
"349",
"319",
"328",
"317",
"320",
"296",
"295",
"292",
"277",
"298",
"252",
"266",
"251",
"270",
"225",
"241",
"243",
"220",
"283",
"260",
"235",
"228",
"217",
"247",
"264",
"213",
"268",
"223",
"219",
"216",
"217",
"243",
"239",
"210",
"213",
"254",
"248",
"240",
"267",
"187",
"243",
"247",
"228",
"221",
"228",
"214",
"227",
"250",
"219",
"245",
"216",
"245",
"236",
"239",
"258",
"235",
"235",
"235",
"218",
"239",
"239",
"241",
"262",
"222",
"208",
"268",
"228",
"278",
"230",
"250",
"250",
"245",
"223",
"268",
"255",
"238",
"217",
"235",
"243",
"285",
"243",
"243",
"266",
"256",
"212",
"241",
"265",
"260",
"243",
"250",
"232",
"241",
"249",
"233",
"258",
"212",
"213",
"225",
"263",
"255",
"221",
"253",
"270",
"267",
"238",
"247",
"285",
"281",
"238",
"247",
"271",
"252",
"265",
"242",
"261",
"299",
"302",
"300",
"291",
"295",
"305",
"314",
"258",
"286",
"302",
"296",
"295",
"300",
"272",
"262",
"278",
"300",
"247",
"255",
"250",
"263",
"240",
"264",
"267",
"261",
"236",
"246",
"226",
"241",
"223",
"222",
"251",
"230",
"248",
"265",
"263",
"272",
"251",
"241",
"247",
"222",
"227",
"222",
"249",
"265",
"273",
"227",
"217",
"224",
"209",
"266",
"237",
"242",
"217",
"249",
"240",
"227",
"211",
"224",
"242",
"209",
"212",
"227",
"201",
"204",
"218",
"232",
"235",
"222",
"224",
"247",
"249",
"247",
"187",
"217",
"222",
"221",
"208",
"233",
"232",
"202",
"184",
"192",
"225",
"219",
"199",
"230",
"210",
"227",
"226",
"212",
"246",
"211",
"212",
"201",
"208",
"236",
"226",
"195",
"240",
"243",
"245",
"230",
"231",
"224",
"225",
"222",
"235",
"267",
"252",
"214",
"213",
"189",
"219",
"232",
"210",
"228",
"216",
"196",
"228",
"209",
"225",
"190",
"223",
"223",
"217",
"196",
"218",
"264",
"209",
"219",
"201",
"209",
"217",
"217",
"236",
"208",
"236",
"203",
"208",
"204",
"216",
"216",
"218",
"243",
"217",
"224",
"208",
"209",
"188",
"213",
"207",
"194",
"188",
"210",
"226",
"217",
"209",
"230",
"216",
"212",
"206",
"204",
"221",
"210",
"233",
"212",
"255",
"227",
"214",
"220",
"218",
"255",
"195",
"218",
"223",
"217",
"209",
"213",
"230",
"180",
"182",
"195",
"208",
"213",
"190",
"196",
"218",
"222",
"233",
"206",
"219",
"211",
"223",
"218",
"209",
"199",
"186",
"190",
"207",
"193",
"192",
"193",
"205",
"216",
"181",
"216",
"188",
"210",
"210",
"210",
"213",
"217",
"203",
"204",
"209",
"213",
"175",
"210",
"191",
"198",
"204",
"195",
"209",
"224",
"206",
"180",
"227",
"204",
"192",
"217",
"198",
"227",
"174",
"174",
"198",
"187",
"196",
"230",
"193",
"186",
"189",
"216",
"207",
"186",
"225",
"226",
"212",
"197",
"211",
"216",
"207",
"195",
"196",
"211",
"206",
"199",
"211",
"199",
"208",
"209",
"218",
"192",
"221",
"231",
"203",
"201",
"198",
"208",
"166",
"195",
"196",
"220",
"167",
"189",
"167",
"197",
"175",
"190",
"172",
"228",
"190",
"189",
"201",
"207",
"191",
"193",
"206",
"186",
"202",
"204",
"187",
"212",
"199",
"167",
"186",
"190",
"217",
"201",
"204",
"181",
"184",
"195",
"193",
"171",
"205",
"171",
"188",
"204",
"187",
"174",
"202",
"213",
"174",
"231",
"191",
"163",
"199",
"184",
"198",
"216",
"189",
"176",
"194",
"182",
"205",
"201",
"220",
"191",
"188",
"197",
"194",
"189",
"190",
"198",
"204",
"201",
"175",
"184",
"174",
"182",
"199",
"210",
"182",
"189",
"171",
"193",
"197",
"171",
"182",
"183",
"214",
"196",
"176",
"173",
"183",
"193",
"164",
"184",
"160",
"176",
"211",
"177",
"179",
"177",
"171",
"193",
"196",
"176",
"167",
"203",
"206",
"176",
"202",
"163",
"179",
"186",
"163",
"190",
"166",
"189",
"167",
"154",
"194",
"188",
"163",
"182",
"177",
"177",
"168",
"179",
"188",
"171",
"169",
"189",
"180",
"183",
"181",
"157",
"176",
"174",
"178",
"181",
"194",
"207",
"166",
"158",
"159",
"164",
"188",
"174",
"156",
"184",
"172",
"169",
"178",
"164",
"168",
"133",
"180",
"162",
"166",
"151",
"186",
"177",
"132",
"151",
"161",
"161",
"174",
"174",
"177",
"183",
"175",
"150",
"172",
"169",
"177",
"180",
"177",
"153",
"164",
"187",
"180",
"198",
"165",
"191",
"184",
"183",
"160",
"174",
"168",
"182",
"158",
"154",
"181",
"168",
"159",
"177",
"189",
"167",
"174",
"171",
"189",
"159",
"151",
"166",
"193",
"160",
"143",
"183",
"154",
"175",
"168",
"168",
"180",
"168",
"174",
"162",
"152",
"156",
"160",
"169",
"165",
"154",
"156",
"167",
"184",
"162",
"180",
"176",
"136",
"178",
"175",
"154",
"156",
"164",
"148",
"176",
"161",
"160",
"168",
"153",
"168",
"159",
"147",
"168",
"159",
"176",
"179",
"154",
"178",
"178",
"180",
"145",
"169",
"147",
"144",
"178",
"164",
"156",
"181",
"158",
"175",
"158",
"162",
"174",
"198",
"157",
"127",
"143",
"168",
"146",
"171",
"175",
"181",
"134",
"138",
"161",
"147",
"171",
"156",
"157",
"157",
"161",
"163",
"171",
"171",
"164",
"163",
"148",
"172",
"140",
"164",
"147",
"143",
"157",
"173",
"142",
"136",
"157",
"137",
"160",
"142",
"152",
"146",
"152",
"173",
"132",
"157",
"166",
"145",
"152",
"133",
"154",
"167",
"182",
"152",
"149",
"147",
"174",
"181",
"164",
"164",
"159",
"153",
"165",
"154",
"153",
"157",
"140",
"169",
"171",
"152",
"134",
"165",
"165",
"159",
"165",
"147",
"138",
"147",
"140",
"163",
"171",
"161",
"162",
"183",
"139",
"171",
"137",
"164",
"149",
"147",
"138",
"153",
"174",
"152",
"144",
"138",
"139",
"148",
"147",
"160",
"145",
"146",
"140",
"145",
"142",
"158",
"149",
"162",
"165",
"157",
"163",
"161",
"146",
"145",
"139",
"144",
"142",
"146",
"130",
"164",
"154",
"158",
"137",
"153",
"177",
"154",
"134",
"161",
"146",
"132",
"134",
"157",
"146",
"144",
"135",
"173",
"144",
"134",
"128",
"147",
"160",
"146",
"164",
"158",
"156",
"148",
"151",
"150",
"157",
"135",
"145",
"168",
"158",
"157",
"125",
"160",
"161",
"144",
"146",
"140",
"140",
"133",
"165",
"167",
"163",
"130",
"136",
"157",
"160",
"152",
"165",
"165",
"133",
"159",
"148",
"135",
"149",
"139",
"152",
"162",
"162",
"161",
"147",
"152",
"145",
"151",
"165",
"193",
"135",
"143",
"176",
"169",
"151",
"181",
"164",
"163",
"169",
"175",
"139",
"150",
"197",
"163",
"164",
"174",
"183",
"167",
"175",
"171",
"163",
"154",
"165",
"212",
"149",
"158",
"164",
"175",
"157",
"184",
"169",
"186",
"218",
"188",
"182",
"175",
"194",
"208",
"179",
"183",
"207",
"156",
"195",
"179",
"205",
"189",
"187",
"203",
"167",
"175",
"182",
"202",
"219",
"231",
"225",
"213",
"199",
"196",
"225",
"240",
"208",
"193",
"254",
"243",
"264",
"248",
"238",
"256",
"252",
"258",
"304",
"286",
"282",
"315",
"291",
"327",
"334",
"307",
"360",
"340",
"342",
"400",
"366",
"410",
"426",
"405",
"493",
"449",
"509",
"485",
"524",
"522",
"562",
"559",
"538",
"675",
"615",
"601",
"623",
"722",
"707",
"775",
"739",
"788",
"864",
"805",
"810",
"883",
"842",
"937",
"872",
"992",
"1044",
"985",
"995",
"1069",
"1022",
"1006",
"1015",
"1075",
"1061",
"978",
"1047",
"1090",
"1092",
"1050",
"1045",
"1171",
"1092",
"1076",
"1017",
"1037",
"1015",
"993",
"1004",
"892",
"967",
"927",
"850",
"834",
"872",
"872",
"862",
"830",
"814",
"746",
"730",
"751",
"652",
"668",
"647",
"634",
"639",
"619",
"491",
"564",
"531",
"517",
"460",
"480",
"427",
"473",
"441",
"419",
"390",
"365",
"314",
"354",
"312",
"319",
"285",
"299",
"255",
"268",
"284",
"286",
"272",
"256",
"246",
"268",
"228",
"239",
"228",
"248",
"227",
"220",
"230",
"234",
"256",
"249",
"221",
"298",
"265",
"275",
"278",
"277",
"310",
"291",
"278",
"312",
"334",
"357",
"360",
"383",
"384",
"382",
"395",
"458",
"482",
"447",
"441",
"470",
"417",
"445",
"485",
"497",
"456",
"454",
"397",
"433",
"406",
"391",
"376",
"418",
"346",
"337",
"311",
"341",
"297",
"290",
"281",
"301",
"276",
"232",
"222",
"227",
"187",
"188",
"190",
"205",
"160",
"142",
"154",
"145",
"147",
"147",
"153",
"154",
"144",
"114",
"144",
"149",
"134",
"132",
"72791",
"Channel_info_start",
"Channel : Mg",
"Points : 0",
"Range : 0.000000 - 0.000000",
"Step : 0.010000",
"Channel_info_end",
"Channel_info_start",
"Channel : Al",
"Points : 0",
"Range : 0.000000 - 0.000000",
"Step : 0.010000",
"Channel_info_end",
"Channel_info_start",
"Channel : Si",
"Points : 0",
"Range : 0.000000 - 0.000000",
"Step : 0.010000",
"Channel_info_end",
"Channel_info_start",
"Channel : P ",
"Points : 0",
"Range : 0.000000 - 0.000000",
"Step : 0.010000",
"Channel_info_end",
"Channel_info_start",
"Channel : S ",
"Points : 0",
"Range : 0.000000 - 0.000000",
"Step : 0.010000",
"Channel_info_end",
"Channel_info_start",
"Channel : Cl",
"Points : 0",
"Range : 0.000000 - 0.000000",
"Step : 0.010000",
"Channel_info_end",
"Channel_info_start",
"Channel : K ",
"Points : 0",
"Range : 0.000000 - 0.000000",
"Step : 0.010000",
"Channel_info_end",
"Channel_info_start",
"Channel : Ca",
"Points : 0",
"Range : 0.000000 - 0.000000",
"Step : 0.010000",
"Channel_info_end",
"Channel_info_start",
"Channel : Ti",
"Points : 0",
"Range : 0.000000 - 0.000000",
"Step : 0.010000",
"Channel_info_end",
"Channel_info_start",
"Channel : V ",
"Points : 0",
"Range : 0.000000 - 0.000000",
"Step : 0.010000",
"Channel_info_end",
"Channel_info_start",
"Channel : Cr",
"Points : 0",
"Range : 0.000000 - 0.000000",
"Step : 0.010000",
"Channel_info_end",
"Channel_info_start",
"Channel : Mn",
"Points : 0",
"Range : 0.000000 - 0.000000",
"Step : 0.010000",
"Channel_info_end",
"Channel_info_start",
"Channel : Fe",
"Points : 0",
"Range : 0.000000 - 0.000000",
"Step : 0.010000",
"Channel_info_end",
"Channel_info_start",
"Channel : Cu",
"Points : 0",
"Range : 0.000000 - 0.000000",
"Step : 0.010000",
"Channel_info_end",
"Channel_info_start",
"Channel : Zn",
"Points : 0",
"Range : 0.000000 - 0.000000",
"Step : 0.010000",
"Channel_info_end",
"Channel_info_start",
"Channel : Sr",
"Points : 0",
"Range : 0.000000 - 0.000000",
"Step : 0.010000",
"Channel_info_end",
"Channel_info_start",
"Channel : Pb",
"Points : 0",
"Range : 0.000000 - 0.000000",
"Step : 0.010000",
"Channel_info_end",
"",
"Qualitative Result",
"--------------------------------------------------------------------------------",
"Element :  Ta, P , S , Ca, Fe, Zn, Ga, Rh",
"",
"Peak List",
"--------------------------------------------------------------------------------",
"Channel               Line        keV     Net Int.(cps/uA)",
"--------------------------------------------------------------------------------",
"Na                    TaMa         1.71     0.014",
"                      P Ka         1.95     0.044",
"                      S Ka         2.26     0.005",
"                      CaKa         3.68     4.010",
"                      CaKb         4.00     0.501",
"                      FeKa         6.38     0.025",
"                      TaLa         8.10     0.081",
"                      ZnKa         8.64     0.017",
"                      TaLb1        9.32     0.045",
"                      GaKa         9.32     0.006",
"                      TaLb2        9.57     0.019",
"                      ZnKb         9.57     0.002",
"                      RhKaC       19.21     0.139",
"                      ----        19.46     0.049",
"                      RhKa        20.05     0.044",
"--------------------------------------------------------------------------------",
"",
"Quantitative Result",
"--------------------------------------------------------------------------------",
"Analyte               Result             Std.Dev. Proc.-Calc. Line Intensity(cps/uA)",
"--------------------------------------------------------------------------------",
"====[No. 1 Layer]====< Layer1               >===============================",
"Layer1                   0.000 ug/cm2    -------- Flux       -------- --------",
