"Sample    : csbr_3151316lamfi",
"Operator  : ",
"Comment  : micromatter csbr 55.4ug/cm2",
"Group     : kerr2007ab13liv300al",
"Date       : 2013-03-07 13:38:36",
"",
"Mesurement Condition",
"------------------------------------------------------------------------------------",
"Instrument : 700HS2   Atmosphere : Vac.   Collimator : 10(mm)   Spin : No",
"------------------------------------------------------------------------------------",
"Analyte               TG kV   uA      FI Acq.(keV)  Anal.(keV)  Time(sec)     DT(%)",
"------------------------------------------------------------------------------------",
"Na                    Rh 50  296-Auto Al  0 - 20    0.8 - 1.2   Live -  179   21",
"",
"<Profile>",
"Channel_info_start",
"Channel : Na",
"Points : 2048",
"Range : 0.000000 - 20.480000",
"Step : 0.010000",
"Channel_info_end",
"0",
"0",
"0",
"0",
"0",
"0",
"0",
"0",
"0",
"0",
"0",
"0",
"0",
"0",
"0",
"0",
"0",
"0",
"0",
"0",
"0",
"0",
"0",
"0",
"0",
"0",
"0",
"0",
"0",
"3",
"10",
"47",
"34",
"35",
"37",
"30",
"53",
"38",
"40",
"37",
"29",
"33",
"41",
"33",
"46",
"49",
"45",
"41",
"35",
"51",
"32",
"47",
"33",
"41",
"38",
"43",
"54",
"55",
"27",
"29",
"19",
"24",
"38",
"43",
"24",
"35",
"29",
"30",
"37",
"26",
"26",
"37",
"32",
"34",
"31",
"33",
"31",
"32",
"29",
"31",
"32",
"27",
"28",
"34",
"27",
"40",
"27",
"22",
"39",
"37",
"37",
"33",
"39",
"50",
"35",
"34",
"44",
"41",
"31",
"37",
"32",
"37",
"27",
"26",
"23",
"29",
"45",
"28",
"32",
"39",
"32",
"36",
"31",
"29",
"22",
"37",
"27",
"44",
"36",
"40",
"34",
"32",
"40",
"57",
"67",
"55",
"52",
"65",
"57",
"74",
"77",
"65",
"77",
"87",
"64",
"70",
"77",
"96",
"123",
"138",
"208",
"276",
"339",
"502",
"619",
"668",
"727",
"802",
"884",
"874",
"811",
"857",
"811",
"712",
"600",
"480",
"384",
"388",
"291",
"259",
"197",
"180",
"134",
"97",
"98",
"89",
"71",
"60",
"54",
"39",
"52",
"52",
"52",
"31",
"41",
"40",
"45",
"36",
"49",
"38",
"38",
"45",
"36",
"33",
"35",
"45",
"38",
"44",
"62",
"35",
"61",
"56",
"65",
"73",
"81",
"77",
"90",
"88",
"120",
"117",
"103",
"104",
"119",
"103",
"94",
"87",
"71",
"67",
"58",
"56",
"56",
"48",
"33",
"33",
"36",
"36",
"41",
"39",
"37",
"30",
"24",
"36",
"26",
"33",
"33",
"33",
"46",
"45",
"31",
"30",
"33",
"29",
"34",
"34",
"32",
"32",
"31",
"26",
"37",
"33",
"36",
"44",
"34",
"45",
"44",
"53",
"71",
"67",
"85",
"83",
"96",
"97",
"108",
"107",
"120",
"140",
"103",
"81",
"81",
"72",
"72",
"61",
"49",
"35",
"31",
"52",
"38",
"40",
"50",
"47",
"34",
"63",
"55",
"53",
"38",
"44",
"46",
"60",
"46",
"62",
"60",
"70",
"70",
"68",
"70",
"88",
"94",
"77",
"89",
"76",
"67",
"82",
"62",
"60",
"55",
"63",
"50",
"57",
"57",
"47",
"52",
"46",
"41",
"36",
"41",
"27",
"44",
"48",
"39",
"40",
"40",
"39",
"48",
"50",
"55",
"53",
"54",
"44",
"57",
"54",
"48",
"46",
"51",
"53",
"43",
"58",
"33",
"49",
"39",
"37",
"46",
"38",
"47",
"38",
"52",
"46",
"55",
"64",
"33",
"53",
"45",
"54",
"39",
"54",
"50",
"60",
"52",
"61",
"57",
"78",
"54",
"93",
"106",
"97",
"127",
"170",
"202",
"232",
"258",
"382",
"475",
"573",
"631",
"789",
"909",
"986",
"1022",
"1164",
"1175",
"1222",
"1129",
"1114",
"1037",
"917",
"821",
"798",
"716",
"688",
"639",
"544",
"516",
"503",
"449",
"410",
"331",
"304",
"268",
"250",
"209",
"200",
"191",
"182",
"186",
"182",
"187",
"203",
"165",
"263",
"219",
"247",
"237",
"250",
"270",
"238",
"258",
"298",
"262",
"270",
"307",
"371",
"368",
"448",
"572",
"704",
"951",
"1194",
"1583",
"2125",
"2648",
"3510",
"4363",
"5331",
"6105",
"7423",
"8117",
"8883",
"8893",
"9345",
"9386",
"8924",
"8146",
"7740",
"6626",
"5863",
"4722",
"3834",
"2954",
"2365",
"1703",
"1309",
"1049",
"732",
"522",
"449",
"370",
"406",
"387",
"526",
"690",
"924",
"1200",
"1499",
"1924",
"2477",
"2872",
"3639",
"4035",
"4646",
"5039",
"5540",
"5868",
"6160",
"5976",
"6157",
"5694",
"5583",
"5060",
"4481",
"4104",
"3614",
"3274",
"2751",
"2542",
"2139",
"1682",
"1499",
"1307",
"1095",
"955",
"838",
"778",
"688",
"727",
"701",
"842",
"865",
"1003",
"1197",
"1251",
"1298",
"1441",
"1488",
"1606",
"1491",
"1496",
"1409",
"1264",
"1224",
"1039",
"905",
"772",
"707",
"534",
"434",
"361",
"321",
"229",
"227",
"199",
"167",
"186",
"187",
"182",
"172",
"198",
"233",
"262",
"332",
"391",
"418",
"492",
"583",
"641",
"718",
"769",
"820",
"828",
"788",
"781",
"804",
"749",
"628",
"611",
"546",
"404",
"409",
"320",
"298",
"240",
"228",
"244",
"225",
"185",
"237",
"250",
"292",
"339",
"374",
"392",
"420",
"448",
"476",
"479",
"476",
"460",
"459",
"435",
"433",
"369",
"366",
"305",
"289",
"262",
"228",
"213",
"201",
"150",
"172",
"162",
"138",
"140",
"111",
"136",
"124",
"97",
"87",
"105",
"93",
"70",
"93",
"72",
"83",
"56",
"83",
"73",
"65",
"65",
"63",
"58",
"68",
"69",
"88",
"70",
"64",
"76",
"70",
"74",
"64",
"73",
"67",
"65",
"90",
"80",
"78",
"77",
"94",
"83",
"90",
"84",
"94",
"101",
"85",
"105",
"86",
"91",
"90",
"96",
"91",
"97",
"106",
"95",
"110",
"93",
"107",
"127",
"100",
"97",
"100",
"106",
"110",
"116",
"95",
"122",
"131",
"112",
"135",
"108",
"115",
"97",
"122",
"139",
"144",
"122",
"118",
"108",
"103",
"118",
"131",
"113",
"113",
"124",
"111",
"104",
"121",
"103",
"103",
"130",
"115",
"122",
"131",
"114",
"85",
"118",
"125",
"120",
"123",
"131",
"114",
"128",
"132",
"140",
"136",
"139",
"123",
"129",
"136",
"144",
"140",
"166",
"128",
"124",
"164",
"161",
"142",
"142",
"146",
"155",
"155",
"118",
"128",
"154",
"156",
"158",
"146",
"145",
"144",
"136",
"154",
"131",
"133",
"141",
"121",
"94",
"142",
"128",
"118",
"112",
"91",
"107",
"98",
"102",
"115",
"94",
"105",
"110",
"115",
"100",
"113",
"100",
"100",
"87",
"107",
"115",
"115",
"96",
"135",
"104",
"105",
"103",
"99",
"101",
"100",
"95",
"112",
"108",
"111",
"87",
"120",
"104",
"120",
"125",
"119",
"127",
"149",
"133",
"112",
"144",
"136",
"127",
"122",
"102",
"106",
"119",
"129",
"119",
"108",
"119",
"118",
"140",
"124",
"127",
"123",
"112",
"131",
"108",
"118",
"117",
"120",
"127",
"113",
"119",
"116",
"116",
"118",
"94",
"125",
"112",
"99",
"104",
"120",
"117",
"116",
"93",
"124",
"127",
"146",
"138",
"121",
"133",
"137",
"127",
"149",
"138",
"128",
"170",
"158",
"131",
"132",
"133",
"164",
"154",
"155",
"135",
"148",
"136",
"153",
"140",
"170",
"140",
"141",
"142",
"152",
"139",
"141",
"124",
"118",
"127",
"128",
"120",
"136",
"137",
"124",
"147",
"130",
"140",
"124",
"135",
"124",
"138",
"154",
"144",
"149",
"132",
"134",
"136",
"113",
"165",
"153",
"132",
"138",
"132",
"130",
"129",
"161",
"146",
"153",
"150",
"155",
"168",
"152",
"139",
"163",
"169",
"168",
"194",
"189",
"181",
"175",
"201",
"178",
"196",
"197",
"228",
"183",
"213",
"204",
"199",
"195",
"162",
"184",
"174",
"166",
"144",
"167",
"156",
"141",
"148",
"128",
"134",
"145",
"151",
"151",
"124",
"154",
"150",
"115",
"148",
"123",
"134",
"146",
"125",
"148",
"138",
"141",
"129",
"141",
"142",
"148",
"127",
"135",
"144",
"142",
"133",
"146",
"154",
"136",
"145",
"137",
"127",
"149",
"121",
"135",
"139",
"146",
"125",
"125",
"147",
"127",
"127",
"150",
"146",
"135",
"145",
"122",
"151",
"147",
"131",
"144",
"134",
"152",
"154",
"141",
"136",
"145",
"150",
"119",
"156",
"139",
"144",
"154",
"144",
"125",
"146",
"130",
"145",
"114",
"148",
"133",
"140",
"130",
"142",
"125",
"160",
"134",
"119",
"144",
"151",
"139",
"119",
"117",
"134",
"160",
"124",
"105",
"134",
"133",
"131",
"131",
"125",
"129",
"115",
"150",
"111",
"152",
"107",
"130",
"122",
"132",
"110",
"115",
"119",
"116",
"121",
"155",
"96",
"124",
"111",
"140",
"108",
"131",
"119",
"122",
"103",
"135",
"124",
"108",
"105",
"113",
"129",
"122",
"125",
"138",
"103",
"123",
"134",
"121",
"122",
"121",
"139",
"136",
"134",
"129",
"140",
"131",
"138",
"136",
"146",
"142",
"117",
"116",
"132",
"105",
"155",
"133",
"121",
"133",
"134",
"111",
"125",
"119",
"117",
"122",
"130",
"130",
"133",
"125",
"142",
"108",
"117",
"122",
"115",
"102",
"124",
"129",
"120",
"130",
"119",
"134",
"144",
"121",
"101",
"103",
"136",
"112",
"111",
"131",
"134",
"125",
"130",
"128",
"139",
"129",
"111",
"119",
"121",
"121",
"145",
"129",
"127",
"144",
"140",
"128",
"118",
"100",
"140",
"104",
"116",
"116",
"149",
"124",
"117",
"100",
"134",
"117",
"139",
"150",
"131",
"128",
"112",
"117",
"124",
"122",
"115",
"114",
"112",
"123",
"106",
"134",
"118",
"118",
"135",
"123",
"119",
"107",
"107",
"121",
"141",
"140",
"119",
"118",
"114",
"117",
"137",
"124",
"120",
"124",
"125",
"137",
"139",
"155",
"153",
"129",
"110",
"141",
"131",
"142",
"146",
"140",
"134",
"118",
"137",
"116",
"134",
"150",
"138",
"133",
"128",
"137",
"116",
"125",
"146",
"150",
"135",
"157",
"138",
"161",
"157",
"140",
"173",
"160",
"167",
"175",
"158",
"164",
"167",
"155",
"214",
"230",
"255",
"281",
"313",
"454",
"493",
"613",
"732",
"937",
"1191",
"1490",
"1839",
"2312",
"2730",
"3336",
"4090",
"4822",
"5630",
"6557",
"7626",
"8716",
"9634",
"10970",
"12290",
"12927",
"13720",
"14751",
"16290",
"16346",
"16304",
"17027",
"17235",
"17211",
"16449",
"16369",
"15711",
"15003",
"13791",
"12785",
"12115",
"10997",
"9578",
"8466",
"7695",
"6598",
"5346",
"4872",
"4018",
"3263",
"2625",
"2196",
"1808",
"1435",
"1196",
"893",
"714",
"597",
"469",
"404",
"338",
"262",
"213",
"190",
"177",
"165",
"161",
"158",
"139",
"151",
"136",
"150",
"145",
"130",
"130",
"138",
"134",
"131",
"121",
"122",
"125",
"128",
"123",
"116",
"125",
"129",
"120",
"112",
"112",
"119",
"135",
"117",
"121",
"103",
"108",
"98",
"117",
"116",
"152",
"127",
"130",
"120",
"149",
"122",
"132",
"105",
"133",
"124",
"130",
"114",
"127",
"131",
"125",
"122",
"134",
"125",
"132",
"125",
"113",
"124",
"129",
"130",
"140",
"147",
"134",
"127",
"131",
"131",
"134",
"120",
"133",
"141",
"157",
"160",
"138",
"129",
"166",
"149",
"144",
"170",
"202",
"172",
"187",
"217",
"234",
"250",
"240",
"308",
"363",
"399",
"376",
"501",
"637",
"721",
"765",
"940",
"1190",
"1169",
"1360",
"1401",
"1669",
"1832",
"1955",
"2140",
"2270",
"2381",
"2384",
"2401",
"2700",
"2561",
"2712",
"2710",
"2615",
"2709",
"2431",
"2343",
"2319",
"2118",
"1917",
"1808",
"1703",
"1558",
"1401",
"1304",
"1187",
"1068",
"973",
"867",
"759",
"677",
"615",
"542",
"489",
"443",
"376",
"324",
"315",
"296",
"289",
"222",
"199",
"185",
"155",
"154",
"140",
"122",
"145",
"120",
"121",
"108",
"94",
"97",
"105",
"112",
"87",
"103",
"113",
"118",
"78",
"93",
"100",
"96",
"86",
"73",
"102",
"84",
"87",
"90",
"97",
"93",
"97",
"85",
"83",
"95",
"104",
"91",
"94",
"83",
"81",
"83",
"90",
"80",
"105",
"106",
"89",
"102",
"105",
"79",
"102",
"82",
"85",
"85",
"78",
"99",
"89",
"69",
"89",
"72",
"89",
"90",
"73",
"78",
"93",
"105",
"83",
"98",
"76",
"86",
"86",
"88",
"79",
"80",
"94",
"96",
"79",
"54",
"84",
"79",
"99",
"85",
"91",
"89",
"74",
"84",
"87",
"93",
"84",
"83",
"98",
"73",
"65",
"100",
"74",
"89",
"81",
"87",
"99",
"78",
"94",
"82",
"86",
"76",
"67",
"85",
"90",
"85",
"71",
"82",
"77",
"69",
"80",
"78",
"79",
"74",
"102",
"96",
"87",
"99",
"69",
"91",
"86",
"88",
"82",
"73",
"79",
"84",
"84",
"97",
"74",
"94",
"88",
"84",
"85",
"80",
"89",
"90",
"104",
"96",
"72",
"94",
"74",
"82",
"66",
"66",
"71",
"91",
"79",
"73",
"90",
"99",
"87",
"83",
"85",
"84",
"90",
"68",
"69",
"78",
"93",
"71",
"72",
"79",
"67",
"93",
"93",
"73",
"81",
"68",
"83",
"78",
"72",
"94",
"105",
"74",
"79",
"79",
"79",
"71",
"73",
"65",
"78",
"82",
"83",
"90",
"66",
"85",
"79",
"66",
"61",
"58",
"78",
"70",
"74",
"96",
"71",
"86",
"85",
"66",
"77",
"72",
"83",
"91",
"74",
"73",
"79",
"72",
"79",
"64",
"85",
"70",
"77",
"80",
"80",
"80",
"96",
"74",
"76",
"76",
"74",
"77",
"83",
"85",
"85",
"61",
"68",
"74",
"76",
"71",
"83",
"68",
"88",
"99",
"98",
"69",
"78",
"74",
"80",
"67",
"80",
"69",
"74",
"77",
"74",
"93",
"83",
"72",
"97",
"67",
"87",
"68",
"93",
"80",
"78",
"97",
"93",
"80",
"81",
"89",
"70",
"88",
"76",
"86",
"99",
"91",
"78",
"87",
"95",
"74",
"104",
"90",
"81",
"76",
"79",
"85",
"86",
"78",
"96",
"88",
"64",
"67",
"81",
"83",
"63",
"69",
"78",
"80",
"79",
"69",
"97",
"69",
"76",
"93",
"100",
"89",
"67",
"95",
"78",
"74",
"67",
"67",
"72",
"77",
"83",
"68",
"85",
"71",
"79",
"84",
"70",
"67",
"67",
"62",
"87",
"80",
"69",
"70",
"68",
"68",
"76",
"79",
"74",
"69",
"77",
"67",
"74",
"65",
"73",
"69",
"74",
"72",
"82",
"66",
"78",
"73",
"64",
"71",
"76",
"84",
"56",
"74",
"76",
"73",
"74",
"73",
"76",
"62",
"60",
"73",
"84",
"67",
"69",
"82",
"66",
"61",
"74",
"81",
"77",
"68",
"68",
"67",
"67",
"73",
"49",
"63",
"58",
"72",
"61",
"57",
"72",
"73",
"64",
"70",
"84",
"64",
"73",
"74",
"66",
"63",
"66",
"77",
"68",
"89",
"63",
"80",
"78",
"74",
"69",
"81",
"72",
"69",
"57",
"62",
"87",
"88",
"73",
"61",
"70",
"60",
"65",
"81",
"54",
"86",
"64",
"64",
"66",
"78",
"66",
"54",
"64",
"71",
"72",
"72",
"73",
"73",
"48",
"72",
"51",
"73",
"74",
"56",
"79",
"82",
"77",
"60",
"77",
"80",
"83",
"76",
"69",
"96",
"68",
"52",
"72",
"83",
"74",
"67",
"79",
"65",
"77",
"80",
"56",
"60",
"61",
"85",
"64",
"71",
"71",
"79",
"81",
"73",
"76",
"58",
"88",
"85",
"70",
"87",
"53",
"73",
"80",
"67",
"70",
"89",
"71",
"85",
"82",
"66",
"79",
"83",
"87",
"83",
"74",
"68",
"72",
"67",
"84",
"103",
"97",
"72",
"72",
"84",
"85",
"73",
"83",
"76",
"102",
"84",
"99",
"89",
"78",
"93",
"93",
"87",
"105",
"98",
"94",
"97",
"104",
"112",
"87",
"82",
"119",
"114",
"104",
"90",
"112",
"115",
"108",
"132",
"118",
"112",
"113",
"129",
"121",
"151",
"137",
"158",
"156",
"147",
"163",
"160",
"154",
"180",
"157",
"181",
"221",
"215",
"199",
"203",
"244",
"190",
"239",
"207",
"281",
"230",
"245",
"232",
"280",
"283",
"302",
"267",
"338",
"284",
"300",
"337",
"353",
"346",
"379",
"387",
"388",
"386",
"370",
"407",
"379",
"417",
"391",
"404",
"424",
"430",
"424",
"414",
"437",
"426",
"412",
"410",
"429",
"430",
"375",
"416",
"415",
"421",
"388",
"405",
"373",
"386",
"376",
"341",
"368",
"345",
"319",
"328",
"300",
"337",
"290",
"304",
"276",
"288",
"272",
"235",
"235",
"291",
"231",
"221",
"204",
"211",
"168",
"184",
"170",
"167",
"186",
"165",
"151",
"144",
"130",
"142",
"137",
"125",
"139",
"122",
"139",
"141",
"113",
"90",
"113",
"110",
"116",
"112",
"99",
"105",
"119",
"98",
"105",
"103",
"122",
"127",
"106",
"113",
"107",
"118",
"141",
"132",
"129",
"155",
"169",
"152",
"158",
"178",
"191",
"187",
"194",
"196",
"234",
"271",
"236",
"242",
"263",
"272",
"252",
"265",
"283",
"305",
"281",
"297",
"303",
"292",
"288",
"268",
"283",
"271",
"270",
"256",
"241",
"238",
"230",
"218",
"215",
"217",
"191",
"140",
"162",
"139",
"148",
"135",
"123",
"121",
"93",
"96",
"76",
"93",
"76",
"72",
"88",
"70",
"64",
"65",
"88",
"50",
"54",
"54",
"74",
"49",
"61",
"47368",
"Channel_info_start",
"Channel : Mg",
"Points : 0",
"Range : 0.000000 - 0.000000",
"Step : 0.010000",
"Channel_info_end",
"Channel_info_start",
"Channel : Al",
"Points : 0",
"Range : 0.000000 - 0.000000",
"Step : 0.010000",
"Channel_info_end",
"Channel_info_start",
"Channel : Si",
"Points : 0",
"Range : 0.000000 - 0.000000",
"Step : 0.010000",
"Channel_info_end",
"Channel_info_start",
"Channel : P ",
"Points : 0",
"Range : 0.000000 - 0.000000",
"Step : 0.010000",
"Channel_info_end",
"Channel_info_start",
"Channel : S ",
"Points : 0",
"Range : 0.000000 - 0.000000",
"Step : 0.010000",
"Channel_info_end",
"Channel_info_start",
"Channel : Cl",
"Points : 0",
"Range : 0.000000 - 0.000000",
"Step : 0.010000",
"Channel_info_end",
"Channel_info_start",
"Channel : K ",
"Points : 0",
"Range : 0.000000 - 0.000000",
"Step : 0.010000",
"Channel_info_end",
"Channel_info_start",
"Channel : Ca",
"Points : 0",
"Range : 0.000000 - 0.000000",
"Step : 0.010000",
"Channel_info_end",
"Channel_info_start",
"Channel : Ti",
"Points : 0",
"Range : 0.000000 - 0.000000",
"Step : 0.010000",
"Channel_info_end",
"Channel_info_start",
"Channel : V ",
"Points : 0",
"Range : 0.000000 - 0.000000",
"Step : 0.010000",
"Channel_info_end",
"Channel_info_start",
"Channel : Cr",
"Points : 0",
"Range : 0.000000 - 0.000000",
"Step : 0.010000",
"Channel_info_end",
"Channel_info_start",
"Channel : Mn",
"Points : 0",
"Range : 0.000000 - 0.000000",
"Step : 0.010000",
"Channel_info_end",
"Channel_info_start",
"Channel : Fe",
"Points : 0",
"Range : 0.000000 - 0.000000",
"Step : 0.010000",
"Channel_info_end",
"Channel_info_start",
"Channel : Cu",
"Points : 0",
"Range : 0.000000 - 0.000000",
"Step : 0.010000",
"Channel_info_end",
"Channel_info_start",
"Channel : Zn",
"Points : 0",
"Range : 0.000000 - 0.000000",
"Step : 0.010000",
"Channel_info_end",
"Channel_info_start",
"Channel : Sr",
"Points : 0",
"Range : 0.000000 - 0.000000",
"Step : 0.010000",
"Channel_info_end",
"Channel_info_start",
"Channel : Pb",
"Points : 0",
"Range : 0.000000 - 0.000000",
"Step : 0.010000",
"Channel_info_end",
"",
"Qualitative Result",
"--------------------------------------------------------------------------------",
"Element :  Br, P , Cs, Ce, Ru",
"",
"Peak List",
"--------------------------------------------------------------------------------",
"Channel               Line        keV     Net Int.(cps/uA)",
"--------------------------------------------------------------------------------",
"Na                    BrLa         1.48     0.177",
"                      P Ka         1.99     0.019",
"                      CsLaESC      2.54     0.022",
"                      CsLb1ESC     2.86     0.012",
"                      ----         3.68     0.281",
"                      CsLa         4.28     2.450",
"                      CsLb1        4.62     1.602",
"                      CsLb2        4.92     0.360",
"                      CsLg1        5.26     0.147",
"                      CeLb1        5.26     0.038",
"                      CsLg2        5.52     0.102",
"                      BrKa        11.88     6.271",
"                      BrKb        13.27     0.970",
"                      RuKa        19.16     0.124",
"                      ----        19.36     0.080",
"                      ----        19.99     0.067",
"--------------------------------------------------------------------------------",
"",
"Quantitative Result",
"--------------------------------------------------------------------------------",
"Analyte               Result             Std.Dev. Proc.-Calc. Line Intensity(cps/uA)",
"--------------------------------------------------------------------------------",
"====[No. 1 Layer]====< Layer1               >===============================",
"Layer1                   0.000 ug/cm2    -------- Flux       -------- --------",
