"Sample    : cu_34681_16p",
"Operator  : ",
"Comment  : micromater cu 46.7ug/cm2",
"Group     : kerr2007ab13liv300al",
"Date       : 2013-03-06 19:15:13",
"",
"Mesurement Condition",
"------------------------------------------------------------------------------------",
"Instrument : 700HS2   Atmosphere : Vac.   Collimator : 10(mm)   Spin : No",
"------------------------------------------------------------------------------------",
"Analyte               TG kV   uA      FI Acq.(keV)  Anal.(keV)  Time(sec)     DT(%)",
"------------------------------------------------------------------------------------",
"Na                    Rh 50  215-Auto Al  0 - 20    0.8 - 1.2   Live -  179   21",
"",
"<Profile>",
"Channel_info_start",
"Channel : Na",
"Points : 2048",
"Range : 0.000000 - 20.480000",
"Step : 0.010000",
"Channel_info_end",
"0",
"0",
"0",
"0",
"0",
"0",
"0",
"0",
"0",
"0",
"0",
"0",
"0",
"0",
"0",
"0",
"0",
"0",
"0",
"0",
"0",
"0",
"0",
"0",
"0",
"0",
"0",
"0",
"0",
"0",
"7",
"11",
"18",
"18",
"13",
"13",
"21",
"19",
"10",
"21",
"19",
"13",
"11",
"16",
"13",
"12",
"18",
"15",
"18",
"13",
"14",
"14",
"14",
"14",
"18",
"14",
"10",
"14",
"13",
"15",
"12",
"15",
"11",
"11",
"12",
"9",
"10",
"19",
"14",
"11",
"18",
"20",
"10",
"16",
"21",
"23",
"23",
"28",
"29",
"27",
"47",
"37",
"40",
"60",
"56",
"84",
"112",
"150",
"182",
"200",
"263",
"290",
"312",
"340",
"347",
"319",
"308",
"260",
"202",
"194",
"161",
"121",
"102",
"106",
"71",
"42",
"42",
"35",
"30",
"23",
"22",
"20",
"24",
"19",
"12",
"12",
"23",
"19",
"14",
"13",
"21",
"16",
"16",
"18",
"14",
"5",
"15",
"19",
"9",
"20",
"17",
"15",
"12",
"18",
"20",
"12",
"14",
"9",
"12",
"17",
"23",
"19",
"13",
"10",
"13",
"17",
"18",
"24",
"21",
"26",
"18",
"21",
"17",
"13",
"12",
"10",
"12",
"17",
"14",
"18",
"20",
"20",
"16",
"27",
"11",
"21",
"29",
"29",
"28",
"30",
"30",
"33",
"38",
"17",
"35",
"35",
"21",
"31",
"24",
"17",
"15",
"26",
"19",
"14",
"18",
"27",
"17",
"24",
"27",
"27",
"39",
"38",
"33",
"39",
"47",
"83",
"56",
"75",
"84",
"84",
"67",
"81",
"75",
"55",
"44",
"52",
"44",
"36",
"28",
"20",
"26",
"16",
"20",
"18",
"18",
"12",
"12",
"14",
"15",
"20",
"16",
"16",
"15",
"19",
"17",
"15",
"15",
"13",
"16",
"15",
"10",
"15",
"16",
"10",
"18",
"7",
"12",
"15",
"15",
"11",
"10",
"13",
"16",
"14",
"9",
"10",
"15",
"12",
"13",
"10",
"13",
"10",
"16",
"14",
"6",
"13",
"12",
"10",
"12",
"10",
"16",
"17",
"13",
"21",
"13",
"15",
"17",
"16",
"18",
"18",
"18",
"16",
"19",
"19",
"14",
"14",
"27",
"15",
"17",
"17",
"20",
"10",
"15",
"21",
"15",
"19",
"17",
"22",
"16",
"13",
"12",
"21",
"16",
"19",
"6",
"14",
"17",
"9",
"22",
"10",
"15",
"17",
"11",
"13",
"17",
"23",
"19",
"23",
"22",
"13",
"18",
"23",
"20",
"17",
"13",
"20",
"20",
"21",
"26",
"23",
"15",
"15",
"15",
"24",
"17",
"28",
"19",
"18",
"18",
"18",
"11",
"16",
"23",
"19",
"10",
"27",
"23",
"24",
"20",
"19",
"16",
"29",
"15",
"20",
"26",
"14",
"18",
"26",
"28",
"30",
"37",
"37",
"43",
"52",
"56",
"82",
"94",
"148",
"194",
"240",
"355",
"418",
"430",
"523",
"647",
"794",
"818",
"820",
"838",
"788",
"775",
"734",
"671",
"572",
"458",
"376",
"327",
"225",
"187",
"175",
"105",
"92",
"77",
"67",
"53",
"42",
"58",
"47",
"46",
"58",
"60",
"58",
"69",
"71",
"97",
"78",
"103",
"110",
"114",
"147",
"122",
"132",
"150",
"145",
"137",
"112",
"99",
"80",
"73",
"73",
"49",
"42",
"47",
"42",
"27",
"40",
"22",
"22",
"33",
"23",
"29",
"36",
"33",
"31",
"43",
"33",
"27",
"40",
"27",
"27",
"28",
"33",
"43",
"39",
"36",
"39",
"37",
"46",
"31",
"29",
"47",
"29",
"39",
"38",
"44",
"39",
"36",
"37",
"54",
"44",
"53",
"51",
"43",
"39",
"44",
"36",
"42",
"50",
"54",
"34",
"44",
"45",
"38",
"42",
"43",
"45",
"45",
"36",
"46",
"45",
"40",
"44",
"27",
"30",
"53",
"32",
"32",
"37",
"32",
"31",
"44",
"46",
"34",
"35",
"38",
"39",
"30",
"39",
"23",
"34",
"29",
"38",
"35",
"42",
"34",
"37",
"35",
"28",
"33",
"40",
"32",
"37",
"19",
"36",
"32",
"29",
"27",
"29",
"38",
"45",
"32",
"45",
"35",
"36",
"24",
"35",
"29",
"22",
"35",
"34",
"47",
"33",
"37",
"44",
"37",
"38",
"31",
"31",
"39",
"44",
"50",
"32",
"40",
"43",
"40",
"54",
"42",
"53",
"40",
"38",
"47",
"45",
"43",
"53",
"40",
"49",
"49",
"45",
"42",
"45",
"40",
"36",
"48",
"38",
"29",
"46",
"51",
"44",
"30",
"48",
"46",
"44",
"46",
"43",
"43",
"46",
"50",
"54",
"52",
"50",
"46",
"56",
"52",
"54",
"54",
"59",
"49",
"62",
"44",
"58",
"53",
"49",
"52",
"37",
"60",
"49",
"65",
"66",
"67",
"48",
"63",
"62",
"52",
"76",
"67",
"66",
"64",
"72",
"67",
"71",
"76",
"92",
"70",
"85",
"87",
"82",
"72",
"95",
"97",
"91",
"76",
"82",
"109",
"125",
"88",
"105",
"110",
"109",
"117",
"118",
"142",
"133",
"153",
"159",
"177",
"145",
"184",
"182",
"145",
"174",
"155",
"144",
"185",
"152",
"127",
"129",
"137",
"120",
"108",
"120",
"101",
"109",
"100",
"96",
"89",
"86",
"75",
"83",
"95",
"88",
"81",
"98",
"84",
"83",
"79",
"73",
"82",
"78",
"81",
"86",
"81",
"71",
"91",
"82",
"84",
"91",
"71",
"93",
"88",
"115",
"94",
"102",
"100",
"101",
"96",
"85",
"98",
"103",
"104",
"95",
"113",
"80",
"104",
"105",
"114",
"103",
"108",
"105",
"103",
"117",
"104",
"102",
"117",
"116",
"111",
"111",
"109",
"115",
"87",
"89",
"134",
"142",
"102",
"128",
"128",
"114",
"105",
"124",
"118",
"99",
"124",
"134",
"127",
"129",
"118",
"129",
"110",
"133",
"132",
"131",
"128",
"130",
"103",
"134",
"100",
"134",
"129",
"116",
"132",
"113",
"110",
"132",
"136",
"109",
"112",
"134",
"137",
"137",
"122",
"103",
"128",
"120",
"117",
"127",
"113",
"130",
"139",
"150",
"132",
"131",
"126",
"147",
"132",
"145",
"159",
"136",
"161",
"120",
"137",
"125",
"149",
"144",
"152",
"147",
"168",
"142",
"176",
"164",
"198",
"176",
"175",
"194",
"202",
"241",
"223",
"272",
"307",
"338",
"436",
"586",
"696",
"953",
"1158",
"1713",
"2195",
"3050",
"3932",
"5299",
"6915",
"8761",
"10866",
"13408",
"16215",
"19681",
"22147",
"25952",
"29804",
"32936",
"35073",
"38143",
"40423",
"41606",
"40720",
"41180",
"40339",
"38799",
"35805",
"33723",
"30492",
"27494",
"23557",
"20312",
"17649",
"14687",
"11644",
"9703",
"7642",
"5938",
"4330",
"3359",
"2474",
"1831",
"1268",
"989",
"704",
"527",
"377",
"312",
"277",
"237",
"198",
"179",
"186",
"154",
"165",
"153",
"142",
"148",
"135",
"130",
"144",
"167",
"148",
"150",
"142",
"162",
"134",
"176",
"139",
"162",
"152",
"151",
"195",
"191",
"178",
"219",
"253",
"192",
"187",
"208",
"245",
"266",
"257",
"255",
"318",
"297",
"311",
"368",
"411",
"476",
"572",
"672",
"882",
"1005",
"1181",
"1462",
"1802",
"2009",
"2354",
"2761",
"3223",
"3645",
"3869",
"4253",
"4698",
"4953",
"5105",
"5279",
"5553",
"5549",
"5139",
"4917",
"4792",
"4503",
"4174",
"3789",
"3476",
"2974",
"2568",
"2237",
"1883",
"1599",
"1219",
"1082",
"833",
"653",
"490",
"388",
"323",
"268",
"210",
"176",
"162",
"135",
"131",
"108",
"89",
"100",
"103",
"105",
"85",
"91",
"102",
"89",
"101",
"114",
"101",
"98",
"97",
"101",
"96",
"98",
"113",
"110",
"92",
"116",
"106",
"115",
"110",
"99",
"115",
"95",
"87",
"108",
"101",
"77",
"109",
"85",
"91",
"86",
"91",
"84",
"99",
"100",
"114",
"91",
"110",
"103",
"117",
"95",
"117",
"93",
"96",
"94",
"102",
"106",
"95",
"110",
"108",
"115",
"99",
"92",
"92",
"81",
"93",
"81",
"83",
"78",
"70",
"86",
"83",
"65",
"56",
"75",
"82",
"86",
"82",
"63",
"79",
"73",
"75",
"83",
"93",
"69",
"47",
"61",
"77",
"71",
"81",
"56",
"82",
"80",
"69",
"84",
"60",
"55",
"63",
"72",
"60",
"61",
"58",
"71",
"87",
"71",
"68",
"66",
"78",
"63",
"87",
"66",
"78",
"64",
"69",
"85",
"73",
"68",
"85",
"75",
"84",
"87",
"64",
"67",
"67",
"60",
"64",
"81",
"67",
"63",
"76",
"56",
"71",
"88",
"85",
"55",
"87",
"70",
"63",
"80",
"85",
"67",
"62",
"69",
"81",
"79",
"56",
"58",
"80",
"71",
"79",
"66",
"83",
"72",
"71",
"69",
"84",
"53",
"71",
"85",
"73",
"72",
"79",
"79",
"61",
"68",
"78",
"75",
"76",
"68",
"77",
"77",
"80",
"84",
"70",
"79",
"89",
"76",
"80",
"76",
"73",
"71",
"73",
"65",
"73",
"62",
"84",
"89",
"93",
"70",
"84",
"63",
"86",
"70",
"76",
"67",
"78",
"89",
"88",
"72",
"73",
"83",
"67",
"58",
"67",
"78",
"70",
"84",
"77",
"69",
"59",
"73",
"87",
"69",
"64",
"89",
"62",
"82",
"53",
"87",
"76",
"79",
"68",
"70",
"58",
"77",
"56",
"69",
"84",
"84",
"59",
"68",
"53",
"56",
"65",
"85",
"72",
"73",
"62",
"62",
"58",
"79",
"85",
"71",
"71",
"69",
"58",
"70",
"76",
"82",
"50",
"58",
"71",
"73",
"70",
"66",
"60",
"65",
"68",
"79",
"75",
"80",
"73",
"81",
"68",
"82",
"77",
"67",
"68",
"69",
"61",
"63",
"65",
"66",
"63",
"56",
"67",
"72",
"73",
"71",
"61",
"64",
"66",
"79",
"75",
"61",
"63",
"63",
"64",
"55",
"59",
"55",
"71",
"70",
"77",
"64",
"73",
"60",
"62",
"64",
"75",
"54",
"56",
"62",
"73",
"67",
"55",
"67",
"60",
"75",
"61",
"63",
"60",
"75",
"59",
"65",
"62",
"62",
"80",
"58",
"67",
"72",
"69",
"71",
"59",
"58",
"63",
"65",
"81",
"67",
"64",
"69",
"70",
"80",
"69",
"58",
"66",
"73",
"64",
"83",
"62",
"70",
"59",
"73",
"83",
"85",
"85",
"70",
"81",
"64",
"64",
"61",
"64",
"70",
"70",
"52",
"71",
"78",
"79",
"59",
"86",
"72",
"64",
"75",
"78",
"61",
"56",
"75",
"79",
"65",
"66",
"68",
"51",
"71",
"66",
"65",
"66",
"68",
"79",
"85",
"61",
"62",
"69",
"65",
"53",
"67",
"62",
"69",
"60",
"66",
"65",
"67",
"63",
"56",
"60",
"69",
"53",
"66",
"68",
"69",
"66",
"72",
"68",
"65",
"64",
"75",
"51",
"58",
"52",
"68",
"75",
"69",
"70",
"55",
"64",
"70",
"72",
"70",
"72",
"65",
"60",
"76",
"50",
"52",
"36",
"64",
"58",
"62",
"47",
"62",
"64",
"70",
"75",
"56",
"47",
"54",
"67",
"76",
"50",
"63",
"65",
"61",
"53",
"77",
"73",
"70",
"37",
"72",
"77",
"54",
"81",
"65",
"71",
"59",
"47",
"67",
"59",
"46",
"60",
"56",
"59",
"72",
"62",
"64",
"63",
"55",
"49",
"53",
"76",
"72",
"64",
"75",
"51",
"60",
"62",
"62",
"45",
"52",
"47",
"67",
"45",
"49",
"51",
"60",
"56",
"68",
"50",
"49",
"64",
"58",
"61",
"59",
"62",
"52",
"61",
"52",
"46",
"49",
"58",
"49",
"60",
"63",
"54",
"60",
"58",
"72",
"55",
"59",
"59",
"56",
"56",
"76",
"65",
"56",
"48",
"45",
"70",
"49",
"56",
"55",
"50",
"56",
"70",
"56",
"59",
"47",
"60",
"66",
"53",
"54",
"66",
"63",
"64",
"71",
"52",
"64",
"54",
"79",
"50",
"53",
"64",
"65",
"42",
"52",
"70",
"55",
"62",
"65",
"64",
"59",
"73",
"51",
"58",
"55",
"50",
"61",
"64",
"68",
"54",
"53",
"56",
"61",
"50",
"66",
"67",
"72",
"51",
"61",
"46",
"56",
"44",
"51",
"69",
"68",
"51",
"58",
"60",
"53",
"47",
"49",
"62",
"56",
"48",
"48",
"55",
"65",
"54",
"58",
"59",
"47",
"53",
"55",
"49",
"52",
"51",
"58",
"55",
"47",
"43",
"64",
"59",
"48",
"72",
"49",
"39",
"60",
"49",
"50",
"48",
"54",
"49",
"68",
"61",
"59",
"51",
"64",
"45",
"40",
"53",
"67",
"61",
"58",
"60",
"54",
"48",
"48",
"48",
"51",
"69",
"47",
"53",
"60",
"59",
"60",
"51",
"60",
"63",
"51",
"40",
"58",
"46",
"54",
"49",
"47",
"56",
"56",
"46",
"42",
"52",
"55",
"55",
"52",
"60",
"61",
"52",
"59",
"54",
"53",
"40",
"51",
"56",
"38",
"50",
"56",
"39",
"55",
"50",
"55",
"62",
"65",
"63",
"56",
"53",
"63",
"44",
"69",
"54",
"63",
"58",
"85",
"72",
"75",
"81",
"82",
"80",
"86",
"88",
"88",
"105",
"115",
"108",
"122",
"115",
"126",
"110",
"124",
"146",
"124",
"134",
"138",
"134",
"134",
"134",
"128",
"133",
"119",
"129",
"116",
"99",
"95",
"97",
"97",
"98",
"84",
"72",
"73",
"92",
"69",
"82",
"51",
"56",
"58",
"54",
"52",
"46",
"60",
"43",
"50",
"63",
"46",
"40",
"62",
"47",
"50",
"46",
"52",
"45",
"51",
"60",
"43",
"45",
"35",
"64",
"50",
"52",
"35",
"45",
"43",
"54",
"59",
"43",
"59",
"51",
"71",
"53",
"42",
"54",
"60",
"50",
"43",
"64",
"43",
"56",
"66",
"52",
"58",
"61",
"58",
"53",
"79",
"54",
"78",
"64",
"62",
"64",
"52",
"70",
"87",
"60",
"70",
"61",
"71",
"76",
"75",
"80",
"62",
"75",
"62",
"67",
"77",
"75",
"65",
"54",
"45",
"67",
"56",
"58",
"60",
"47",
"68",
"64",
"52",
"52",
"48",
"49",
"63",
"54",
"33",
"45",
"53",
"45",
"58",
"50",
"60",
"59",
"44",
"52",
"55",
"66",
"42",
"51",
"50",
"45",
"47",
"48",
"44",
"54",
"45",
"51",
"47",
"54",
"38",
"47",
"60",
"47",
"54",
"54",
"48",
"51",
"42",
"55",
"46",
"53",
"53",
"43",
"51",
"52",
"49",
"42",
"68",
"54",
"56",
"61",
"40",
"45",
"54",
"39",
"47",
"47",
"36",
"42",
"58",
"48",
"44",
"49",
"54",
"44",
"56",
"50",
"55",
"60",
"44",
"40",
"43",
"50",
"52",
"51",
"52",
"60",
"42",
"48",
"54",
"62",
"45",
"63",
"48",
"55",
"45",
"47",
"50",
"54",
"53",
"53",
"43",
"46",
"39",
"48",
"56",
"68",
"49",
"46",
"51",
"54",
"47",
"59",
"66",
"55",
"50",
"69",
"58",
"56",
"48",
"49",
"48",
"54",
"62",
"56",
"70",
"48",
"58",
"56",
"60",
"69",
"54",
"55",
"40",
"56",
"51",
"43",
"63",
"61",
"58",
"76",
"61",
"58",
"69",
"79",
"67",
"68",
"72",
"56",
"52",
"69",
"76",
"80",
"70",
"72",
"72",
"68",
"80",
"89",
"80",
"72",
"65",
"92",
"80",
"89",
"81",
"100",
"118",
"102",
"77",
"94",
"98",
"127",
"98",
"115",
"118",
"112",
"126",
"129",
"125",
"150",
"136",
"137",
"152",
"161",
"178",
"163",
"195",
"203",
"191",
"196",
"203",
"201",
"212",
"237",
"257",
"221",
"229",
"256",
"257",
"273",
"264",
"249",
"281",
"289",
"296",
"297",
"278",
"311",
"296",
"315",
"267",
"298",
"358",
"323",
"303",
"375",
"379",
"319",
"300",
"357",
"327",
"319",
"297",
"314",
"343",
"306",
"261",
"321",
"293",
"266",
"277",
"285",
"257",
"255",
"245",
"247",
"252",
"213",
"220",
"215",
"194",
"204",
"187",
"208",
"180",
"162",
"168",
"169",
"171",
"159",
"157",
"159",
"146",
"153",
"122",
"115",
"121",
"99",
"118",
"105",
"111",
"110",
"81",
"103",
"91",
"94",
"96",
"73",
"80",
"75",
"80",
"76",
"81",
"79",
"82",
"85",
"76",
"66",
"46",
"85",
"88",
"65",
"68",
"102",
"76",
"83",
"92",
"110",
"102",
"102",
"116",
"112",
"132",
"114",
"145",
"154",
"142",
"141",
"159",
"153",
"160",
"148",
"184",
"151",
"174",
"147",
"165",
"179",
"160",
"174",
"158",
"162",
"162",
"148",
"139",
"141",
"141",
"147",
"121",
"134",
"99",
"100",
"96",
"101",
"94",
"91",
"68",
"66",
"71",
"69",
"65",
"70",
"77",
"56",
"49",
"33",
"60",
"54",
"52",
"48",
"42",
"44",
"46",
"56",
"38",
"44",
"22948",
"Channel_info_start",
"Channel : Mg",
"Points : 0",
"Range : 0.000000 - 0.000000",
"Step : 0.010000",
"Channel_info_end",
"Channel_info_start",
"Channel : Al",
"Points : 0",
"Range : 0.000000 - 0.000000",
"Step : 0.010000",
"Channel_info_end",
"Channel_info_start",
"Channel : Si",
"Points : 0",
"Range : 0.000000 - 0.000000",
"Step : 0.010000",
"Channel_info_end",
"Channel_info_start",
"Channel : P ",
"Points : 0",
"Range : 0.000000 - 0.000000",
"Step : 0.010000",
"Channel_info_end",
"Channel_info_start",
"Channel : S ",
"Points : 0",
"Range : 0.000000 - 0.000000",
"Step : 0.010000",
"Channel_info_end",
"Channel_info_start",
"Channel : Cl",
"Points : 0",
"Range : 0.000000 - 0.000000",
"Step : 0.010000",
"Channel_info_end",
"Channel_info_start",
"Channel : K ",
"Points : 0",
"Range : 0.000000 - 0.000000",
"Step : 0.010000",
"Channel_info_end",
"Channel_info_start",
"Channel : Ca",
"Points : 0",
"Range : 0.000000 - 0.000000",
"Step : 0.010000",
"Channel_info_end",
"Channel_info_start",
"Channel : Ti",
"Points : 0",
"Range : 0.000000 - 0.000000",
"Step : 0.010000",
"Channel_info_end",
"Channel_info_start",
"Channel : V ",
"Points : 0",
"Range : 0.000000 - 0.000000",
"Step : 0.010000",
"Channel_info_end",
"Channel_info_start",
"Channel : Cr",
"Points : 0",
"Range : 0.000000 - 0.000000",
"Step : 0.010000",
"Channel_info_end",
"Channel_info_start",
"Channel : Mn",
"Points : 0",
"Range : 0.000000 - 0.000000",
"Step : 0.010000",
"Channel_info_end",
"Channel_info_start",
"Channel : Fe",
"Points : 0",
"Range : 0.000000 - 0.000000",
"Step : 0.010000",
"Channel_info_end",
"Channel_info_start",
"Channel : Cu",
"Points : 0",
"Range : 0.000000 - 0.000000",
"Step : 0.010000",
"Channel_info_end",
"Channel_info_start",
"Channel : Zn",
"Points : 0",
"Range : 0.000000 - 0.000000",
"Step : 0.010000",
"Channel_info_end",
"Channel_info_start",
"Channel : Sr",
"Points : 0",
"Range : 0.000000 - 0.000000",
"Step : 0.010000",
"Channel_info_end",
"Channel_info_start",
"Channel : Pb",
"Points : 0",
"Range : 0.000000 - 0.000000",
"Step : 0.010000",
"Channel_info_end",
"",
"Qualitative Result",
"--------------------------------------------------------------------------------",
"Element :  Cu, P , Ca, Rh",
"",
"Peak List",
"--------------------------------------------------------------------------------",
"Channel               Line        keV     Net Int.(cps/uA)",
"--------------------------------------------------------------------------------",
"Na                    CuLa         0.94     0.088",
"                      P Ka         1.98     0.022",
"                      CaKa         3.67     0.288",
"                      CaKb         4.02     0.043",
"                      CuKaESC      6.26     0.043",
"                      CuKa         8.02    18.247",
"                      CuKb         8.88     2.476",
"                      CuKaSUM     16.11     0.046",
"                      RhKaC       19.17     0.156",
"                      RhKa        20.09     0.067",
"--------------------------------------------------------------------------------",
"",
"Quantitative Result",
"--------------------------------------------------------------------------------",
"Analyte               Result             Std.Dev. Proc.-Calc. Line Intensity(cps/uA)",
"--------------------------------------------------------------------------------",
"====[No. 1 Layer]====< Layer1               >===============================",
"Layer1                   0.000 ug/cm2    -------- Flux       -------- --------",
