"Sample    : erf3_34708_16p",
"Operator  : ",
"Comment  : cubatao-g-policarbonato",
"Group     : kerr2007ab13liv300al",
"Date       : 2013-03-06 21:23:09",
"",
"Mesurement Condition",
"------------------------------------------------------------------------------------",
"Instrument : 700HS2   Atmosphere : Vac.   Collimator : 10(mm)   Spin : No",
"------------------------------------------------------------------------------------",
"Analyte               TG kV   uA      FI Acq.(keV)  Anal.(keV)  Time(sec)     DT(%)",
"------------------------------------------------------------------------------------",
"Na                    Rh 50  334-Auto Al  0 - 20    0.8 - 1.2   Live -  180   20",
"",
"<Profile>",
"Channel_info_start",
"Channel : Na",
"Points : 2048",
"Range : 0.000000 - 20.480000",
"Step : 0.010000",
"Channel_info_end",
"0",
"0",
"0",
"0",
"0",
"0",
"0",
"0",
"0",
"0",
"0",
"0",
"0",
"0",
"0",
"0",
"0",
"0",
"0",
"0",
"0",
"0",
"0",
"0",
"0",
"0",
"0",
"0",
"0",
"2",
"16",
"30",
"29",
"24",
"23",
"26",
"25",
"26",
"16",
"27",
"24",
"26",
"24",
"29",
"30",
"22",
"29",
"26",
"21",
"24",
"25",
"30",
"19",
"34",
"16",
"11",
"19",
"23",
"18",
"35",
"31",
"27",
"26",
"24",
"17",
"34",
"22",
"23",
"27",
"23",
"21",
"22",
"30",
"21",
"15",
"22",
"23",
"20",
"20",
"23",
"18",
"24",
"20",
"24",
"20",
"26",
"31",
"30",
"18",
"30",
"27",
"27",
"38",
"26",
"20",
"33",
"35",
"34",
"34",
"49",
"51",
"68",
"73",
"107",
"127",
"148",
"168",
"201",
"184",
"192",
"189",
"185",
"165",
"152",
"120",
"109",
"98",
"81",
"66",
"68",
"71",
"62",
"57",
"46",
"69",
"70",
"67",
"88",
"91",
"114",
"159",
"192",
"302",
"406",
"549",
"791",
"963",
"1198",
"1467",
"1747",
"1876",
"2146",
"2111",
"2248",
"2104",
"2055",
"1793",
"1567",
"1341",
"1171",
"877",
"761",
"521",
"417",
"306",
"255",
"202",
"187",
"178",
"179",
"188",
"211",
"191",
"247",
"212",
"211",
"171",
"172",
"171",
"170",
"95",
"126",
"76",
"105",
"82",
"74",
"79",
"97",
"106",
"102",
"135",
"128",
"118",
"115",
"116",
"116",
"100",
"117",
"109",
"95",
"88",
"82",
"73",
"108",
"97",
"106",
"101",
"138",
"95",
"128",
"118",
"127",
"117",
"97",
"87",
"81",
"69",
"62",
"45",
"27",
"36",
"32",
"36",
"34",
"22",
"31",
"15",
"22",
"34",
"37",
"19",
"30",
"21",
"23",
"20",
"25",
"19",
"31",
"27",
"22",
"23",
"23",
"29",
"17",
"29",
"17",
"27",
"23",
"15",
"20",
"21",
"24",
"16",
"24",
"13",
"27",
"18",
"21",
"23",
"23",
"16",
"22",
"29",
"24",
"27",
"32",
"30",
"25",
"26",
"36",
"36",
"45",
"24",
"35",
"32",
"42",
"35",
"33",
"31",
"43",
"44",
"38",
"32",
"27",
"27",
"32",
"19",
"27",
"31",
"25",
"32",
"45",
"26",
"41",
"27",
"23",
"29",
"33",
"23",
"29",
"30",
"33",
"21",
"26",
"22",
"29",
"27",
"21",
"20",
"21",
"18",
"16",
"17",
"26",
"20",
"26",
"26",
"25",
"21",
"22",
"27",
"21",
"30",
"25",
"30",
"23",
"26",
"20",
"18",
"29",
"23",
"27",
"29",
"25",
"27",
"23",
"26",
"33",
"32",
"32",
"30",
"37",
"37",
"26",
"17",
"25",
"20",
"27",
"31",
"33",
"24",
"25",
"22",
"35",
"27",
"30",
"32",
"39",
"51",
"37",
"38",
"49",
"62",
"66",
"96",
"102",
"153",
"197",
"261",
"353",
"479",
"545",
"676",
"856",
"1000",
"1070",
"1110",
"1268",
"1192",
"1307",
"1122",
"1054",
"1028",
"872",
"660",
"567",
"437",
"362",
"272",
"190",
"156",
"126",
"119",
"77",
"68",
"63",
"81",
"71",
"68",
"97",
"90",
"91",
"112",
"111",
"128",
"135",
"149",
"176",
"187",
"210",
"190",
"194",
"180",
"171",
"175",
"167",
"102",
"111",
"94",
"92",
"83",
"74",
"61",
"45",
"41",
"49",
"50",
"51",
"44",
"42",
"41",
"51",
"43",
"41",
"40",
"52",
"55",
"50",
"46",
"57",
"48",
"64",
"54",
"69",
"53",
"56",
"49",
"62",
"68",
"71",
"74",
"70",
"72",
"61",
"71",
"68",
"87",
"83",
"83",
"83",
"88",
"89",
"86",
"76",
"96",
"77",
"77",
"87",
"91",
"76",
"85",
"86",
"66",
"93",
"77",
"96",
"89",
"69",
"90",
"75",
"80",
"77",
"70",
"70",
"73",
"69",
"72",
"70",
"73",
"61",
"78",
"68",
"68",
"64",
"85",
"72",
"69",
"85",
"70",
"66",
"66",
"60",
"69",
"78",
"63",
"73",
"71",
"57",
"70",
"70",
"70",
"67",
"66",
"83",
"78",
"77",
"92",
"78",
"92",
"80",
"79",
"107",
"105",
"123",
"133",
"142",
"123",
"144",
"133",
"146",
"125",
"125",
"96",
"123",
"118",
"101",
"98",
"108",
"83",
"87",
"88",
"80",
"86",
"91",
"79",
"90",
"90",
"98",
"68",
"89",
"81",
"98",
"76",
"77",
"93",
"110",
"92",
"80",
"86",
"94",
"81",
"74",
"92",
"93",
"98",
"79",
"96",
"78",
"85",
"81",
"86",
"97",
"73",
"101",
"97",
"90",
"85",
"113",
"81",
"102",
"90",
"97",
"86",
"102",
"104",
"105",
"102",
"104",
"94",
"109",
"94",
"115",
"106",
"101",
"118",
"123",
"111",
"113",
"124",
"127",
"145",
"145",
"133",
"151",
"170",
"168",
"187",
"191",
"213",
"263",
"320",
"351",
"398",
"452",
"512",
"590",
"636",
"726",
"816",
"890",
"896",
"925",
"928",
"1023",
"928",
"912",
"874",
"786",
"712",
"676",
"593",
"563",
"468",
"396",
"344",
"324",
"279",
"248",
"195",
"219",
"184",
"231",
"223",
"206",
"191",
"168",
"183",
"184",
"187",
"189",
"198",
"194",
"189",
"192",
"191",
"171",
"187",
"184",
"182",
"216",
"170",
"191",
"169",
"200",
"188",
"186",
"201",
"198",
"201",
"210",
"212",
"183",
"206",
"234",
"204",
"245",
"235",
"250",
"292",
"299",
"357",
"429",
"509",
"640",
"803",
"1091",
"1331",
"1750",
"2307",
"3008",
"3787",
"4943",
"5817",
"7067",
"8592",
"10287",
"11572",
"13297",
"14538",
"16154",
"16697",
"17750",
"18545",
"18371",
"17912",
"17552",
"16591",
"15449",
"13943",
"12602",
"11238",
"9704",
"7939",
"6734",
"5683",
"4555",
"3414",
"2759",
"2176",
"1720",
"1241",
"1087",
"790",
"604",
"482",
"442",
"361",
"309",
"279",
"255",
"231",
"235",
"227",
"227",
"230",
"225",
"185",
"211",
"184",
"235",
"198",
"242",
"201",
"218",
"206",
"234",
"221",
"260",
"235",
"228",
"241",
"244",
"250",
"268",
"230",
"240",
"195",
"228",
"216",
"236",
"264",
"254",
"281",
"313",
"293",
"323",
"379",
"429",
"495",
"638",
"810",
"994",
"1215",
"1432",
"1902",
"2299",
"2641",
"3337",
"4142",
"4897",
"5294",
"6164",
"6990",
"8143",
"8567",
"9396",
"9749",
"10445",
"10491",
"10679",
"10736",
"10583",
"9995",
"9715",
"9062",
"8705",
"7694",
"7150",
"6549",
"6084",
"5245",
"4833",
"4312",
"3779",
"3232",
"2886",
"2665",
"2343",
"2072",
"1867",
"1748",
"1589",
"1533",
"1537",
"1574",
"1660",
"1683",
"1831",
"2011",
"2202",
"2331",
"2485",
"2687",
"2831",
"3012",
"3183",
"3179",
"3255",
"2985",
"3004",
"2927",
"2742",
"2474",
"2269",
"2072",
"1868",
"1525",
"1347",
"1280",
"1092",
"951",
"851",
"728",
"567",
"530",
"439",
"421",
"373",
"375",
"323",
"261",
"279",
"230",
"272",
"206",
"213",
"183",
"218",
"209",
"184",
"195",
"206",
"220",
"224",
"184",
"190",
"242",
"225",
"227",
"224",
"240",
"232",
"244",
"229",
"239",
"257",
"254",
"254",
"241",
"240",
"229",
"242",
"239",
"234",
"223",
"234",
"272",
"254",
"235",
"250",
"230",
"230",
"237",
"231",
"250",
"305",
"292",
"335",
"324",
"378",
"389",
"458",
"564",
"563",
"695",
"742",
"946",
"1008",
"1067",
"1204",
"1355",
"1488",
"1539",
"1684",
"1718",
"1686",
"1697",
"1745",
"1735",
"1647",
"1565",
"1544",
"1368",
"1281",
"1079",
"1048",
"888",
"779",
"767",
"590",
"574",
"496",
"478",
"458",
"500",
"384",
"425",
"453",
"491",
"500",
"539",
"591",
"578",
"635",
"661",
"726",
"713",
"762",
"778",
"788",
"768",
"782",
"700",
"757",
"697",
"639",
"607",
"525",
"567",
"485",
"408",
"358",
"368",
"341",
"297",
"262",
"274",
"266",
"241",
"219",
"207",
"229",
"213",
"220",
"232",
"258",
"246",
"231",
"257",
"256",
"247",
"247",
"242",
"210",
"230",
"226",
"218",
"188",
"216",
"195",
"186",
"135",
"146",
"174",
"147",
"154",
"161",
"160",
"147",
"139",
"136",
"141",
"132",
"115",
"131",
"118",
"144",
"147",
"137",
"118",
"145",
"120",
"133",
"128",
"148",
"118",
"106",
"132",
"143",
"131",
"144",
"138",
"155",
"145",
"133",
"124",
"144",
"111",
"143",
"113",
"154",
"136",
"130",
"134",
"135",
"147",
"129",
"126",
"124",
"117",
"129",
"132",
"129",
"142",
"142",
"150",
"115",
"126",
"150",
"143",
"150",
"143",
"127",
"141",
"127",
"139",
"119",
"132",
"114",
"128",
"150",
"138",
"151",
"125",
"133",
"145",
"123",
"143",
"143",
"142",
"120",
"139",
"113",
"116",
"135",
"139",
"131",
"124",
"128",
"116",
"132",
"147",
"124",
"113",
"136",
"156",
"150",
"164",
"131",
"130",
"136",
"149",
"153",
"116",
"141",
"124",
"133",
"116",
"127",
"138",
"126",
"134",
"147",
"141",
"131",
"144",
"135",
"139",
"127",
"150",
"132",
"135",
"142",
"134",
"126",
"122",
"136",
"131",
"157",
"136",
"120",
"145",
"152",
"131",
"142",
"144",
"127",
"150",
"125",
"130",
"134",
"127",
"137",
"142",
"139",
"127",
"132",
"126",
"117",
"132",
"129",
"141",
"161",
"134",
"118",
"133",
"130",
"120",
"117",
"131",
"152",
"144",
"144",
"117",
"122",
"126",
"138",
"139",
"143",
"128",
"139",
"154",
"143",
"149",
"95",
"141",
"128",
"126",
"166",
"126",
"132",
"125",
"116",
"115",
"139",
"148",
"146",
"125",
"125",
"129",
"124",
"116",
"108",
"129",
"122",
"129",
"112",
"115",
"124",
"108",
"136",
"146",
"120",
"109",
"118",
"119",
"116",
"113",
"145",
"122",
"93",
"134",
"107",
"124",
"109",
"124",
"119",
"127",
"108",
"110",
"119",
"111",
"107",
"120",
"130",
"136",
"123",
"116",
"137",
"125",
"102",
"111",
"138",
"105",
"119",
"115",
"127",
"112",
"123",
"145",
"123",
"104",
"110",
"122",
"135",
"124",
"113",
"116",
"110",
"129",
"116",
"125",
"108",
"127",
"130",
"93",
"99",
"113",
"118",
"130",
"127",
"116",
"131",
"114",
"126",
"124",
"120",
"148",
"109",
"131",
"132",
"133",
"108",
"115",
"106",
"85",
"117",
"134",
"123",
"116",
"133",
"110",
"126",
"123",
"130",
"122",
"123",
"128",
"111",
"117",
"125",
"113",
"111",
"132",
"123",
"118",
"134",
"107",
"112",
"116",
"131",
"126",
"116",
"122",
"105",
"113",
"114",
"111",
"119",
"132",
"131",
"122",
"119",
"112",
"113",
"89",
"132",
"120",
"86",
"114",
"110",
"123",
"127",
"128",
"129",
"117",
"124",
"110",
"122",
"113",
"112",
"106",
"111",
"115",
"105",
"130",
"139",
"113",
"106",
"129",
"110",
"120",
"111",
"130",
"83",
"124",
"130",
"95",
"80",
"128",
"109",
"125",
"98",
"111",
"102",
"89",
"102",
"118",
"115",
"124",
"130",
"110",
"127",
"112",
"115",
"104",
"113",
"119",
"108",
"102",
"108",
"100",
"110",
"118",
"111",
"122",
"120",
"110",
"108",
"116",
"107",
"120",
"92",
"126",
"115",
"107",
"102",
"88",
"107",
"105",
"104",
"113",
"126",
"113",
"110",
"114",
"128",
"100",
"132",
"93",
"134",
"115",
"122",
"116",
"128",
"137",
"115",
"123",
"115",
"115",
"133",
"114",
"131",
"95",
"116",
"119",
"117",
"120",
"120",
"115",
"141",
"115",
"106",
"123",
"107",
"117",
"119",
"99",
"110",
"118",
"87",
"101",
"88",
"114",
"100",
"95",
"106",
"98",
"90",
"107",
"90",
"88",
"98",
"118",
"115",
"94",
"97",
"110",
"92",
"111",
"102",
"90",
"116",
"118",
"97",
"79",
"98",
"109",
"101",
"87",
"113",
"108",
"91",
"93",
"110",
"126",
"106",
"109",
"101",
"97",
"102",
"112",
"100",
"105",
"109",
"101",
"111",
"114",
"110",
"114",
"115",
"102",
"104",
"117",
"109",
"131",
"109",
"95",
"117",
"109",
"97",
"127",
"114",
"128",
"113",
"119",
"114",
"138",
"102",
"113",
"110",
"119",
"110",
"122",
"104",
"115",
"110",
"128",
"124",
"106",
"114",
"113",
"124",
"99",
"98",
"88",
"113",
"92",
"114",
"109",
"125",
"112",
"102",
"91",
"116",
"100",
"100",
"119",
"113",
"108",
"113",
"105",
"114",
"89",
"90",
"102",
"96",
"93",
"92",
"89",
"95",
"99",
"92",
"78",
"118",
"85",
"105",
"96",
"110",
"108",
"104",
"73",
"85",
"85",
"97",
"86",
"108",
"74",
"96",
"109",
"87",
"105",
"92",
"95",
"94",
"107",
"91",
"113",
"101",
"97",
"104",
"88",
"100",
"97",
"110",
"87",
"108",
"89",
"102",
"102",
"86",
"96",
"96",
"95",
"100",
"93",
"96",
"110",
"87",
"107",
"90",
"95",
"72",
"99",
"100",
"91",
"110",
"93",
"96",
"104",
"96",
"77",
"98",
"99",
"89",
"97",
"94",
"108",
"88",
"88",
"94",
"95",
"102",
"99",
"95",
"100",
"98",
"98",
"77",
"79",
"93",
"104",
"96",
"87",
"98",
"110",
"87",
"106",
"81",
"92",
"87",
"79",
"102",
"98",
"93",
"113",
"113",
"88",
"91",
"77",
"80",
"81",
"88",
"97",
"78",
"77",
"81",
"71",
"83",
"96",
"81",
"97",
"83",
"101",
"92",
"82",
"104",
"83",
"92",
"64",
"97",
"87",
"74",
"90",
"98",
"90",
"82",
"70",
"98",
"94",
"76",
"96",
"71",
"72",
"98",
"66",
"97",
"90",
"93",
"76",
"91",
"87",
"79",
"82",
"83",
"74",
"74",
"81",
"76",
"82",
"89",
"70",
"68",
"76",
"77",
"74",
"98",
"74",
"86",
"80",
"88",
"78",
"83",
"68",
"85",
"73",
"70",
"98",
"82",
"90",
"91",
"72",
"85",
"78",
"82",
"87",
"93",
"99",
"81",
"79",
"91",
"99",
"98",
"74",
"73",
"87",
"71",
"71",
"76",
"100",
"86",
"88",
"78",
"68",
"82",
"82",
"79",
"79",
"83",
"69",
"75",
"81",
"69",
"91",
"68",
"93",
"83",
"74",
"74",
"74",
"92",
"86",
"88",
"78",
"66",
"95",
"76",
"78",
"73",
"71",
"76",
"67",
"86",
"81",
"77",
"87",
"66",
"83",
"80",
"63",
"89",
"82",
"83",
"85",
"80",
"83",
"87",
"83",
"70",
"79",
"87",
"72",
"71",
"73",
"82",
"86",
"89",
"86",
"94",
"86",
"66",
"79",
"105",
"90",
"94",
"68",
"93",
"82",
"76",
"77",
"88",
"78",
"72",
"82",
"83",
"90",
"83",
"73",
"89",
"83",
"70",
"73",
"85",
"80",
"90",
"77",
"90",
"68",
"81",
"92",
"104",
"75",
"93",
"83",
"104",
"95",
"89",
"93",
"81",
"83",
"85",
"83",
"81",
"98",
"82",
"95",
"86",
"104",
"85",
"77",
"77",
"100",
"89",
"94",
"101",
"107",
"92",
"91",
"101",
"94",
"98",
"91",
"122",
"95",
"74",
"96",
"89",
"93",
"93",
"112",
"114",
"102",
"91",
"110",
"92",
"119",
"102",
"108",
"123",
"109",
"111",
"111",
"119",
"111",
"114",
"119",
"118",
"131",
"126",
"116",
"141",
"136",
"120",
"131",
"128",
"132",
"135",
"159",
"127",
"143",
"156",
"166",
"178",
"182",
"155",
"171",
"168",
"172",
"185",
"181",
"228",
"234",
"218",
"249",
"248",
"218",
"279",
"249",
"264",
"317",
"255",
"305",
"337",
"294",
"330",
"327",
"357",
"399",
"372",
"359",
"404",
"404",
"377",
"423",
"434",
"450",
"400",
"462",
"499",
"462",
"456",
"477",
"489",
"529",
"451",
"500",
"510",
"540",
"506",
"500",
"560",
"503",
"508",
"511",
"526",
"489",
"477",
"450",
"462",
"458",
"471",
"428",
"429",
"398",
"421",
"370",
"408",
"379",
"329",
"352",
"325",
"336",
"311",
"314",
"284",
"313",
"273",
"256",
"261",
"265",
"243",
"255",
"240",
"243",
"213",
"184",
"208",
"208",
"182",
"172",
"187",
"172",
"159",
"146",
"136",
"165",
"139",
"141",
"143",
"146",
"109",
"122",
"144",
"137",
"112",
"129",
"120",
"120",
"88",
"129",
"136",
"152",
"139",
"131",
"182",
"148",
"163",
"193",
"189",
"217",
"208",
"207",
"231",
"238",
"249",
"273",
"279",
"274",
"314",
"303",
"314",
"342",
"320",
"306",
"383",
"337",
"335",
"328",
"349",
"372",
"354",
"331",
"339",
"299",
"304",
"315",
"335",
"303",
"290",
"253",
"253",
"230",
"228",
"203",
"212",
"188",
"163",
"139",
"151",
"143",
"124",
"113",
"111",
"86",
"95",
"90",
"94",
"82",
"69",
"87",
"83",
"63",
"66",
"79",
"63",
"69",
"74",
"37444",
"Channel_info_start",
"Channel : Mg",
"Points : 0",
"Range : 0.000000 - 0.000000",
"Step : 0.010000",
"Channel_info_end",
"Channel_info_start",
"Channel : Al",
"Points : 0",
"Range : 0.000000 - 0.000000",
"Step : 0.010000",
"Channel_info_end",
"Channel_info_start",
"Channel : Si",
"Points : 0",
"Range : 0.000000 - 0.000000",
"Step : 0.010000",
"Channel_info_end",
"Channel_info_start",
"Channel : P ",
"Points : 0",
"Range : 0.000000 - 0.000000",
"Step : 0.010000",
"Channel_info_end",
"Channel_info_start",
"Channel : S ",
"Points : 0",
"Range : 0.000000 - 0.000000",
"Step : 0.010000",
"Channel_info_end",
"Channel_info_start",
"Channel : Cl",
"Points : 0",
"Range : 0.000000 - 0.000000",
"Step : 0.010000",
"Channel_info_end",
"Channel_info_start",
"Channel : K ",
"Points : 0",
"Range : 0.000000 - 0.000000",
"Step : 0.010000",
"Channel_info_end",
"Channel_info_start",
"Channel : Ca",
"Points : 0",
"Range : 0.000000 - 0.000000",
"Step : 0.010000",
"Channel_info_end",
"Channel_info_start",
"Channel : Ti",
"Points : 0",
"Range : 0.000000 - 0.000000",
"Step : 0.010000",
"Channel_info_end",
"Channel_info_start",
"Channel : V ",
"Points : 0",
"Range : 0.000000 - 0.000000",
"Step : 0.010000",
"Channel_info_end",
"Channel_info_start",
"Channel : Cr",
"Points : 0",
"Range : 0.000000 - 0.000000",
"Step : 0.010000",
"Channel_info_end",
"Channel_info_start",
"Channel : Mn",
"Points : 0",
"Range : 0.000000 - 0.000000",
"Step : 0.010000",
"Channel_info_end",
"Channel_info_start",
"Channel : Fe",
"Points : 0",
"Range : 0.000000 - 0.000000",
"Step : 0.010000",
"Channel_info_end",
"Channel_info_start",
"Channel : Cu",
"Points : 0",
"Range : 0.000000 - 0.000000",
"Step : 0.010000",
"Channel_info_end",
"Channel_info_start",
"Channel : Zn",
"Points : 0",
"Range : 0.000000 - 0.000000",
"Step : 0.010000",
"Channel_info_end",
"Channel_info_start",
"Channel : Sr",
"Points : 0",
"Range : 0.000000 - 0.000000",
"Step : 0.010000",
"Channel_info_end",
"Channel_info_start",
"Channel : Pb",
"Points : 0",
"Range : 0.000000 - 0.000000",
"Step : 0.010000",
"Channel_info_end",
"",
"Qualitative Result",
"--------------------------------------------------------------------------------",
"Element :  Na, Er, P , Ca, Gd, Rh",
"",
"Peak List",
"--------------------------------------------------------------------------------",
"Channel               Line        keV     Net Int.(cps/uA)",
"--------------------------------------------------------------------------------",
"Na                    NaKa         1.08     0.027",
"                      ErMa         1.42     0.395",
"                      ----         1.64     0.034",
"                      ----         1.81     0.016",
"                      P Ka         2.00     0.018",
"                      CaKa         3.68     0.283",
"                      CaKb         3.99     0.037",
"                      ErLL         6.13     0.149",
"                      GdLa         6.13     0.070",
"                      ErLa         6.92     4.972",
"                      ErLb1        7.79     2.905",
"                      ErLb2        8.16     0.819",
"                      ErLg1        9.07     0.444",
"                      ErLg2        9.40     0.168",
"                      RhKaC       19.20     0.137",
"                      ----        19.53     0.034",
"                      RhKa        20.08     0.097",
"--------------------------------------------------------------------------------",
"",
"Quantitative Result",
"--------------------------------------------------------------------------------",
"Analyte               Result             Std.Dev. Proc.-Calc. Line Intensity(cps/uA)",
"--------------------------------------------------------------------------------",
"====[No. 1 Layer]====< Layer1               >===============================",
"Layer1                  26.838 ug/cm2    -------- Flux       -------- --------",
"Na                     100.000 %            3.085 Quan-FP    NaKa        0.027",
