"Sample    : fe_31500p16lamfi",
"Operator  : ",
"Comment  : micromatter_fe 45.8 ug/cm2",
"Group     : kerr2007ab13liv300al",
"Date       : 2013-03-07 12:31:46",
"",
"Mesurement Condition",
"------------------------------------------------------------------------------------",
"Instrument : 700HS2   Atmosphere : Vac.   Collimator : 10(mm)   Spin : No",
"------------------------------------------------------------------------------------",
"Analyte               TG kV   uA      FI Acq.(keV)  Anal.(keV)  Time(sec)     DT(%)",
"------------------------------------------------------------------------------------",
"Na                    Rh 50  237-Auto Al  0 - 20    0.8 - 1.2   Live -  179   20",
"",
"<Profile>",
"Channel_info_start",
"Channel : Na",
"Points : 2048",
"Range : 0.000000 - 20.480000",
"Step : 0.010000",
"Channel_info_end",
"0",
"0",
"0",
"0",
"0",
"0",
"0",
"0",
"0",
"0",
"0",
"0",
"0",
"0",
"0",
"0",
"0",
"0",
"0",
"0",
"0",
"0",
"0",
"0",
"0",
"0",
"0",
"1",
"0",
"1",
"9",
"17",
"11",
"19",
"16",
"9",
"15",
"16",
"14",
"22",
"12",
"16",
"14",
"16",
"7",
"14",
"14",
"14",
"12",
"15",
"14",
"11",
"16",
"4",
"13",
"11",
"21",
"16",
"18",
"12",
"15",
"16",
"17",
"16",
"28",
"20",
"20",
"31",
"30",
"29",
"28",
"35",
"40",
"47",
"33",
"33",
"28",
"16",
"26",
"26",
"16",
"20",
"17",
"11",
"16",
"16",
"10",
"14",
"12",
"13",
"11",
"15",
"15",
"7",
"11",
"10",
"10",
"18",
"14",
"19",
"23",
"13",
"10",
"9",
"13",
"22",
"26",
"15",
"19",
"14",
"18",
"12",
"18",
"13",
"13",
"13",
"12",
"13",
"18",
"18",
"6",
"13",
"12",
"12",
"18",
"17",
"18",
"19",
"10",
"13",
"6",
"22",
"16",
"13",
"16",
"14",
"16",
"18",
"18",
"15",
"17",
"19",
"18",
"26",
"20",
"20",
"24",
"17",
"29",
"28",
"17",
"22",
"15",
"14",
"13",
"13",
"20",
"20",
"13",
"22",
"19",
"15",
"17",
"19",
"20",
"20",
"23",
"17",
"19",
"24",
"28",
"33",
"35",
"21",
"17",
"27",
"21",
"35",
"15",
"17",
"33",
"28",
"19",
"22",
"19",
"30",
"28",
"35",
"23",
"34",
"46",
"38",
"33",
"40",
"54",
"67",
"71",
"74",
"81",
"84",
"84",
"103",
"64",
"78",
"43",
"57",
"38",
"50",
"41",
"38",
"26",
"23",
"21",
"22",
"21",
"21",
"27",
"18",
"23",
"15",
"11",
"19",
"18",
"13",
"15",
"14",
"16",
"16",
"26",
"23",
"21",
"12",
"17",
"12",
"16",
"17",
"9",
"11",
"15",
"16",
"15",
"18",
"14",
"10",
"21",
"12",
"16",
"13",
"17",
"22",
"20",
"18",
"21",
"17",
"21",
"12",
"18",
"17",
"26",
"9",
"21",
"21",
"14",
"17",
"17",
"28",
"27",
"19",
"20",
"17",
"21",
"17",
"18",
"24",
"16",
"14",
"13",
"14",
"18",
"22",
"15",
"23",
"22",
"15",
"13",
"20",
"19",
"23",
"16",
"19",
"20",
"22",
"13",
"20",
"14",
"24",
"14",
"28",
"14",
"16",
"14",
"26",
"15",
"16",
"13",
"21",
"17",
"26",
"13",
"24",
"16",
"15",
"16",
"13",
"11",
"12",
"20",
"20",
"15",
"19",
"31",
"21",
"24",
"13",
"22",
"20",
"15",
"14",
"17",
"20",
"26",
"18",
"21",
"17",
"21",
"26",
"17",
"21",
"21",
"15",
"20",
"19",
"23",
"22",
"20",
"19",
"23",
"23",
"22",
"40",
"37",
"37",
"40",
"66",
"83",
"109",
"99",
"190",
"190",
"275",
"388",
"447",
"517",
"652",
"696",
"834",
"883",
"882",
"936",
"960",
"841",
"745",
"703",
"601",
"495",
"419",
"316",
"269",
"193",
"123",
"102",
"87",
"70",
"58",
"58",
"58",
"73",
"68",
"46",
"57",
"62",
"83",
"91",
"97",
"94",
"107",
"102",
"122",
"129",
"135",
"134",
"132",
"134",
"136",
"132",
"108",
"96",
"80",
"62",
"49",
"58",
"52",
"33",
"34",
"29",
"39",
"30",
"21",
"29",
"31",
"29",
"32",
"23",
"39",
"28",
"34",
"19",
"39",
"29",
"43",
"29",
"50",
"39",
"49",
"37",
"48",
"49",
"40",
"54",
"44",
"52",
"61",
"54",
"48",
"66",
"53",
"57",
"58",
"52",
"63",
"72",
"71",
"79",
"94",
"108",
"117",
"136",
"154",
"169",
"201",
"186",
"212",
"197",
"218",
"236",
"186",
"218",
"189",
"166",
"172",
"138",
"123",
"122",
"111",
"88",
"77",
"71",
"66",
"53",
"67",
"57",
"56",
"37",
"52",
"54",
"54",
"54",
"61",
"43",
"51",
"54",
"56",
"65",
"60",
"56",
"46",
"47",
"54",
"67",
"41",
"49",
"54",
"43",
"55",
"34",
"65",
"52",
"65",
"64",
"70",
"51",
"58",
"66",
"67",
"52",
"65",
"70",
"57",
"74",
"70",
"77",
"94",
"74",
"78",
"86",
"80",
"75",
"87",
"96",
"107",
"116",
"95",
"102",
"109",
"87",
"119",
"108",
"91",
"117",
"91",
"102",
"101",
"87",
"80",
"107",
"102",
"116",
"103",
"81",
"103",
"100",
"99",
"95",
"77",
"108",
"98",
"80",
"82",
"91",
"90",
"96",
"77",
"98",
"82",
"84",
"81",
"94",
"94",
"86",
"79",
"79",
"89",
"91",
"105",
"87",
"92",
"97",
"100",
"109",
"94",
"121",
"95",
"106",
"104",
"104",
"116",
"101",
"114",
"102",
"121",
"109",
"120",
"145",
"128",
"124",
"141",
"126",
"156",
"136",
"138",
"137",
"167",
"120",
"171",
"179",
"156",
"155",
"182",
"215",
"210",
"241",
"227",
"235",
"270",
"308",
"344",
"418",
"555",
"694",
"932",
"1369",
"1751",
"2568",
"3574",
"4972",
"6517",
"8312",
"11003",
"14362",
"17866",
"21216",
"25679",
"30400",
"34228",
"37349",
"40449",
"44934",
"46104",
"45766",
"47482",
"44623",
"42683",
"38766",
"35804",
"32223",
"28113",
"23327",
"19760",
"15721",
"12788",
"9707",
"7555",
"5640",
"4181",
"2874",
"2255",
"1433",
"1055",
"731",
"532",
"436",
"310",
"241",
"235",
"203",
"186",
"220",
"179",
"170",
"180",
"189",
"200",
"188",
"190",
"170",
"209",
"209",
"263",
"227",
"268",
"242",
"249",
"260",
"306",
"375",
"427",
"512",
"567",
"810",
"952",
"1094",
"1338",
"1845",
"1969",
"2485",
"2847",
"3333",
"3961",
"4274",
"4707",
"5301",
"5676",
"5730",
"5940",
"6339",
"5863",
"5527",
"5386",
"5075",
"4470",
"3975",
"3533",
"3090",
"2607",
"2102",
"1649",
"1356",
"1075",
"863",
"692",
"531",
"348",
"290",
"231",
"172",
"137",
"106",
"122",
"109",
"85",
"75",
"91",
"85",
"71",
"82",
"56",
"79",
"99",
"82",
"85",
"94",
"85",
"92",
"74",
"96",
"83",
"80",
"92",
"86",
"101",
"82",
"81",
"83",
"108",
"79",
"77",
"66",
"73",
"71",
"66",
"84",
"78",
"83",
"72",
"89",
"75",
"66",
"90",
"88",
"83",
"74",
"72",
"89",
"90",
"97",
"77",
"55",
"89",
"89",
"75",
"75",
"102",
"88",
"87",
"78",
"82",
"107",
"86",
"88",
"69",
"77",
"96",
"84",
"103",
"97",
"75",
"85",
"85",
"103",
"91",
"91",
"85",
"81",
"82",
"90",
"94",
"99",
"105",
"89",
"73",
"102",
"75",
"83",
"73",
"73",
"71",
"90",
"98",
"78",
"88",
"65",
"75",
"91",
"79",
"70",
"81",
"70",
"89",
"88",
"79",
"77",
"79",
"91",
"81",
"79",
"94",
"78",
"79",
"98",
"73",
"84",
"96",
"86",
"90",
"95",
"96",
"100",
"111",
"107",
"90",
"88",
"111",
"86",
"120",
"126",
"119",
"149",
"142",
"126",
"132",
"135",
"135",
"136",
"123",
"135",
"112",
"140",
"119",
"114",
"106",
"83",
"109",
"94",
"105",
"74",
"90",
"90",
"100",
"85",
"97",
"95",
"88",
"79",
"91",
"84",
"91",
"74",
"79",
"77",
"67",
"83",
"83",
"88",
"101",
"107",
"98",
"85",
"83",
"81",
"77",
"68",
"83",
"72",
"84",
"86",
"79",
"77",
"69",
"88",
"82",
"73",
"71",
"79",
"66",
"86",
"53",
"84",
"71",
"83",
"80",
"78",
"89",
"69",
"75",
"91",
"79",
"83",
"80",
"74",
"58",
"74",
"71",
"63",
"67",
"86",
"79",
"56",
"80",
"75",
"66",
"73",
"63",
"64",
"77",
"77",
"77",
"72",
"73",
"72",
"79",
"98",
"63",
"89",
"89",
"86",
"81",
"75",
"86",
"71",
"85",
"92",
"90",
"83",
"85",
"79",
"80",
"74",
"77",
"78",
"80",
"82",
"72",
"69",
"97",
"71",
"84",
"70",
"84",
"84",
"91",
"77",
"77",
"85",
"73",
"74",
"71",
"82",
"85",
"69",
"86",
"79",
"84",
"70",
"90",
"84",
"74",
"83",
"95",
"77",
"91",
"85",
"77",
"95",
"89",
"82",
"91",
"88",
"107",
"101",
"99",
"72",
"78",
"78",
"79",
"80",
"82",
"84",
"92",
"84",
"64",
"92",
"80",
"75",
"71",
"86",
"94",
"86",
"85",
"65",
"95",
"75",
"95",
"77",
"89",
"84",
"83",
"108",
"75",
"103",
"88",
"78",
"101",
"91",
"88",
"83",
"81",
"79",
"73",
"87",
"71",
"75",
"95",
"87",
"87",
"69",
"81",
"74",
"75",
"66",
"80",
"74",
"69",
"95",
"72",
"75",
"74",
"87",
"72",
"91",
"80",
"74",
"57",
"82",
"41",
"87",
"78",
"78",
"73",
"67",
"68",
"77",
"79",
"64",
"82",
"71",
"78",
"66",
"83",
"97",
"73",
"72",
"83",
"89",
"74",
"75",
"77",
"84",
"73",
"88",
"81",
"77",
"73",
"72",
"95",
"64",
"66",
"75",
"79",
"81",
"63",
"100",
"71",
"81",
"87",
"74",
"86",
"65",
"79",
"69",
"68",
"84",
"81",
"73",
"74",
"85",
"86",
"84",
"82",
"79",
"72",
"84",
"65",
"72",
"69",
"94",
"72",
"87",
"71",
"78",
"79",
"80",
"97",
"72",
"83",
"71",
"64",
"77",
"102",
"82",
"89",
"88",
"72",
"77",
"83",
"78",
"81",
"65",
"64",
"81",
"79",
"70",
"104",
"72",
"67",
"77",
"91",
"77",
"74",
"81",
"77",
"81",
"78",
"69",
"74",
"72",
"68",
"74",
"78",
"72",
"69",
"75",
"78",
"80",
"74",
"64",
"77",
"53",
"64",
"79",
"85",
"70",
"71",
"64",
"87",
"70",
"53",
"77",
"63",
"75",
"81",
"79",
"62",
"81",
"86",
"73",
"51",
"63",
"66",
"80",
"70",
"65",
"65",
"72",
"71",
"75",
"87",
"70",
"68",
"80",
"74",
"71",
"67",
"61",
"68",
"67",
"65",
"73",
"70",
"78",
"73",
"66",
"58",
"73",
"73",
"74",
"55",
"67",
"56",
"70",
"72",
"66",
"69",
"73",
"54",
"51",
"61",
"66",
"64",
"70",
"60",
"67",
"79",
"81",
"67",
"85",
"70",
"81",
"71",
"78",
"63",
"89",
"84",
"108",
"109",
"113",
"104",
"103",
"111",
"124",
"114",
"120",
"160",
"168",
"145",
"155",
"155",
"139",
"172",
"125",
"155",
"177",
"149",
"147",
"159",
"153",
"140",
"138",
"137",
"122",
"132",
"101",
"108",
"112",
"108",
"62",
"80",
"78",
"86",
"68",
"79",
"82",
"88",
"74",
"69",
"79",
"73",
"56",
"54",
"67",
"71",
"71",
"73",
"64",
"73",
"50",
"81",
"63",
"51",
"82",
"80",
"95",
"65",
"81",
"65",
"64",
"54",
"62",
"68",
"71",
"91",
"81",
"80",
"90",
"77",
"81",
"77",
"81",
"91",
"94",
"103",
"87",
"83",
"102",
"86",
"106",
"90",
"99",
"87",
"101",
"79",
"86",
"84",
"83",
"74",
"82",
"63",
"78",
"68",
"70",
"65",
"78",
"73",
"79",
"82",
"75",
"66",
"53",
"79",
"69",
"89",
"77",
"69",
"61",
"71",
"50",
"65",
"78",
"74",
"78",
"63",
"62",
"63",
"55",
"72",
"49",
"73",
"55",
"67",
"65",
"60",
"63",
"63",
"73",
"69",
"58",
"62",
"66",
"66",
"63",
"65",
"62",
"70",
"77",
"49",
"85",
"66",
"51",
"70",
"66",
"67",
"58",
"74",
"65",
"53",
"51",
"60",
"67",
"71",
"40",
"62",
"81",
"63",
"61",
"62",
"64",
"58",
"57",
"68",
"74",
"44",
"61",
"68",
"54",
"65",
"67",
"69",
"49",
"54",
"64",
"38",
"47",
"45",
"57",
"57",
"62",
"65",
"54",
"66",
"62",
"65",
"63",
"46",
"69",
"82",
"66",
"60",
"72",
"69",
"64",
"65",
"78",
"45",
"67",
"49",
"47",
"55",
"51",
"53",
"54",
"46",
"62",
"52",
"52",
"57",
"52",
"44",
"67",
"53",
"49",
"51",
"54",
"53",
"69",
"57",
"70",
"53",
"64",
"56",
"49",
"60",
"60",
"65",
"65",
"63",
"55",
"50",
"58",
"60",
"53",
"66",
"73",
"62",
"63",
"50",
"64",
"60",
"58",
"56",
"63",
"66",
"54",
"57",
"67",
"61",
"48",
"39",
"65",
"54",
"64",
"48",
"53",
"69",
"49",
"48",
"63",
"51",
"75",
"68",
"58",
"52",
"54",
"63",
"64",
"55",
"58",
"47",
"62",
"51",
"64",
"50",
"55",
"54",
"52",
"57",
"60",
"52",
"56",
"62",
"64",
"49",
"64",
"64",
"62",
"54",
"73",
"50",
"60",
"60",
"53",
"48",
"55",
"63",
"49",
"56",
"48",
"64",
"60",
"47",
"61",
"47",
"47",
"45",
"54",
"52",
"48",
"47",
"56",
"47",
"65",
"54",
"57",
"54",
"56",
"51",
"50",
"63",
"50",
"46",
"57",
"62",
"51",
"69",
"56",
"54",
"52",
"65",
"56",
"45",
"49",
"41",
"51",
"60",
"46",
"65",
"51",
"52",
"62",
"54",
"50",
"58",
"50",
"49",
"60",
"43",
"55",
"52",
"50",
"55",
"55",
"45",
"60",
"40",
"51",
"47",
"74",
"48",
"55",
"52",
"46",
"53",
"60",
"57",
"55",
"75",
"45",
"70",
"54",
"39",
"50",
"57",
"53",
"44",
"40",
"46",
"40",
"58",
"50",
"56",
"39",
"47",
"48",
"60",
"60",
"52",
"46",
"46",
"57",
"44",
"47",
"48",
"51",
"54",
"61",
"49",
"63",
"67",
"53",
"47",
"47",
"56",
"40",
"71",
"44",
"46",
"43",
"55",
"47",
"41",
"58",
"60",
"44",
"40",
"46",
"56",
"69",
"50",
"53",
"41",
"45",
"36",
"52",
"55",
"51",
"47",
"52",
"49",
"55",
"50",
"47",
"62",
"37",
"57",
"54",
"48",
"46",
"57",
"58",
"54",
"55",
"47",
"56",
"53",
"54",
"51",
"51",
"39",
"50",
"44",
"57",
"50",
"46",
"46",
"51",
"46",
"54",
"52",
"64",
"46",
"46",
"55",
"49",
"47",
"56",
"41",
"46",
"50",
"28",
"57",
"47",
"35",
"52",
"45",
"58",
"53",
"43",
"53",
"52",
"45",
"67",
"48",
"54",
"49",
"74",
"50",
"37",
"63",
"51",
"50",
"61",
"56",
"54",
"53",
"50",
"57",
"51",
"56",
"44",
"48",
"54",
"61",
"51",
"48",
"61",
"54",
"52",
"60",
"47",
"52",
"46",
"45",
"58",
"54",
"52",
"47",
"48",
"55",
"39",
"53",
"47",
"60",
"55",
"40",
"55",
"45",
"48",
"45",
"61",
"51",
"56",
"64",
"52",
"62",
"55",
"51",
"68",
"55",
"52",
"55",
"53",
"57",
"44",
"57",
"51",
"61",
"58",
"47",
"65",
"62",
"56",
"60",
"58",
"58",
"57",
"55",
"63",
"53",
"60",
"55",
"56",
"65",
"57",
"65",
"58",
"68",
"55",
"51",
"63",
"62",
"70",
"69",
"47",
"69",
"57",
"68",
"64",
"70",
"52",
"78",
"75",
"80",
"65",
"66",
"73",
"92",
"67",
"84",
"89",
"99",
"82",
"82",
"68",
"86",
"86",
"100",
"89",
"82",
"100",
"90",
"91",
"104",
"92",
"118",
"125",
"123",
"103",
"125",
"134",
"154",
"119",
"119",
"157",
"143",
"141",
"154",
"167",
"197",
"209",
"195",
"210",
"192",
"209",
"201",
"217",
"240",
"226",
"237",
"271",
"251",
"266",
"248",
"277",
"282",
"257",
"309",
"344",
"317",
"316",
"317",
"353",
"321",
"356",
"318",
"349",
"375",
"325",
"324",
"319",
"365",
"348",
"303",
"366",
"331",
"325",
"338",
"341",
"316",
"346",
"326",
"328",
"295",
"310",
"263",
"255",
"273",
"261",
"289",
"273",
"214",
"233",
"243",
"242",
"227",
"202",
"209",
"181",
"186",
"195",
"198",
"171",
"186",
"135",
"169",
"167",
"143",
"136",
"156",
"108",
"102",
"146",
"114",
"102",
"109",
"101",
"104",
"97",
"103",
"68",
"86",
"92",
"99",
"87",
"69",
"87",
"84",
"79",
"89",
"72",
"89",
"84",
"66",
"85",
"103",
"88",
"94",
"91",
"101",
"71",
"108",
"120",
"102",
"105",
"113",
"141",
"149",
"128",
"147",
"149",
"145",
"169",
"163",
"185",
"143",
"164",
"165",
"190",
"186",
"177",
"151",
"176",
"175",
"192",
"152",
"170",
"177",
"138",
"142",
"151",
"112",
"136",
"117",
"104",
"102",
"115",
"99",
"91",
"86",
"79",
"90",
"98",
"63",
"58",
"50",
"47",
"54",
"53",
"54",
"50",
"37",
"56",
"37",
"67",
"43",
"44",
"58",
"36",
"48",
"49",
"24042",
"Channel_info_start",
"Channel : Mg",
"Points : 0",
"Range : 0.000000 - 0.000000",
"Step : 0.010000",
"Channel_info_end",
"Channel_info_start",
"Channel : Al",
"Points : 0",
"Range : 0.000000 - 0.000000",
"Step : 0.010000",
"Channel_info_end",
"Channel_info_start",
"Channel : Si",
"Points : 0",
"Range : 0.000000 - 0.000000",
"Step : 0.010000",
"Channel_info_end",
"Channel_info_start",
"Channel : P ",
"Points : 0",
"Range : 0.000000 - 0.000000",
"Step : 0.010000",
"Channel_info_end",
"Channel_info_start",
"Channel : S ",
"Points : 0",
"Range : 0.000000 - 0.000000",
"Step : 0.010000",
"Channel_info_end",
"Channel_info_start",
"Channel : Cl",
"Points : 0",
"Range : 0.000000 - 0.000000",
"Step : 0.010000",
"Channel_info_end",
"Channel_info_start",
"Channel : K ",
"Points : 0",
"Range : 0.000000 - 0.000000",
"Step : 0.010000",
"Channel_info_end",
"Channel_info_start",
"Channel : Ca",
"Points : 0",
"Range : 0.000000 - 0.000000",
"Step : 0.010000",
"Channel_info_end",
"Channel_info_start",
"Channel : Ti",
"Points : 0",
"Range : 0.000000 - 0.000000",
"Step : 0.010000",
"Channel_info_end",
"Channel_info_start",
"Channel : V ",
"Points : 0",
"Range : 0.000000 - 0.000000",
"Step : 0.010000",
"Channel_info_end",
"Channel_info_start",
"Channel : Cr",
"Points : 0",
"Range : 0.000000 - 0.000000",
"Step : 0.010000",
"Channel_info_end",
"Channel_info_start",
"Channel : Mn",
"Points : 0",
"Range : 0.000000 - 0.000000",
"Step : 0.010000",
"Channel_info_end",
"Channel_info_start",
"Channel : Fe",
"Points : 0",
"Range : 0.000000 - 0.000000",
"Step : 0.010000",
"Channel_info_end",
"Channel_info_start",
"Channel : Cu",
"Points : 0",
"Range : 0.000000 - 0.000000",
"Step : 0.010000",
"Channel_info_end",
"Channel_info_start",
"Channel : Zn",
"Points : 0",
"Range : 0.000000 - 0.000000",
"Step : 0.010000",
"Channel_info_end",
"Channel_info_start",
"Channel : Sr",
"Points : 0",
"Range : 0.000000 - 0.000000",
"Step : 0.010000",
"Channel_info_end",
"Channel_info_start",
"Channel : Pb",
"Points : 0",
"Range : 0.000000 - 0.000000",
"Step : 0.010000",
"Channel_info_end",
"",
"Qualitative Result",
"--------------------------------------------------------------------------------",
"Element :  Fe, P , Ca",
"",
"Peak List",
"--------------------------------------------------------------------------------",
"Channel               Line        keV     Net Int.(cps/uA)",
"--------------------------------------------------------------------------------",
"Na                    FeLa         0.72     0.007",
"                      P Ka         2.00     0.022",
"                      CaKa         3.68     0.297",
"                      CaKb         4.02     0.035",
"                      FeKaESC      4.63     0.062",
"                      FeKa         6.38    17.543",
"                      FeKb         7.04     2.343",
"                      FeKaSUM     12.72     0.046",
"                      ----        19.08     0.119",
"                      ----        19.38     0.064",
"                      ----        20.02     0.047",
"--------------------------------------------------------------------------------",
"",
"Quantitative Result",
"--------------------------------------------------------------------------------",
"Analyte               Result             Std.Dev. Proc.-Calc. Line Intensity(cps/uA)",
"--------------------------------------------------------------------------------",
"====[No. 1 Layer]====< Layer1               >===============================",
"Layer1                   0.000 ug/cm2    -------- Flux       -------- --------",
