"Sample    : gdf3_34705_16p",
"Operator  : ",
"Comment  : cubatao-g-policarbonato",
"Group     : kerr2007ab13liv300al",
"Date       : 2013-03-06 21:10:29",
"",
"Mesurement Condition",
"------------------------------------------------------------------------------------",
"Instrument : 700HS2   Atmosphere : Vac.   Collimator : 10(mm)   Spin : No",
"------------------------------------------------------------------------------------",
"Analyte               TG kV   uA      FI Acq.(keV)  Anal.(keV)  Time(sec)     DT(%)",
"------------------------------------------------------------------------------------",
"Na                    Rh 50  378-Auto Al  0 - 20    0.8 - 1.2   Live -  179   20",
"",
"<Profile>",
"Channel_info_start",
"Channel : Na",
"Points : 2048",
"Range : 0.000000 - 20.480000",
"Step : 0.010000",
"Channel_info_end",
"0",
"0",
"0",
"0",
"0",
"0",
"0",
"0",
"0",
"0",
"0",
"0",
"0",
"0",
"0",
"0",
"0",
"0",
"0",
"0",
"0",
"0",
"0",
"0",
"0",
"0",
"0",
"0",
"1",
"0",
"14",
"35",
"31",
"29",
"25",
"22",
"25",
"17",
"24",
"23",
"26",
"21",
"26",
"29",
"22",
"34",
"21",
"23",
"31",
"18",
"24",
"26",
"30",
"28",
"23",
"19",
"31",
"28",
"28",
"30",
"23",
"31",
"23",
"24",
"16",
"23",
"26",
"39",
"23",
"23",
"25",
"23",
"17",
"24",
"28",
"26",
"26",
"28",
"25",
"21",
"13",
"33",
"37",
"39",
"59",
"62",
"47",
"75",
"103",
"111",
"112",
"105",
"114",
"120",
"87",
"82",
"82",
"70",
"52",
"67",
"54",
"41",
"56",
"43",
"50",
"55",
"51",
"71",
"79",
"118",
"125",
"213",
"284",
"323",
"437",
"554",
"676",
"789",
"869",
"938",
"971",
"973",
"890",
"872",
"759",
"678",
"520",
"445",
"314",
"281",
"225",
"196",
"140",
"139",
"115",
"123",
"113",
"146",
"132",
"136",
"151",
"135",
"148",
"143",
"125",
"141",
"100",
"113",
"104",
"100",
"99",
"113",
"91",
"106",
"113",
"112",
"120",
"104",
"94",
"87",
"81",
"68",
"56",
"72",
"54",
"44",
"42",
"56",
"51",
"35",
"52",
"42",
"38",
"41",
"35",
"41",
"33",
"42",
"33",
"43",
"39",
"29",
"42",
"26",
"46",
"47",
"39",
"44",
"44",
"51",
"55",
"55",
"60",
"76",
"90",
"97",
"106",
"115",
"122",
"125",
"115",
"149",
"92",
"105",
"93",
"81",
"83",
"64",
"40",
"34",
"54",
"43",
"34",
"25",
"28",
"15",
"24",
"23",
"27",
"20",
"28",
"29",
"20",
"24",
"20",
"19",
"33",
"25",
"30",
"25",
"23",
"37",
"17",
"22",
"21",
"24",
"27",
"27",
"31",
"25",
"20",
"28",
"18",
"16",
"23",
"16",
"27",
"15",
"16",
"20",
"25",
"22",
"25",
"27",
"30",
"23",
"17",
"20",
"26",
"27",
"29",
"25",
"38",
"26",
"30",
"35",
"20",
"55",
"35",
"35",
"33",
"47",
"38",
"33",
"25",
"27",
"40",
"22",
"38",
"24",
"29",
"34",
"46",
"34",
"27",
"33",
"29",
"31",
"30",
"36",
"27",
"30",
"41",
"20",
"19",
"28",
"29",
"24",
"29",
"29",
"31",
"21",
"25",
"20",
"25",
"29",
"35",
"25",
"31",
"28",
"36",
"35",
"36",
"25",
"22",
"30",
"34",
"34",
"23",
"31",
"42",
"40",
"33",
"33",
"23",
"31",
"30",
"30",
"34",
"34",
"24",
"35",
"35",
"35",
"31",
"31",
"40",
"51",
"26",
"41",
"29",
"40",
"39",
"35",
"28",
"38",
"46",
"48",
"47",
"63",
"62",
"72",
"65",
"90",
"110",
"146",
"176",
"262",
"304",
"478",
"534",
"683",
"813",
"991",
"1065",
"1236",
"1349",
"1426",
"1391",
"1412",
"1307",
"1284",
"1106",
"946",
"813",
"680",
"496",
"427",
"305",
"265",
"220",
"154",
"104",
"99",
"96",
"96",
"89",
"75",
"89",
"91",
"115",
"106",
"123",
"119",
"155",
"155",
"219",
"199",
"191",
"226",
"204",
"215",
"215",
"204",
"211",
"177",
"156",
"147",
"125",
"122",
"99",
"82",
"69",
"71",
"66",
"68",
"57",
"75",
"66",
"85",
"94",
"94",
"119",
"120",
"117",
"108",
"135",
"128",
"150",
"151",
"147",
"144",
"141",
"144",
"134",
"117",
"139",
"115",
"105",
"119",
"89",
"79",
"94",
"97",
"91",
"92",
"98",
"121",
"112",
"66",
"90",
"97",
"94",
"104",
"99",
"91",
"96",
"112",
"91",
"96",
"101",
"87",
"76",
"108",
"87",
"103",
"89",
"99",
"92",
"103",
"85",
"94",
"86",
"88",
"79",
"86",
"85",
"96",
"93",
"96",
"88",
"109",
"86",
"90",
"98",
"87",
"102",
"84",
"120",
"118",
"106",
"106",
"130",
"135",
"125",
"122",
"114",
"145",
"112",
"133",
"143",
"108",
"115",
"123",
"104",
"100",
"102",
"106",
"92",
"109",
"94",
"115",
"101",
"87",
"106",
"98",
"119",
"144",
"137",
"132",
"163",
"186",
"240",
"248",
"314",
"309",
"399",
"529",
"565",
"637",
"691",
"776",
"856",
"914",
"927",
"915",
"922",
"939",
"853",
"842",
"743",
"667",
"543",
"491",
"422",
"406",
"309",
"273",
"248",
"204",
"185",
"181",
"158",
"161",
"143",
"139",
"152",
"141",
"130",
"142",
"162",
"161",
"132",
"152",
"137",
"162",
"166",
"157",
"153",
"165",
"145",
"176",
"158",
"163",
"182",
"209",
"194",
"200",
"238",
"234",
"225",
"280",
"299",
"365",
"472",
"566",
"720",
"914",
"1282",
"1769",
"2310",
"3021",
"3972",
"5120",
"6304",
"8044",
"9465",
"11331",
"12676",
"14820",
"16332",
"17877",
"18205",
"19020",
"19657",
"19420",
"18284",
"17751",
"16397",
"14880",
"12899",
"11188",
"9669",
"7809",
"6165",
"5157",
"4016",
"2981",
"2244",
"1726",
"1318",
"946",
"694",
"577",
"433",
"372",
"304",
"308",
"257",
"266",
"236",
"263",
"252",
"262",
"230",
"247",
"252",
"270",
"203",
"249",
"238",
"239",
"237",
"240",
"255",
"271",
"261",
"301",
"306",
"387",
"405",
"558",
"699",
"897",
"1084",
"1522",
"1822",
"2527",
"2937",
"3766",
"4637",
"5334",
"6434",
"7242",
"8314",
"9295",
"9944",
"10904",
"11376",
"11789",
"11473",
"11687",
"11500",
"11129",
"10101",
"9531",
"8882",
"7990",
"7312",
"6539",
"5686",
"5063",
"4337",
"3888",
"3389",
"3039",
"2576",
"2382",
"2080",
"1758",
"1469",
"1447",
"1332",
"1151",
"1119",
"1185",
"1260",
"1412",
"1474",
"1742",
"2036",
"2086",
"2272",
"2637",
"2890",
"3022",
"3022",
"3182",
"3283",
"3270",
"3161",
"3153",
"2879",
"2684",
"2433",
"2142",
"1981",
"1649",
"1404",
"1277",
"962",
"910",
"745",
"573",
"549",
"419",
"377",
"348",
"288",
"263",
"241",
"208",
"200",
"205",
"196",
"205",
"185",
"161",
"172",
"171",
"187",
"190",
"184",
"194",
"196",
"224",
"216",
"192",
"268",
"231",
"245",
"248",
"256",
"216",
"263",
"269",
"292",
"331",
"294",
"352",
"355",
"458",
"492",
"569",
"611",
"705",
"799",
"972",
"1222",
"1210",
"1375",
"1453",
"1666",
"1607",
"1748",
"1790",
"1815",
"1856",
"1791",
"1770",
"1622",
"1583",
"1397",
"1307",
"1112",
"1052",
"847",
"768",
"735",
"643",
"599",
"542",
"535",
"498",
"462",
"450",
"545",
"531",
"556",
"640",
"737",
"798",
"763",
"853",
"858",
"889",
"904",
"965",
"885",
"946",
"799",
"861",
"779",
"726",
"667",
"569",
"544",
"505",
"462",
"442",
"389",
"375",
"322",
"308",
"299",
"272",
"293",
"285",
"284",
"297",
"275",
"255",
"275",
"282",
"296",
"271",
"292",
"273",
"280",
"275",
"229",
"232",
"226",
"231",
"206",
"206",
"183",
"192",
"199",
"198",
"184",
"172",
"179",
"181",
"208",
"200",
"220",
"225",
"226",
"221",
"233",
"230",
"225",
"216",
"218",
"219",
"183",
"237",
"204",
"206",
"184",
"193",
"208",
"211",
"194",
"194",
"154",
"181",
"163",
"153",
"173",
"150",
"148",
"146",
"151",
"168",
"140",
"178",
"160",
"164",
"156",
"161",
"167",
"169",
"133",
"152",
"161",
"142",
"154",
"147",
"171",
"160",
"175",
"143",
"150",
"165",
"173",
"164",
"169",
"179",
"158",
"172",
"143",
"156",
"161",
"158",
"151",
"147",
"158",
"151",
"151",
"168",
"158",
"129",
"178",
"174",
"144",
"165",
"169",
"160",
"176",
"147",
"158",
"186",
"162",
"164",
"149",
"196",
"183",
"165",
"155",
"162",
"151",
"163",
"148",
"148",
"164",
"155",
"131",
"162",
"179",
"168",
"162",
"167",
"171",
"176",
"140",
"166",
"167",
"173",
"162",
"173",
"154",
"167",
"161",
"161",
"160",
"153",
"141",
"149",
"139",
"177",
"144",
"167",
"155",
"174",
"151",
"151",
"133",
"145",
"152",
"130",
"164",
"152",
"130",
"134",
"163",
"139",
"158",
"137",
"119",
"146",
"152",
"140",
"139",
"150",
"160",
"164",
"169",
"147",
"168",
"169",
"145",
"164",
"155",
"140",
"149",
"149",
"150",
"146",
"166",
"160",
"142",
"164",
"163",
"133",
"171",
"162",
"147",
"155",
"175",
"152",
"164",
"178",
"142",
"155",
"153",
"154",
"156",
"156",
"156",
"163",
"142",
"152",
"144",
"142",
"163",
"164",
"167",
"136",
"152",
"136",
"168",
"160",
"144",
"160",
"153",
"127",
"127",
"179",
"111",
"185",
"157",
"158",
"154",
"144",
"163",
"139",
"157",
"149",
"155",
"181",
"133",
"153",
"153",
"147",
"157",
"139",
"143",
"162",
"163",
"152",
"141",
"128",
"156",
"143",
"155",
"150",
"136",
"172",
"151",
"164",
"150",
"140",
"163",
"141",
"153",
"150",
"169",
"157",
"150",
"125",
"153",
"137",
"144",
"143",
"165",
"158",
"151",
"153",
"152",
"165",
"151",
"135",
"136",
"151",
"136",
"177",
"146",
"153",
"154",
"155",
"136",
"164",
"143",
"106",
"174",
"148",
"146",
"133",
"153",
"152",
"148",
"145",
"140",
"154",
"134",
"148",
"113",
"155",
"143",
"139",
"152",
"165",
"161",
"150",
"139",
"143",
"140",
"167",
"152",
"153",
"147",
"152",
"136",
"144",
"147",
"134",
"135",
"140",
"142",
"145",
"145",
"140",
"146",
"151",
"147",
"131",
"153",
"163",
"112",
"124",
"151",
"113",
"144",
"147",
"136",
"171",
"154",
"127",
"152",
"143",
"133",
"140",
"143",
"144",
"127",
"147",
"105",
"135",
"153",
"173",
"147",
"137",
"143",
"133",
"147",
"123",
"147",
"125",
"157",
"141",
"140",
"130",
"134",
"129",
"122",
"142",
"150",
"128",
"157",
"140",
"153",
"155",
"106",
"146",
"141",
"146",
"171",
"149",
"134",
"137",
"146",
"151",
"161",
"145",
"173",
"158",
"173",
"131",
"153",
"119",
"160",
"146",
"145",
"124",
"143",
"129",
"147",
"137",
"135",
"133",
"125",
"128",
"142",
"123",
"119",
"143",
"129",
"120",
"127",
"140",
"143",
"107",
"123",
"110",
"117",
"128",
"128",
"123",
"132",
"124",
"132",
"157",
"111",
"131",
"134",
"130",
"112",
"132",
"141",
"130",
"136",
"134",
"158",
"134",
"152",
"141",
"171",
"131",
"150",
"150",
"175",
"140",
"150",
"124",
"150",
"156",
"137",
"127",
"168",
"113",
"136",
"168",
"170",
"151",
"143",
"163",
"142",
"140",
"156",
"141",
"134",
"124",
"112",
"150",
"127",
"132",
"134",
"130",
"146",
"129",
"148",
"124",
"112",
"123",
"123",
"137",
"122",
"123",
"144",
"113",
"121",
"123",
"131",
"136",
"129",
"131",
"118",
"169",
"120",
"117",
"136",
"122",
"139",
"134",
"143",
"135",
"137",
"129",
"125",
"121",
"119",
"118",
"119",
"124",
"126",
"135",
"105",
"126",
"129",
"154",
"142",
"121",
"133",
"120",
"137",
"111",
"126",
"122",
"131",
"122",
"112",
"133",
"131",
"144",
"127",
"121",
"136",
"131",
"142",
"148",
"119",
"123",
"112",
"126",
"117",
"121",
"110",
"129",
"113",
"100",
"141",
"121",
"126",
"114",
"140",
"114",
"130",
"131",
"108",
"104",
"123",
"127",
"136",
"124",
"135",
"123",
"102",
"132",
"119",
"110",
"141",
"136",
"106",
"118",
"119",
"117",
"88",
"120",
"135",
"111",
"129",
"109",
"114",
"126",
"130",
"121",
"124",
"114",
"127",
"117",
"114",
"135",
"104",
"111",
"129",
"122",
"104",
"114",
"126",
"96",
"113",
"130",
"128",
"114",
"100",
"135",
"113",
"100",
"112",
"121",
"115",
"128",
"111",
"105",
"114",
"110",
"111",
"99",
"107",
"120",
"101",
"113",
"137",
"103",
"112",
"103",
"120",
"115",
"100",
"112",
"111",
"109",
"119",
"107",
"121",
"124",
"90",
"112",
"113",
"120",
"118",
"106",
"89",
"106",
"121",
"107",
"122",
"111",
"119",
"110",
"121",
"111",
"114",
"112",
"105",
"101",
"119",
"107",
"123",
"86",
"109",
"123",
"115",
"102",
"100",
"106",
"122",
"126",
"112",
"132",
"109",
"125",
"114",
"106",
"119",
"113",
"124",
"110",
"110",
"110",
"107",
"109",
"109",
"104",
"85",
"109",
"93",
"113",
"110",
"103",
"110",
"112",
"102",
"93",
"110",
"105",
"106",
"110",
"98",
"87",
"125",
"112",
"104",
"107",
"107",
"111",
"97",
"128",
"83",
"90",
"104",
"89",
"90",
"94",
"98",
"120",
"126",
"94",
"104",
"101",
"86",
"104",
"86",
"115",
"88",
"82",
"110",
"103",
"98",
"97",
"86",
"96",
"101",
"105",
"102",
"101",
"93",
"108",
"86",
"85",
"111",
"88",
"106",
"90",
"88",
"103",
"98",
"91",
"102",
"103",
"108",
"89",
"102",
"89",
"93",
"121",
"98",
"108",
"94",
"89",
"86",
"106",
"94",
"99",
"73",
"87",
"97",
"93",
"85",
"107",
"91",
"115",
"117",
"87",
"91",
"111",
"65",
"100",
"93",
"107",
"89",
"90",
"109",
"93",
"85",
"101",
"98",
"89",
"100",
"96",
"101",
"83",
"100",
"92",
"83",
"112",
"103",
"87",
"93",
"94",
"91",
"97",
"93",
"105",
"88",
"92",
"94",
"90",
"92",
"91",
"120",
"106",
"104",
"113",
"77",
"105",
"86",
"90",
"91",
"102",
"94",
"101",
"102",
"97",
"90",
"80",
"89",
"87",
"109",
"77",
"88",
"86",
"76",
"72",
"83",
"93",
"88",
"86",
"107",
"96",
"72",
"92",
"110",
"91",
"83",
"71",
"86",
"87",
"94",
"90",
"96",
"90",
"104",
"101",
"85",
"67",
"93",
"88",
"103",
"85",
"85",
"92",
"101",
"110",
"83",
"91",
"102",
"90",
"97",
"84",
"90",
"82",
"87",
"93",
"91",
"85",
"71",
"67",
"81",
"100",
"99",
"81",
"100",
"83",
"79",
"87",
"81",
"103",
"89",
"92",
"80",
"94",
"93",
"89",
"79",
"80",
"93",
"89",
"92",
"102",
"101",
"86",
"96",
"96",
"84",
"99",
"80",
"96",
"94",
"80",
"75",
"96",
"87",
"77",
"88",
"83",
"88",
"75",
"96",
"88",
"77",
"86",
"84",
"99",
"86",
"88",
"83",
"82",
"93",
"98",
"84",
"85",
"84",
"97",
"90",
"70",
"75",
"89",
"105",
"79",
"78",
"68",
"89",
"97",
"84",
"90",
"78",
"91",
"66",
"87",
"86",
"88",
"82",
"82",
"107",
"90",
"94",
"66",
"84",
"93",
"92",
"98",
"86",
"87",
"106",
"78",
"88",
"103",
"84",
"87",
"104",
"101",
"92",
"91",
"90",
"77",
"81",
"100",
"104",
"88",
"83",
"102",
"89",
"80",
"80",
"94",
"77",
"98",
"108",
"106",
"89",
"96",
"107",
"94",
"103",
"109",
"81",
"85",
"97",
"97",
"103",
"78",
"101",
"114",
"96",
"111",
"120",
"103",
"99",
"85",
"105",
"93",
"93",
"101",
"127",
"126",
"109",
"100",
"114",
"94",
"113",
"111",
"98",
"125",
"127",
"126",
"109",
"115",
"106",
"99",
"128",
"128",
"132",
"110",
"127",
"134",
"101",
"149",
"151",
"131",
"169",
"143",
"156",
"152",
"145",
"184",
"168",
"175",
"163",
"170",
"179",
"195",
"190",
"185",
"166",
"204",
"219",
"240",
"214",
"251",
"230",
"259",
"299",
"271",
"282",
"288",
"289",
"339",
"316",
"321",
"382",
"404",
"371",
"372",
"404",
"403",
"424",
"403",
"464",
"428",
"444",
"466",
"515",
"488",
"444",
"509",
"531",
"487",
"535",
"537",
"584",
"572",
"567",
"550",
"569",
"562",
"555",
"501",
"588",
"559",
"537",
"590",
"542",
"569",
"563",
"536",
"515",
"575",
"482",
"420",
"484",
"482",
"442",
"442",
"436",
"458",
"435",
"351",
"393",
"384",
"387",
"316",
"364",
"348",
"340",
"285",
"318",
"297",
"273",
"269",
"272",
"253",
"230",
"213",
"216",
"209",
"197",
"199",
"178",
"189",
"202",
"194",
"183",
"176",
"162",
"142",
"141",
"156",
"149",
"114",
"157",
"140",
"123",
"147",
"146",
"151",
"157",
"128",
"160",
"128",
"160",
"167",
"193",
"161",
"156",
"200",
"213",
"216",
"202",
"258",
"240",
"269",
"235",
"291",
"298",
"331",
"321",
"339",
"374",
"359",
"379",
"357",
"386",
"371",
"397",
"371",
"353",
"386",
"390",
"383",
"387",
"348",
"346",
"288",
"353",
"345",
"306",
"319",
"233",
"251",
"239",
"203",
"213",
"226",
"206",
"178",
"151",
"143",
"124",
"121",
"122",
"133",
"93",
"98",
"101",
"94",
"106",
"85",
"78",
"84",
"76",
"85",
"76",
"68",
"86",
"41375",
"Channel_info_start",
"Channel : Mg",
"Points : 0",
"Range : 0.000000 - 0.000000",
"Step : 0.010000",
"Channel_info_end",
"Channel_info_start",
"Channel : Al",
"Points : 0",
"Range : 0.000000 - 0.000000",
"Step : 0.010000",
"Channel_info_end",
"Channel_info_start",
"Channel : Si",
"Points : 0",
"Range : 0.000000 - 0.000000",
"Step : 0.010000",
"Channel_info_end",
"Channel_info_start",
"Channel : P ",
"Points : 0",
"Range : 0.000000 - 0.000000",
"Step : 0.010000",
"Channel_info_end",
"Channel_info_start",
"Channel : S ",
"Points : 0",
"Range : 0.000000 - 0.000000",
"Step : 0.010000",
"Channel_info_end",
"Channel_info_start",
"Channel : Cl",
"Points : 0",
"Range : 0.000000 - 0.000000",
"Step : 0.010000",
"Channel_info_end",
"Channel_info_start",
"Channel : K ",
"Points : 0",
"Range : 0.000000 - 0.000000",
"Step : 0.010000",
"Channel_info_end",
"Channel_info_start",
"Channel : Ca",
"Points : 0",
"Range : 0.000000 - 0.000000",
"Step : 0.010000",
"Channel_info_end",
"Channel_info_start",
"Channel : Ti",
"Points : 0",
"Range : 0.000000 - 0.000000",
"Step : 0.010000",
"Channel_info_end",
"Channel_info_start",
"Channel : V ",
"Points : 0",
"Range : 0.000000 - 0.000000",
"Step : 0.010000",
"Channel_info_end",
"Channel_info_start",
"Channel : Cr",
"Points : 0",
"Range : 0.000000 - 0.000000",
"Step : 0.010000",
"Channel_info_end",
"Channel_info_start",
"Channel : Mn",
"Points : 0",
"Range : 0.000000 - 0.000000",
"Step : 0.010000",
"Channel_info_end",
"Channel_info_start",
"Channel : Fe",
"Points : 0",
"Range : 0.000000 - 0.000000",
"Step : 0.010000",
"Channel_info_end",
"Channel_info_start",
"Channel : Cu",
"Points : 0",
"Range : 0.000000 - 0.000000",
"Step : 0.010000",
"Channel_info_end",
"Channel_info_start",
"Channel : Zn",
"Points : 0",
"Range : 0.000000 - 0.000000",
"Step : 0.010000",
"Channel_info_end",
"Channel_info_start",
"Channel : Sr",
"Points : 0",
"Range : 0.000000 - 0.000000",
"Step : 0.010000",
"Channel_info_end",
"Channel_info_start",
"Channel : Pb",
"Points : 0",
"Range : 0.000000 - 0.000000",
"Step : 0.010000",
"Channel_info_end",
"",
"Qualitative Result",
"--------------------------------------------------------------------------------",
"Element :  Cu, Gd, Er, P , Ca, Cr, Rh",
"",
"Peak List",
"--------------------------------------------------------------------------------",
"Channel               Line        keV     Net Int.(cps/uA)",
"--------------------------------------------------------------------------------",
"Na                    CuLa         0.92     0.013",
"                      GdMa         1.20     0.148",
"                      ErMa         1.41     0.017",
"                      ----         1.55     0.013",
"                      P Ka         2.00     0.018",
"                      CaKa         3.68     0.278",
"                      CaKb         4.00     0.031",
"                      GdLaESC      4.29     0.016",
"                      GdLL         5.36     0.135",
"                      CrKa         5.36     0.046",
"                      CrKb         5.95     0.007",
"                      GdLa         6.04     4.503",
"                      GdLb1        6.70     2.710",
"                      GdLb2        7.08     0.722",
"                      GdLg1        7.77     0.315",
"                      ErLb1        7.77     0.084",
"                      GdLg2        8.08     0.177",
"                      RhKaC       19.13     0.132",
"                      ----        19.37     0.092",
"                      RhKa        20.10     0.096",
"--------------------------------------------------------------------------------",
"",
"Quantitative Result",
"--------------------------------------------------------------------------------",
"Analyte               Result             Std.Dev. Proc.-Calc. Line Intensity(cps/uA)",
"--------------------------------------------------------------------------------",
"====[No. 1 Layer]====< Layer1               >===============================",
"Layer1                   0.000 ug/cm2    -------- Flux       -------- --------",
