"Sample    : ki_34667_16p",
"Operator  : ",
"Comment  : micromater ki 49.3ug/cm2",
"Group     : kerr2007ab13liv300al",
"Date       : 2013-03-06 17:30:45",
"",
"Mesurement Condition",
"------------------------------------------------------------------------------------",
"Instrument : 700HS2   Atmosphere : Vac.   Collimator : 10(mm)   Spin : No",
"------------------------------------------------------------------------------------",
"Analyte               TG kV   uA      FI Acq.(keV)  Anal.(keV)  Time(sec)     DT(%)",
"------------------------------------------------------------------------------------",
"Na                    Rh 50  615-Auto Al  0 - 20    0.8 - 1.2   Live -  179   20",
"",
"<Profile>",
"Channel_info_start",
"Channel : Na",
"Points : 2048",
"Range : 0.000000 - 20.480000",
"Step : 0.010000",
"Channel_info_end",
"0",
"0",
"0",
"0",
"0",
"0",
"0",
"0",
"0",
"0",
"0",
"0",
"0",
"0",
"0",
"0",
"0",
"0",
"0",
"0",
"0",
"0",
"0",
"0",
"0",
"0",
"0",
"0",
"2",
"6",
"27",
"56",
"44",
"53",
"54",
"62",
"48",
"64",
"51",
"63",
"55",
"47",
"43",
"72",
"60",
"57",
"63",
"63",
"64",
"39",
"55",
"46",
"53",
"53",
"41",
"63",
"62",
"43",
"45",
"50",
"49",
"50",
"49",
"47",
"57",
"52",
"51",
"50",
"47",
"65",
"49",
"46",
"44",
"75",
"47",
"44",
"51",
"52",
"50",
"53",
"61",
"61",
"63",
"57",
"49",
"65",
"39",
"65",
"63",
"58",
"65",
"55",
"53",
"64",
"43",
"63",
"54",
"55",
"65",
"56",
"57",
"50",
"44",
"63",
"58",
"40",
"37",
"50",
"35",
"51",
"38",
"45",
"66",
"58",
"54",
"50",
"50",
"62",
"49",
"50",
"64",
"50",
"65",
"49",
"63",
"58",
"48",
"58",
"63",
"68",
"51",
"55",
"58",
"70",
"44",
"54",
"57",
"65",
"50",
"67",
"61",
"60",
"55",
"74",
"95",
"94",
"81",
"78",
"87",
"108",
"98",
"138",
"141",
"154",
"160",
"154",
"137",
"148",
"146",
"148",
"104",
"124",
"91",
"83",
"85",
"84",
"89",
"58",
"72",
"82",
"71",
"65",
"89",
"72",
"89",
"81",
"86",
"86",
"85",
"88",
"83",
"97",
"85",
"79",
"79",
"83",
"98",
"98",
"104",
"95",
"107",
"119",
"130",
"159",
"155",
"217",
"218",
"251",
"238",
"241",
"260",
"270",
"231",
"203",
"205",
"165",
"181",
"154",
"141",
"145",
"133",
"131",
"153",
"143",
"156",
"197",
"179",
"198",
"184",
"188",
"177",
"174",
"160",
"147",
"142",
"121",
"91",
"87",
"75",
"90",
"65",
"95",
"85",
"88",
"61",
"80",
"82",
"82",
"99",
"85",
"103",
"97",
"123",
"137",
"109",
"136",
"130",
"152",
"141",
"142",
"128",
"122",
"117",
"114",
"135",
"124",
"98",
"112",
"116",
"100",
"104",
"94",
"107",
"79",
"108",
"91",
"96",
"100",
"115",
"121",
"102",
"124",
"113",
"116",
"115",
"123",
"122",
"121",
"140",
"126",
"115",
"116",
"138",
"117",
"134",
"137",
"109",
"151",
"98",
"129",
"132",
"115",
"132",
"129",
"124",
"119",
"129",
"129",
"126",
"136",
"138",
"123",
"154",
"175",
"139",
"163",
"160",
"128",
"154",
"162",
"170",
"163",
"164",
"217",
"248",
"311",
"389",
"480",
"662",
"991",
"1267",
"1784",
"2270",
"3072",
"3885",
"4750",
"5220",
"6258",
"6696",
"7321",
"7248",
"7358",
"7195",
"6700",
"5980",
"5473",
"4444",
"3835",
"2956",
"2300",
"1764",
"1448",
"1140",
"1021",
"951",
"885",
"786",
"826",
"900",
"1046",
"1017",
"1062",
"1175",
"1177",
"1279",
"1315",
"1405",
"1512",
"1592",
"1824",
"1760",
"1971",
"2138",
"2260",
"2472",
"2566",
"2748",
"2792",
"2717",
"2565",
"2446",
"2330",
"2209",
"1929",
"1775",
"1599",
"1416",
"1400",
"1365",
"1506",
"1792",
"2236",
"2734",
"3622",
"4731",
"5782",
"6992",
"8486",
"9861",
"10967",
"12172",
"13212",
"13356",
"13615",
"12975",
"12490",
"11598",
"10582",
"8942",
"7845",
"6109",
"5116",
"3818",
"3043",
"2411",
"1793",
"1432",
"1276",
"1239",
"1389",
"1596",
"1929",
"2500",
"3104",
"3782",
"4650",
"5569",
"6437",
"7142",
"7797",
"8319",
"9006",
"8857",
"8995",
"8555",
"8360",
"7458",
"7071",
"6587",
"5800",
"5084",
"4414",
"3836",
"3391",
"2733",
"2481",
"2088",
"1831",
"1616",
"1472",
"1351",
"1394",
"1324",
"1424",
"1524",
"1771",
"1811",
"2047",
"2174",
"2167",
"2060",
"2084",
"2033",
"1948",
"1635",
"1633",
"1298",
"1212",
"938",
"813",
"709",
"611",
"508",
"414",
"432",
"377",
"401",
"358",
"428",
"463",
"529",
"591",
"673",
"805",
"885",
"968",
"1026",
"1072",
"1053",
"1101",
"1119",
"1111",
"973",
"923",
"824",
"717",
"702",
"550",
"443",
"430",
"375",
"322",
"302",
"327",
"353",
"346",
"397",
"449",
"480",
"480",
"584",
"659",
"686",
"723",
"787",
"699",
"707",
"646",
"665",
"564",
"561",
"500",
"412",
"387",
"319",
"277",
"283",
"259",
"208",
"199",
"197",
"173",
"157",
"117",
"123",
"129",
"114",
"125",
"104",
"113",
"85",
"94",
"87",
"105",
"87",
"109",
"86",
"114",
"129",
"109",
"104",
"97",
"100",
"102",
"126",
"114",
"87",
"106",
"118",
"102",
"111",
"99",
"113",
"96",
"107",
"90",
"112",
"104",
"104",
"104",
"120",
"123",
"105",
"102",
"118",
"121",
"118",
"124",
"105",
"90",
"116",
"129",
"98",
"117",
"147",
"119",
"125",
"138",
"108",
"117",
"130",
"148",
"131",
"136",
"122",
"146",
"135",
"134",
"126",
"143",
"130",
"134",
"125",
"154",
"148",
"170",
"134",
"136",
"137",
"135",
"174",
"140",
"159",
"121",
"176",
"173",
"143",
"172",
"150",
"141",
"148",
"153",
"151",
"167",
"172",
"173",
"187",
"179",
"169",
"187",
"199",
"199",
"193",
"209",
"220",
"239",
"193",
"228",
"232",
"216",
"231",
"221",
"223",
"227",
"220",
"252",
"220",
"230",
"260",
"232",
"239",
"221",
"217",
"208",
"248",
"234",
"210",
"209",
"199",
"210",
"223",
"236",
"228",
"188",
"185",
"221",
"199",
"208",
"206",
"233",
"199",
"230",
"206",
"220",
"206",
"227",
"191",
"223",
"207",
"206",
"211",
"181",
"249",
"230",
"217",
"223",
"235",
"225",
"220",
"219",
"228",
"243",
"228",
"199",
"258",
"218",
"231",
"214",
"216",
"242",
"206",
"226",
"241",
"219",
"250",
"200",
"210",
"206",
"213",
"208",
"209",
"204",
"200",
"196",
"219",
"209",
"207",
"228",
"200",
"228",
"203",
"221",
"214",
"194",
"197",
"209",
"215",
"243",
"198",
"224",
"224",
"188",
"203",
"208",
"230",
"211",
"204",
"228",
"223",
"224",
"231",
"194",
"216",
"210",
"214",
"207",
"217",
"230",
"205",
"207",
"206",
"215",
"202",
"217",
"199",
"223",
"202",
"189",
"220",
"241",
"201",
"225",
"238",
"226",
"200",
"222",
"226",
"224",
"221",
"205",
"215",
"235",
"216",
"203",
"208",
"218",
"204",
"218",
"190",
"222",
"224",
"209",
"216",
"203",
"239",
"216",
"210",
"221",
"231",
"259",
"243",
"233",
"260",
"262",
"275",
"271",
"236",
"262",
"266",
"267",
"270",
"250",
"286",
"276",
"276",
"287",
"309",
"294",
"315",
"292",
"328",
"334",
"323",
"328",
"337",
"294",
"262",
"294",
"305",
"289",
"298",
"299",
"285",
"275",
"254",
"253",
"255",
"248",
"247",
"217",
"253",
"264",
"242",
"259",
"248",
"274",
"222",
"258",
"240",
"239",
"274",
"301",
"247",
"258",
"238",
"258",
"250",
"267",
"252",
"267",
"262",
"266",
"248",
"238",
"265",
"258",
"267",
"291",
"277",
"287",
"262",
"293",
"277",
"271",
"309",
"346",
"332",
"368",
"294",
"373",
"374",
"351",
"324",
"307",
"346",
"342",
"307",
"322",
"326",
"287",
"301",
"288",
"303",
"277",
"255",
"254",
"269",
"261",
"240",
"262",
"235",
"227",
"266",
"214",
"250",
"253",
"244",
"231",
"266",
"257",
"230",
"251",
"251",
"233",
"252",
"220",
"232",
"260",
"224",
"228",
"240",
"226",
"247",
"238",
"223",
"261",
"237",
"234",
"274",
"271",
"221",
"242",
"237",
"268",
"241",
"230",
"242",
"266",
"232",
"269",
"227",
"253",
"244",
"223",
"240",
"219",
"218",
"220",
"242",
"234",
"230",
"245",
"207",
"218",
"252",
"207",
"235",
"232",
"217",
"232",
"243",
"240",
"244",
"251",
"244",
"237",
"239",
"205",
"291",
"239",
"224",
"240",
"252",
"233",
"226",
"265",
"228",
"209",
"236",
"230",
"233",
"254",
"224",
"241",
"227",
"252",
"207",
"218",
"224",
"244",
"240",
"206",
"253",
"226",
"232",
"253",
"255",
"240",
"211",
"190",
"217",
"213",
"235",
"221",
"232",
"218",
"221",
"235",
"237",
"218",
"214",
"240",
"256",
"255",
"220",
"215",
"217",
"218",
"234",
"226",
"260",
"232",
"228",
"271",
"271",
"245",
"247",
"235",
"254",
"218",
"247",
"219",
"221",
"256",
"259",
"240",
"251",
"205",
"249",
"257",
"250",
"245",
"222",
"260",
"244",
"242",
"272",
"227",
"249",
"248",
"260",
"233",
"210",
"242",
"247",
"235",
"222",
"230",
"214",
"226",
"230",
"216",
"235",
"216",
"216",
"253",
"201",
"234",
"207",
"239",
"185",
"233",
"202",
"209",
"235",
"215",
"231",
"236",
"209",
"207",
"227",
"204",
"208",
"208",
"222",
"207",
"208",
"234",
"222",
"194",
"227",
"221",
"239",
"200",
"206",
"238",
"209",
"262",
"223",
"219",
"221",
"216",
"219",
"233",
"226",
"218",
"228",
"232",
"233",
"241",
"208",
"214",
"226",
"211",
"235",
"227",
"214",
"244",
"197",
"216",
"217",
"237",
"235",
"227",
"205",
"236",
"221",
"213",
"218",
"239",
"209",
"249",
"225",
"214",
"235",
"225",
"228",
"244",
"235",
"231",
"231",
"249",
"238",
"260",
"226",
"236",
"220",
"221",
"218",
"235",
"233",
"219",
"213",
"227",
"216",
"241",
"207",
"233",
"220",
"217",
"233",
"218",
"225",
"175",
"235",
"217",
"218",
"247",
"216",
"235",
"268",
"250",
"224",
"204",
"233",
"251",
"189",
"233",
"222",
"241",
"221",
"221",
"215",
"210",
"209",
"235",
"217",
"217",
"211",
"231",
"201",
"206",
"217",
"221",
"201",
"218",
"216",
"233",
"194",
"211",
"221",
"187",
"222",
"207",
"224",
"221",
"213",
"236",
"180",
"193",
"205",
"203",
"201",
"191",
"211",
"220",
"223",
"228",
"231",
"185",
"179",
"220",
"221",
"217",
"207",
"211",
"220",
"189",
"193",
"193",
"221",
"230",
"223",
"226",
"204",
"214",
"215",
"209",
"188",
"204",
"185",
"200",
"186",
"214",
"179",
"240",
"223",
"183",
"222",
"203",
"189",
"199",
"172",
"203",
"228",
"205",
"223",
"197",
"198",
"176",
"193",
"206",
"190",
"218",
"194",
"232",
"198",
"208",
"205",
"216",
"225",
"185",
"222",
"218",
"169",
"182",
"205",
"207",
"182",
"176",
"191",
"189",
"214",
"192",
"193",
"237",
"204",
"180",
"193",
"198",
"213",
"186",
"202",
"197",
"201",
"189",
"218",
"192",
"174",
"191",
"194",
"194",
"227",
"182",
"210",
"176",
"175",
"207",
"213",
"163",
"162",
"184",
"209",
"201",
"177",
"204",
"198",
"213",
"185",
"193",
"190",
"190",
"184",
"183",
"198",
"180",
"156",
"197",
"190",
"162",
"180",
"184",
"190",
"197",
"184",
"175",
"184",
"181",
"187",
"177",
"200",
"211",
"209",
"187",
"175",
"204",
"182",
"203",
"216",
"203",
"157",
"172",
"177",
"184",
"180",
"184",
"203",
"196",
"209",
"198",
"175",
"203",
"179",
"188",
"199",
"177",
"210",
"174",
"172",
"183",
"185",
"168",
"194",
"170",
"196",
"207",
"203",
"174",
"175",
"181",
"200",
"193",
"168",
"180",
"167",
"175",
"193",
"193",
"197",
"168",
"153",
"187",
"197",
"184",
"182",
"187",
"197",
"189",
"171",
"166",
"181",
"203",
"176",
"150",
"204",
"187",
"160",
"190",
"193",
"189",
"206",
"187",
"177",
"193",
"150",
"187",
"179",
"185",
"196",
"185",
"165",
"182",
"165",
"148",
"187",
"164",
"169",
"184",
"183",
"156",
"173",
"171",
"191",
"167",
"194",
"175",
"194",
"197",
"181",
"192",
"180",
"173",
"170",
"188",
"185",
"183",
"171",
"162",
"139",
"168",
"145",
"160",
"169",
"185",
"145",
"162",
"167",
"170",
"166",
"153",
"159",
"174",
"155",
"174",
"190",
"150",
"167",
"185",
"176",
"156",
"174",
"153",
"191",
"163",
"168",
"179",
"182",
"176",
"146",
"171",
"190",
"166",
"173",
"171",
"174",
"157",
"174",
"167",
"187",
"192",
"182",
"194",
"184",
"145",
"158",
"172",
"177",
"182",
"156",
"170",
"158",
"175",
"172",
"156",
"151",
"167",
"158",
"166",
"171",
"165",
"176",
"160",
"155",
"157",
"159",
"181",
"175",
"186",
"148",
"147",
"165",
"150",
"170",
"171",
"164",
"162",
"148",
"162",
"186",
"155",
"154",
"142",
"146",
"132",
"154",
"167",
"151",
"136",
"174",
"167",
"184",
"172",
"151",
"164",
"169",
"158",
"145",
"164",
"148",
"173",
"150",
"171",
"156",
"149",
"162",
"167",
"174",
"167",
"163",
"136",
"175",
"172",
"155",
"138",
"166",
"162",
"162",
"137",
"150",
"164",
"172",
"165",
"166",
"162",
"148",
"146",
"183",
"174",
"156",
"158",
"145",
"147",
"132",
"165",
"162",
"149",
"141",
"148",
"155",
"154",
"145",
"136",
"143",
"162",
"163",
"158",
"152",
"157",
"137",
"147",
"166",
"143",
"143",
"171",
"154",
"167",
"170",
"152",
"168",
"140",
"155",
"169",
"149",
"148",
"164",
"168",
"167",
"135",
"140",
"143",
"166",
"167",
"160",
"130",
"133",
"143",
"143",
"172",
"172",
"132",
"136",
"147",
"133",
"147",
"163",
"142",
"167",
"123",
"136",
"148",
"160",
"160",
"169",
"156",
"146",
"150",
"135",
"141",
"137",
"149",
"138",
"143",
"166",
"152",
"136",
"128",
"131",
"175",
"147",
"159",
"151",
"123",
"130",
"130",
"136",
"128",
"148",
"154",
"139",
"146",
"143",
"151",
"157",
"141",
"125",
"157",
"139",
"170",
"132",
"132",
"154",
"146",
"136",
"136",
"139",
"147",
"153",
"119",
"143",
"124",
"156",
"131",
"159",
"137",
"139",
"136",
"140",
"156",
"148",
"129",
"158",
"124",
"151",
"136",
"160",
"133",
"132",
"133",
"138",
"155",
"124",
"142",
"139",
"148",
"137",
"137",
"154",
"160",
"132",
"129",
"154",
"142",
"132",
"137",
"129",
"141",
"172",
"135",
"145",
"146",
"143",
"140",
"138",
"142",
"142",
"145",
"162",
"136",
"141",
"133",
"121",
"121",
"121",
"151",
"125",
"137",
"142",
"143",
"135",
"149",
"130",
"136",
"141",
"171",
"136",
"133",
"143",
"125",
"137",
"132",
"138",
"132",
"128",
"149",
"135",
"139",
"129",
"122",
"148",
"122",
"154",
"138",
"155",
"135",
"136",
"176",
"151",
"143",
"114",
"115",
"130",
"137",
"125",
"156",
"143",
"150",
"140",
"138",
"133",
"138",
"150",
"155",
"128",
"141",
"128",
"132",
"148",
"129",
"122",
"143",
"151",
"128",
"134",
"117",
"142",
"131",
"124",
"158",
"163",
"134",
"145",
"131",
"174",
"148",
"137",
"155",
"153",
"158",
"148",
"122",
"146",
"141",
"155",
"165",
"137",
"151",
"150",
"169",
"149",
"137",
"140",
"119",
"143",
"159",
"153",
"132",
"152",
"172",
"158",
"149",
"162",
"155",
"149",
"160",
"165",
"164",
"182",
"134",
"158",
"169",
"165",
"179",
"167",
"157",
"162",
"163",
"163",
"169",
"158",
"186",
"183",
"179",
"156",
"202",
"173",
"165",
"210",
"184",
"205",
"199",
"184",
"185",
"179",
"188",
"209",
"209",
"221",
"199",
"206",
"233",
"227",
"218",
"216",
"234",
"220",
"273",
"254",
"239",
"272",
"271",
"269",
"287",
"296",
"300",
"315",
"300",
"385",
"317",
"349",
"334",
"370",
"419",
"377",
"420",
"426",
"448",
"454",
"445",
"521",
"524",
"527",
"561",
"617",
"622",
"669",
"626",
"676",
"673",
"668",
"728",
"772",
"777",
"781",
"799",
"797",
"802",
"862",
"870",
"867",
"932",
"883",
"897",
"951",
"877",
"927",
"928",
"964",
"943",
"892",
"824",
"1002",
"964",
"896",
"826",
"906",
"884",
"893",
"815",
"899",
"801",
"768",
"765",
"804",
"752",
"745",
"664",
"685",
"681",
"676",
"607",
"636",
"597",
"591",
"561",
"581",
"533",
"517",
"462",
"476",
"486",
"413",
"369",
"452",
"407",
"410",
"384",
"361",
"329",
"322",
"316",
"303",
"295",
"287",
"260",
"284",
"270",
"231",
"224",
"271",
"237",
"252",
"207",
"266",
"192",
"188",
"204",
"222",
"205",
"248",
"197",
"222",
"247",
"221",
"210",
"260",
"274",
"245",
"265",
"322",
"305",
"310",
"339",
"358",
"354",
"392",
"397",
"426",
"436",
"459",
"412",
"507",
"517",
"500",
"509",
"529",
"513",
"519",
"530",
"561",
"497",
"502",
"493",
"560",
"459",
"459",
"425",
"507",
"432",
"422",
"372",
"402",
"321",
"300",
"330",
"327",
"298",
"257",
"259",
"265",
"198",
"236",
"190",
"210",
"184",
"171",
"156",
"142",
"137",
"134",
"124",
"169",
"117",
"126",
"126",
"121",
"121",
"116",
"110429",
"Channel_info_start",
"Channel : Mg",
"Points : 0",
"Range : 0.000000 - 0.000000",
"Step : 0.010000",
"Channel_info_end",
"Channel_info_start",
"Channel : Al",
"Points : 0",
"Range : 0.000000 - 0.000000",
"Step : 0.010000",
"Channel_info_end",
"Channel_info_start",
"Channel : Si",
"Points : 0",
"Range : 0.000000 - 0.000000",
"Step : 0.010000",
"Channel_info_end",
"Channel_info_start",
"Channel : P ",
"Points : 0",
"Range : 0.000000 - 0.000000",
"Step : 0.010000",
"Channel_info_end",
"Channel_info_start",
"Channel : S ",
"Points : 0",
"Range : 0.000000 - 0.000000",
"Step : 0.010000",
"Channel_info_end",
"Channel_info_start",
"Channel : Cl",
"Points : 0",
"Range : 0.000000 - 0.000000",
"Step : 0.010000",
"Channel_info_end",
"Channel_info_start",
"Channel : K ",
"Points : 0",
"Range : 0.000000 - 0.000000",
"Step : 0.010000",
"Channel_info_end",
"Channel_info_start",
"Channel : Ca",
"Points : 0",
"Range : 0.000000 - 0.000000",
"Step : 0.010000",
"Channel_info_end",
"Channel_info_start",
"Channel : Ti",
"Points : 0",
"Range : 0.000000 - 0.000000",
"Step : 0.010000",
"Channel_info_end",
"Channel_info_start",
"Channel : V ",
"Points : 0",
"Range : 0.000000 - 0.000000",
"Step : 0.010000",
"Channel_info_end",
"Channel_info_start",
"Channel : Cr",
"Points : 0",
"Range : 0.000000 - 0.000000",
"Step : 0.010000",
"Channel_info_end",
"Channel_info_start",
"Channel : Mn",
"Points : 0",
"Range : 0.000000 - 0.000000",
"Step : 0.010000",
"Channel_info_end",
"Channel_info_start",
"Channel : Fe",
"Points : 0",
"Range : 0.000000 - 0.000000",
"Step : 0.010000",
"Channel_info_end",
"Channel_info_start",
"Channel : Cu",
"Points : 0",
"Range : 0.000000 - 0.000000",
"Step : 0.010000",
"Channel_info_end",
"Channel_info_start",
"Channel : Zn",
"Points : 0",
"Range : 0.000000 - 0.000000",
"Step : 0.010000",
"Channel_info_end",
"Channel_info_start",
"Channel : Sr",
"Points : 0",
"Range : 0.000000 - 0.000000",
"Step : 0.010000",
"Channel_info_end",
"Channel_info_start",
"Channel : Pb",
"Points : 0",
"Range : 0.000000 - 0.000000",
"Step : 0.010000",
"Channel_info_end",
"",
"Qualitative Result",
"--------------------------------------------------------------------------------",
"Element :  Al, P , I , Ca, Rh",
"",
"Peak List",
"--------------------------------------------------------------------------------",
"Channel               Line        keV     Net Int.(cps/uA)",
"--------------------------------------------------------------------------------",
"Na                    AlKa         1.54     0.010",
"                      P Ka         1.99     0.018",
"                      I LaESC      2.19     0.011",
"                      ----         3.30     0.837",
"                      CaKa         3.67     0.238",
"                      I La         3.92     1.587",
"                      CaKb         4.01     0.033",
"                      I Lb1        4.22     1.049",
"                      I Lb2        4.51     0.190",
"                      I Lg1        4.79     0.096",
"                      I Lg2        5.04     0.070",
"                      ----         8.01     0.016",
"                      ----         8.59     0.018",
"                      RhKaC       19.12     0.126",
"                      ----        19.42     0.061",
"                      RhKa        20.05     0.072",
"--------------------------------------------------------------------------------",
"",
"Quantitative Result",
"--------------------------------------------------------------------------------",
"Analyte               Result             Std.Dev. Proc.-Calc. Line Intensity(cps/uA)",
"--------------------------------------------------------------------------------",
"====[No. 1 Layer]====< Layer1               >===============================",
"Layer1                   0.000 ug/cm2    -------- Flux       -------- --------",
