"Sample    : mn_34675_16p",
"Operator  : ",
"Comment  : micromater umn 55.4g/cm2",
"Group     : kerr2007ab13liv300al",
"Date       : 2013-03-06 18:05:37",
"",
"Mesurement Condition",
"------------------------------------------------------------------------------------",
"Instrument : 700HS2   Atmosphere : Vac.   Collimator : 10(mm)   Spin : No",
"------------------------------------------------------------------------------------",
"Analyte               TG kV   uA      FI Acq.(keV)  Anal.(keV)  Time(sec)     DT(%)",
"------------------------------------------------------------------------------------",
"Na                    Rh 50  237-Auto Al  0 - 20    0.8 - 1.2   Live -  179   21",
"",
"<Profile>",
"Channel_info_start",
"Channel : Na",
"Points : 2048",
"Range : 0.000000 - 20.480000",
"Step : 0.010000",
"Channel_info_end",
"0",
"0",
"0",
"0",
"0",
"0",
"0",
"0",
"0",
"0",
"0",
"0",
"0",
"0",
"0",
"0",
"0",
"0",
"0",
"0",
"0",
"0",
"0",
"0",
"0",
"0",
"0",
"0",
"0",
"1",
"12",
"20",
"17",
"10",
"13",
"20",
"19",
"10",
"17",
"21",
"11",
"15",
"14",
"17",
"14",
"29",
"16",
"18",
"20",
"19",
"12",
"18",
"17",
"14",
"20",
"11",
"10",
"14",
"14",
"15",
"25",
"21",
"12",
"20",
"15",
"19",
"19",
"21",
"24",
"13",
"15",
"21",
"15",
"14",
"13",
"12",
"17",
"16",
"15",
"15",
"10",
"14",
"13",
"13",
"15",
"22",
"17",
"13",
"16",
"17",
"14",
"10",
"15",
"12",
"11",
"17",
"12",
"11",
"15",
"13",
"14",
"14",
"13",
"15",
"13",
"12",
"16",
"21",
"14",
"11",
"13",
"15",
"15",
"10",
"11",
"17",
"11",
"20",
"15",
"17",
"15",
"18",
"15",
"16",
"17",
"15",
"18",
"16",
"20",
"15",
"20",
"25",
"14",
"17",
"13",
"17",
"16",
"21",
"20",
"13",
"21",
"24",
"24",
"27",
"27",
"21",
"20",
"27",
"36",
"30",
"19",
"17",
"16",
"28",
"26",
"20",
"15",
"25",
"32",
"22",
"15",
"17",
"18",
"16",
"14",
"14",
"14",
"24",
"19",
"29",
"24",
"25",
"20",
"19",
"27",
"21",
"26",
"24",
"19",
"14",
"29",
"31",
"14",
"22",
"25",
"19",
"28",
"20",
"26",
"26",
"21",
"40",
"48",
"63",
"46",
"58",
"75",
"81",
"95",
"106",
"81",
"100",
"69",
"76",
"58",
"71",
"47",
"46",
"37",
"36",
"30",
"19",
"31",
"20",
"14",
"21",
"21",
"19",
"16",
"16",
"16",
"25",
"18",
"16",
"26",
"19",
"24",
"15",
"12",
"15",
"13",
"16",
"15",
"10",
"16",
"21",
"17",
"16",
"21",
"17",
"17",
"14",
"18",
"18",
"9",
"14",
"16",
"15",
"19",
"22",
"9",
"15",
"19",
"20",
"19",
"16",
"11",
"16",
"24",
"25",
"18",
"21",
"19",
"20",
"24",
"22",
"24",
"22",
"20",
"26",
"26",
"24",
"14",
"20",
"22",
"22",
"22",
"22",
"25",
"25",
"15",
"22",
"25",
"20",
"22",
"27",
"27",
"19",
"26",
"25",
"18",
"26",
"21",
"21",
"27",
"24",
"19",
"16",
"19",
"17",
"22",
"17",
"22",
"24",
"21",
"19",
"21",
"33",
"22",
"17",
"26",
"17",
"21",
"19",
"13",
"18",
"16",
"27",
"25",
"28",
"19",
"21",
"21",
"15",
"18",
"15",
"29",
"35",
"17",
"30",
"22",
"17",
"30",
"22",
"31",
"26",
"31",
"17",
"32",
"25",
"18",
"26",
"29",
"32",
"30",
"25",
"33",
"35",
"44",
"30",
"48",
"55",
"49",
"51",
"77",
"90",
"100",
"162",
"192",
"305",
"332",
"421",
"528",
"623",
"728",
"866",
"901",
"1007",
"989",
"950",
"885",
"776",
"724",
"595",
"513",
"452",
"360",
"249",
"205",
"179",
"128",
"94",
"72",
"74",
"57",
"67",
"56",
"56",
"68",
"64",
"63",
"76",
"87",
"100",
"129",
"125",
"118",
"170",
"145",
"166",
"159",
"184",
"174",
"216",
"211",
"183",
"213",
"201",
"241",
"257",
"263",
"248",
"276",
"266",
"256",
"272",
"264",
"207",
"207",
"168",
"193",
"134",
"109",
"93",
"81",
"86",
"63",
"47",
"47",
"55",
"59",
"49",
"63",
"56",
"50",
"58",
"51",
"64",
"62",
"68",
"62",
"64",
"55",
"52",
"58",
"67",
"78",
"67",
"62",
"60",
"51",
"60",
"77",
"81",
"67",
"80",
"64",
"88",
"78",
"93",
"74",
"94",
"81",
"87",
"64",
"105",
"90",
"84",
"109",
"106",
"97",
"102",
"103",
"105",
"90",
"86",
"107",
"106",
"76",
"102",
"108",
"98",
"97",
"90",
"72",
"98",
"86",
"90",
"89",
"78",
"90",
"80",
"93",
"88",
"86",
"103",
"95",
"91",
"94",
"91",
"78",
"100",
"97",
"104",
"104",
"99",
"82",
"99",
"107",
"110",
"94",
"100",
"123",
"94",
"92",
"100",
"94",
"100",
"88",
"107",
"98",
"84",
"96",
"118",
"104",
"92",
"83",
"96",
"96",
"104",
"90",
"100",
"123",
"109",
"115",
"114",
"108",
"114",
"133",
"111",
"118",
"125",
"137",
"146",
"126",
"141",
"136",
"135",
"152",
"154",
"157",
"154",
"144",
"159",
"158",
"177",
"195",
"198",
"213",
"215",
"261",
"241",
"250",
"266",
"331",
"349",
"413",
"507",
"661",
"824",
"1146",
"1657",
"2310",
"3361",
"4632",
"6698",
"8714",
"11669",
"14664",
"19073",
"23254",
"28362",
"32547",
"37806",
"41912",
"46581",
"48007",
"50716",
"51706",
"51327",
"48450",
"47662",
"42415",
"38679",
"32630",
"28300",
"23964",
"19452",
"14951",
"12203",
"9222",
"6675",
"4835",
"3414",
"2502",
"1666",
"1179",
"767",
"582",
"449",
"311",
"236",
"242",
"185",
"217",
"214",
"173",
"173",
"184",
"198",
"215",
"203",
"226",
"221",
"274",
"247",
"289",
"297",
"382",
"414",
"504",
"654",
"787",
"1012",
"1213",
"1496",
"1922",
"2263",
"2703",
"3388",
"3780",
"4562",
"4960",
"5502",
"5963",
"6186",
"6225",
"6635",
"6519",
"6344",
"5878",
"5554",
"5087",
"4453",
"3910",
"3495",
"2827",
"2480",
"1808",
"1549",
"1183",
"936",
"641",
"558",
"411",
"290",
"220",
"195",
"145",
"130",
"107",
"97",
"114",
"94",
"72",
"76",
"68",
"88",
"81",
"76",
"94",
"80",
"62",
"81",
"82",
"87",
"86",
"77",
"65",
"89",
"76",
"72",
"78",
"83",
"77",
"97",
"91",
"76",
"90",
"96",
"83",
"87",
"88",
"74",
"72",
"68",
"75",
"77",
"81",
"67",
"99",
"72",
"64",
"83",
"74",
"74",
"59",
"74",
"74",
"88",
"86",
"75",
"83",
"76",
"82",
"71",
"69",
"91",
"69",
"93",
"84",
"87",
"77",
"78",
"86",
"78",
"94",
"79",
"87",
"82",
"99",
"80",
"78",
"76",
"92",
"87",
"66",
"78",
"87",
"96",
"78",
"105",
"87",
"83",
"79",
"76",
"87",
"81",
"66",
"86",
"88",
"95",
"76",
"76",
"74",
"74",
"75",
"84",
"79",
"78",
"63",
"82",
"84",
"68",
"76",
"77",
"96",
"102",
"72",
"77",
"93",
"92",
"91",
"88",
"78",
"103",
"76",
"87",
"75",
"108",
"88",
"80",
"95",
"113",
"97",
"118",
"93",
"96",
"106",
"117",
"99",
"106",
"106",
"108",
"100",
"110",
"119",
"112",
"89",
"114",
"93",
"84",
"102",
"74",
"76",
"84",
"78",
"78",
"77",
"95",
"82",
"89",
"113",
"71",
"67",
"74",
"74",
"73",
"91",
"104",
"77",
"93",
"78",
"115",
"98",
"73",
"88",
"81",
"84",
"105",
"83",
"77",
"83",
"78",
"88",
"78",
"95",
"87",
"117",
"89",
"120",
"117",
"119",
"140",
"105",
"112",
"121",
"120",
"137",
"114",
"142",
"117",
"114",
"134",
"127",
"112",
"137",
"118",
"91",
"137",
"97",
"89",
"122",
"86",
"93",
"79",
"98",
"87",
"95",
"89",
"91",
"79",
"88",
"68",
"71",
"78",
"96",
"95",
"76",
"76",
"95",
"90",
"77",
"65",
"77",
"91",
"88",
"76",
"86",
"78",
"84",
"86",
"94",
"67",
"74",
"79",
"79",
"72",
"61",
"87",
"76",
"83",
"95",
"105",
"77",
"97",
"90",
"106",
"90",
"92",
"84",
"81",
"77",
"93",
"75",
"90",
"78",
"77",
"78",
"91",
"92",
"90",
"92",
"75",
"81",
"74",
"88",
"81",
"93",
"98",
"82",
"95",
"98",
"68",
"91",
"95",
"114",
"100",
"82",
"92",
"117",
"130",
"111",
"103",
"100",
"111",
"87",
"88",
"94",
"100",
"103",
"128",
"98",
"102",
"103",
"94",
"77",
"98",
"97",
"86",
"82",
"91",
"93",
"95",
"82",
"112",
"104",
"90",
"94",
"83",
"79",
"106",
"82",
"82",
"77",
"81",
"97",
"77",
"84",
"95",
"75",
"86",
"75",
"83",
"92",
"81",
"82",
"93",
"71",
"73",
"92",
"94",
"76",
"76",
"90",
"83",
"91",
"77",
"79",
"91",
"84",
"97",
"86",
"89",
"76",
"77",
"77",
"86",
"93",
"89",
"112",
"102",
"73",
"61",
"94",
"76",
"80",
"89",
"87",
"78",
"79",
"80",
"82",
"80",
"77",
"95",
"91",
"74",
"74",
"81",
"69",
"78",
"76",
"81",
"76",
"76",
"77",
"66",
"78",
"64",
"74",
"88",
"91",
"78",
"78",
"82",
"88",
"79",
"89",
"83",
"92",
"87",
"79",
"77",
"63",
"69",
"77",
"90",
"75",
"73",
"80",
"79",
"80",
"81",
"76",
"72",
"90",
"68",
"68",
"83",
"84",
"77",
"95",
"90",
"84",
"76",
"83",
"97",
"86",
"82",
"97",
"79",
"57",
"82",
"78",
"66",
"68",
"71",
"60",
"69",
"84",
"80",
"75",
"81",
"87",
"83",
"66",
"68",
"94",
"90",
"96",
"83",
"93",
"66",
"74",
"89",
"88",
"84",
"74",
"76",
"74",
"95",
"86",
"83",
"73",
"77",
"86",
"96",
"86",
"87",
"71",
"77",
"80",
"88",
"79",
"69",
"88",
"88",
"77",
"73",
"71",
"87",
"96",
"72",
"82",
"79",
"75",
"82",
"76",
"71",
"84",
"79",
"80",
"74",
"86",
"82",
"84",
"94",
"95",
"100",
"105",
"87",
"105",
"98",
"109",
"139",
"133",
"137",
"145",
"148",
"128",
"162",
"158",
"173",
"168",
"155",
"169",
"192",
"198",
"190",
"167",
"172",
"173",
"180",
"139",
"128",
"127",
"145",
"137",
"129",
"127",
"114",
"137",
"111",
"90",
"86",
"91",
"91",
"88",
"86",
"73",
"90",
"63",
"79",
"93",
"78",
"76",
"81",
"76",
"90",
"59",
"74",
"67",
"84",
"82",
"79",
"71",
"81",
"82",
"81",
"63",
"71",
"93",
"82",
"82",
"99",
"89",
"99",
"100",
"105",
"105",
"95",
"79",
"90",
"103",
"100",
"108",
"90",
"103",
"77",
"99",
"96",
"112",
"106",
"109",
"92",
"84",
"83",
"86",
"81",
"76",
"88",
"78",
"79",
"64",
"82",
"79",
"60",
"67",
"81",
"75",
"68",
"66",
"88",
"78",
"66",
"59",
"71",
"61",
"61",
"68",
"68",
"77",
"74",
"72",
"66",
"79",
"59",
"71",
"76",
"88",
"71",
"89",
"73",
"79",
"90",
"81",
"77",
"67",
"63",
"63",
"58",
"87",
"73",
"78",
"66",
"83",
"77",
"74",
"69",
"78",
"60",
"74",
"69",
"76",
"67",
"83",
"58",
"76",
"80",
"65",
"63",
"63",
"67",
"67",
"76",
"80",
"79",
"80",
"59",
"69",
"62",
"64",
"71",
"77",
"55",
"76",
"52",
"80",
"82",
"72",
"60",
"55",
"67",
"56",
"69",
"78",
"78",
"72",
"57",
"78",
"68",
"65",
"68",
"71",
"66",
"83",
"58",
"67",
"62",
"55",
"66",
"66",
"57",
"66",
"78",
"76",
"59",
"66",
"62",
"73",
"65",
"62",
"66",
"78",
"90",
"49",
"69",
"73",
"61",
"82",
"74",
"64",
"80",
"58",
"58",
"68",
"69",
"65",
"67",
"72",
"64",
"60",
"61",
"68",
"58",
"64",
"64",
"76",
"73",
"65",
"72",
"60",
"79",
"55",
"58",
"67",
"53",
"64",
"79",
"61",
"63",
"60",
"55",
"76",
"56",
"56",
"60",
"77",
"63",
"73",
"69",
"74",
"49",
"56",
"65",
"74",
"68",
"67",
"67",
"84",
"67",
"71",
"76",
"65",
"62",
"56",
"72",
"73",
"66",
"69",
"55",
"76",
"69",
"65",
"68",
"62",
"63",
"56",
"61",
"82",
"66",
"72",
"67",
"60",
"65",
"67",
"56",
"57",
"74",
"56",
"51",
"68",
"58",
"51",
"62",
"61",
"64",
"51",
"61",
"52",
"73",
"59",
"50",
"63",
"67",
"71",
"47",
"72",
"60",
"63",
"63",
"56",
"65",
"57",
"67",
"52",
"71",
"64",
"63",
"60",
"60",
"63",
"49",
"67",
"59",
"63",
"67",
"57",
"73",
"53",
"50",
"55",
"66",
"73",
"57",
"51",
"62",
"47",
"81",
"65",
"67",
"65",
"52",
"67",
"63",
"80",
"40",
"66",
"58",
"61",
"50",
"47",
"58",
"51",
"42",
"58",
"61",
"57",
"47",
"49",
"58",
"46",
"60",
"57",
"62",
"56",
"59",
"48",
"47",
"68",
"68",
"79",
"59",
"72",
"49",
"64",
"63",
"59",
"48",
"33",
"66",
"59",
"59",
"62",
"74",
"71",
"61",
"47",
"74",
"56",
"63",
"60",
"53",
"69",
"63",
"59",
"71",
"58",
"82",
"47",
"56",
"52",
"53",
"53",
"68",
"56",
"60",
"61",
"60",
"57",
"53",
"52",
"56",
"66",
"56",
"61",
"56",
"61",
"50",
"60",
"61",
"58",
"57",
"59",
"72",
"66",
"53",
"57",
"56",
"65",
"61",
"62",
"69",
"64",
"65",
"49",
"63",
"63",
"55",
"64",
"46",
"55",
"67",
"52",
"66",
"67",
"46",
"52",
"51",
"53",
"43",
"61",
"58",
"61",
"52",
"57",
"49",
"59",
"52",
"49",
"41",
"60",
"56",
"44",
"57",
"53",
"47",
"49",
"53",
"59",
"59",
"64",
"55",
"42",
"51",
"52",
"56",
"55",
"48",
"68",
"56",
"60",
"53",
"49",
"66",
"60",
"55",
"51",
"58",
"61",
"64",
"48",
"62",
"48",
"44",
"63",
"56",
"56",
"36",
"63",
"68",
"55",
"67",
"60",
"55",
"64",
"60",
"53",
"65",
"55",
"48",
"53",
"71",
"49",
"42",
"60",
"68",
"57",
"62",
"45",
"53",
"41",
"61",
"38",
"56",
"46",
"59",
"57",
"65",
"55",
"53",
"56",
"50",
"53",
"45",
"53",
"52",
"52",
"46",
"49",
"43",
"58",
"52",
"59",
"49",
"51",
"58",
"60",
"50",
"59",
"62",
"40",
"47",
"46",
"50",
"61",
"37",
"45",
"55",
"42",
"41",
"50",
"60",
"50",
"55",
"56",
"55",
"61",
"64",
"49",
"42",
"55",
"49",
"49",
"58",
"60",
"47",
"59",
"48",
"55",
"59",
"65",
"36",
"48",
"73",
"48",
"56",
"43",
"62",
"46",
"64",
"56",
"67",
"34",
"42",
"60",
"46",
"46",
"50",
"61",
"43",
"55",
"59",
"56",
"44",
"44",
"62",
"61",
"53",
"59",
"49",
"60",
"63",
"57",
"59",
"50",
"58",
"47",
"55",
"58",
"52",
"55",
"46",
"56",
"55",
"55",
"52",
"61",
"55",
"50",
"51",
"55",
"50",
"53",
"40",
"69",
"52",
"44",
"52",
"50",
"53",
"42",
"56",
"55",
"66",
"59",
"69",
"48",
"56",
"44",
"65",
"59",
"52",
"72",
"50",
"55",
"52",
"64",
"67",
"51",
"64",
"57",
"62",
"56",
"65",
"62",
"68",
"67",
"62",
"59",
"68",
"55",
"53",
"66",
"55",
"77",
"74",
"72",
"75",
"80",
"77",
"63",
"65",
"68",
"73",
"68",
"63",
"78",
"80",
"83",
"81",
"67",
"79",
"75",
"75",
"94",
"79",
"72",
"77",
"90",
"91",
"71",
"105",
"105",
"77",
"96",
"103",
"111",
"81",
"100",
"92",
"106",
"94",
"133",
"112",
"105",
"127",
"112",
"138",
"174",
"151",
"138",
"125",
"197",
"168",
"198",
"182",
"221",
"214",
"223",
"230",
"249",
"247",
"237",
"243",
"256",
"258",
"270",
"265",
"284",
"280",
"321",
"309",
"287",
"324",
"291",
"321",
"331",
"334",
"358",
"338",
"387",
"341",
"363",
"366",
"381",
"380",
"393",
"331",
"374",
"365",
"378",
"332",
"340",
"315",
"295",
"324",
"347",
"335",
"307",
"309",
"298",
"323",
"284",
"284",
"298",
"267",
"230",
"266",
"265",
"259",
"199",
"205",
"254",
"206",
"206",
"175",
"182",
"167",
"146",
"168",
"192",
"159",
"151",
"134",
"158",
"122",
"159",
"119",
"121",
"111",
"95",
"114",
"114",
"86",
"97",
"98",
"88",
"114",
"87",
"110",
"95",
"92",
"98",
"83",
"92",
"77",
"76",
"73",
"76",
"81",
"79",
"107",
"92",
"92",
"82",
"104",
"100",
"114",
"127",
"126",
"143",
"136",
"127",
"141",
"171",
"171",
"159",
"146",
"188",
"176",
"172",
"173",
"159",
"203",
"177",
"155",
"200",
"203",
"170",
"149",
"201",
"190",
"174",
"122",
"197",
"129",
"166",
"131",
"130",
"112",
"108",
"107",
"118",
"96",
"82",
"97",
"82",
"57",
"72",
"73",
"47",
"83",
"56",
"71",
"57",
"48",
"66",
"42",
"60",
"61",
"38",
"46",
"67",
"53",
"59",
"25008",
"Channel_info_start",
"Channel : Mg",
"Points : 0",
"Range : 0.000000 - 0.000000",
"Step : 0.010000",
"Channel_info_end",
"Channel_info_start",
"Channel : Al",
"Points : 0",
"Range : 0.000000 - 0.000000",
"Step : 0.010000",
"Channel_info_end",
"Channel_info_start",
"Channel : Si",
"Points : 0",
"Range : 0.000000 - 0.000000",
"Step : 0.010000",
"Channel_info_end",
"Channel_info_start",
"Channel : P ",
"Points : 0",
"Range : 0.000000 - 0.000000",
"Step : 0.010000",
"Channel_info_end",
"Channel_info_start",
"Channel : S ",
"Points : 0",
"Range : 0.000000 - 0.000000",
"Step : 0.010000",
"Channel_info_end",
"Channel_info_start",
"Channel : Cl",
"Points : 0",
"Range : 0.000000 - 0.000000",
"Step : 0.010000",
"Channel_info_end",
"Channel_info_start",
"Channel : K ",
"Points : 0",
"Range : 0.000000 - 0.000000",
"Step : 0.010000",
"Channel_info_end",
"Channel_info_start",
"Channel : Ca",
"Points : 0",
"Range : 0.000000 - 0.000000",
"Step : 0.010000",
"Channel_info_end",
"Channel_info_start",
"Channel : Ti",
"Points : 0",
"Range : 0.000000 - 0.000000",
"Step : 0.010000",
"Channel_info_end",
"Channel_info_start",
"Channel : V ",
"Points : 0",
"Range : 0.000000 - 0.000000",
"Step : 0.010000",
"Channel_info_end",
"Channel_info_start",
"Channel : Cr",
"Points : 0",
"Range : 0.000000 - 0.000000",
"Step : 0.010000",
"Channel_info_end",
"Channel_info_start",
"Channel : Mn",
"Points : 0",
"Range : 0.000000 - 0.000000",
"Step : 0.010000",
"Channel_info_end",
"Channel_info_start",
"Channel : Fe",
"Points : 0",
"Range : 0.000000 - 0.000000",
"Step : 0.010000",
"Channel_info_end",
"Channel_info_start",
"Channel : Cu",
"Points : 0",
"Range : 0.000000 - 0.000000",
"Step : 0.010000",
"Channel_info_end",
"Channel_info_start",
"Channel : Zn",
"Points : 0",
"Range : 0.000000 - 0.000000",
"Step : 0.010000",
"Channel_info_end",
"Channel_info_start",
"Channel : Sr",
"Points : 0",
"Range : 0.000000 - 0.000000",
"Step : 0.010000",
"Channel_info_end",
"Channel_info_start",
"Channel : Pb",
"Points : 0",
"Range : 0.000000 - 0.000000",
"Step : 0.010000",
"Channel_info_end",
"",
"Qualitative Result",
"--------------------------------------------------------------------------------",
"Element :  P , Ca, Mn, Ru",
"",
"Peak List",
"--------------------------------------------------------------------------------",
"Channel               Line        keV     Net Int.(cps/uA)",
"--------------------------------------------------------------------------------",
"Na                    P Ka         1.98     0.023",
"                      CaKa         3.68     0.311",
"                      CaKb         4.00     0.040",
"                      MnKaESC      4.14     0.070",
"                      MnKa         5.88    18.973",
"                      MnKb         6.48     2.433",
"                      MnKaSUM     11.78     0.056",
"                      RuKa        19.17     0.147",
"                      ----        19.43     0.058",
"                      ----        19.99     0.051",
"--------------------------------------------------------------------------------",
"",
"Quantitative Result",
"--------------------------------------------------------------------------------",
"Analyte               Result             Std.Dev. Proc.-Calc. Line Intensity(cps/uA)",
"--------------------------------------------------------------------------------",
"====[No. 1 Layer]====< Layer1               >===============================",
"Layer1                   0.000 ug/cm2    -------- Flux       -------- --------",
