"Sample    : rh_1576516lamfi",
"Operator  : ",
"Comment  : micromatter rh 41.8ug/cm2",
"Group     : kerr2007ab13liv300al",
"Date       : 2013-03-07 14:13:04",
"",
"Mesurement Condition",
"------------------------------------------------------------------------------------",
"Instrument : 700HS2   Atmosphere : Vac.   Collimator : 10(mm)   Spin : No",
"------------------------------------------------------------------------------------",
"Analyte               TG kV   uA      FI Acq.(keV)  Anal.(keV)  Time(sec)     DT(%)",
"------------------------------------------------------------------------------------",
"Na                    Rh 50  530-Auto Al  0 - 20    0.8 - 1.2   Live -  179   20",
"",
"<Profile>",
"Channel_info_start",
"Channel : Na",
"Points : 2048",
"Range : 0.000000 - 20.480000",
"Step : 0.010000",
"Channel_info_end",
"0",
"0",
"0",
"0",
"0",
"0",
"0",
"0",
"0",
"0",
"0",
"0",
"0",
"0",
"0",
"0",
"0",
"0",
"0",
"0",
"0",
"0",
"0",
"0",
"0",
"0",
"1",
"0",
"1",
"1",
"36",
"76",
"79",
"51",
"73",
"66",
"64",
"58",
"49",
"66",
"70",
"65",
"66",
"55",
"66",
"66",
"78",
"44",
"58",
"70",
"76",
"68",
"75",
"62",
"85",
"55",
"68",
"63",
"56",
"49",
"65",
"77",
"75",
"78",
"56",
"61",
"73",
"62",
"56",
"79",
"64",
"71",
"62",
"58",
"70",
"59",
"55",
"69",
"79",
"85",
"82",
"81",
"78",
"98",
"88",
"93",
"95",
"133",
"127",
"174",
"190",
"196",
"207",
"212",
"240",
"228",
"257",
"214",
"197",
"202",
"159",
"171",
"140",
"140",
"157",
"141",
"150",
"148",
"150",
"171",
"153",
"155",
"132",
"141",
"151",
"140",
"127",
"115",
"104",
"97",
"111",
"95",
"92",
"96",
"91",
"126",
"95",
"112",
"110",
"99",
"83",
"107",
"94",
"104",
"79",
"82",
"84",
"93",
"83",
"84",
"87",
"94",
"96",
"114",
"95",
"83",
"90",
"111",
"80",
"106",
"56",
"81",
"79",
"78",
"88",
"79",
"85",
"76",
"83",
"61",
"92",
"73",
"83",
"81",
"79",
"92",
"71",
"79",
"71",
"87",
"72",
"83",
"91",
"73",
"93",
"82",
"64",
"71",
"88",
"90",
"81",
"75",
"70",
"59",
"70",
"87",
"84",
"75",
"83",
"91",
"98",
"96",
"115",
"119",
"116",
"116",
"173",
"160",
"169",
"188",
"158",
"206",
"146",
"185",
"160",
"172",
"134",
"121",
"123",
"130",
"123",
"127",
"122",
"115",
"117",
"120",
"135",
"131",
"158",
"149",
"170",
"170",
"171",
"185",
"193",
"188",
"208",
"272",
"263",
"332",
"329",
"414",
"458",
"485",
"519",
"536",
"627",
"654",
"570",
"599",
"531",
"586",
"492",
"474",
"476",
"451",
"423",
"448",
"436",
"450",
"437",
"450",
"459",
"523",
"559",
"721",
"805",
"1076",
"1429",
"1900",
"2557",
"3387",
"4193",
"5498",
"6234",
"7586",
"8292",
"9042",
"9694",
"9801",
"9381",
"9363",
"8274",
"7676",
"6699",
"6243",
"5584",
"5295",
"4898",
"4814",
"4734",
"4897",
"4810",
"4910",
"4697",
"4533",
"4337",
"4000",
"3713",
"3435",
"2915",
"2699",
"2323",
"2066",
"1842",
"1629",
"1429",
"1409",
"1253",
"1141",
"1026",
"1037",
"858",
"827",
"706",
"679",
"599",
"527",
"555",
"474",
"446",
"446",
"486",
"378",
"405",
"396",
"340",
"314",
"261",
"267",
"207",
"192",
"163",
"152",
"149",
"115",
"141",
"169",
"132",
"172",
"172",
"229",
"233",
"249",
"237",
"279",
"272",
"263",
"217",
"221",
"225",
"190",
"147",
"138",
"127",
"114",
"88",
"81",
"89",
"74",
"103",
"100",
"120",
"118",
"153",
"177",
"227",
"256",
"347",
"445",
"488",
"648",
"730",
"794",
"919",
"1054",
"950",
"1124",
"1149",
"1161",
"963",
"944",
"855",
"789",
"645",
"562",
"483",
"368",
"289",
"230",
"207",
"142",
"147",
"128",
"133",
"109",
"118",
"111",
"115",
"129",
"136",
"130",
"149",
"157",
"165",
"180",
"186",
"204",
"203",
"216",
"184",
"246",
"202",
"192",
"189",
"163",
"151",
"147",
"115",
"121",
"103",
"92",
"90",
"104",
"72",
"66",
"70",
"70",
"71",
"61",
"78",
"74",
"83",
"74",
"79",
"72",
"77",
"78",
"70",
"75",
"69",
"74",
"84",
"69",
"73",
"87",
"84",
"96",
"89",
"71",
"99",
"114",
"91",
"89",
"92",
"85",
"81",
"78",
"111",
"90",
"97",
"90",
"97",
"89",
"108",
"141",
"113",
"93",
"100",
"125",
"107",
"115",
"107",
"112",
"118",
"108",
"95",
"99",
"103",
"100",
"95",
"112",
"119",
"84",
"77",
"98",
"91",
"107",
"81",
"99",
"99",
"75",
"99",
"84",
"90",
"104",
"85",
"87",
"80",
"85",
"76",
"79",
"78",
"98",
"75",
"82",
"84",
"84",
"89",
"75",
"93",
"90",
"80",
"92",
"83",
"77",
"80",
"96",
"80",
"89",
"94",
"91",
"90",
"69",
"75",
"110",
"76",
"100",
"89",
"87",
"82",
"82",
"63",
"92",
"91",
"90",
"81",
"104",
"89",
"101",
"80",
"94",
"82",
"117",
"109",
"100",
"103",
"93",
"104",
"108",
"123",
"101",
"93",
"136",
"118",
"133",
"106",
"132",
"100",
"103",
"106",
"136",
"119",
"117",
"139",
"133",
"161",
"138",
"120",
"134",
"133",
"167",
"131",
"144",
"163",
"186",
"173",
"142",
"152",
"166",
"173",
"158",
"173",
"184",
"193",
"196",
"159",
"186",
"170",
"173",
"154",
"181",
"177",
"185",
"177",
"194",
"187",
"186",
"178",
"179",
"193",
"199",
"214",
"200",
"156",
"165",
"181",
"150",
"184",
"158",
"156",
"170",
"145",
"131",
"173",
"170",
"150",
"156",
"157",
"149",
"133",
"173",
"142",
"169",
"149",
"153",
"146",
"184",
"148",
"160",
"173",
"185",
"166",
"168",
"164",
"155",
"176",
"190",
"188",
"200",
"175",
"184",
"200",
"202",
"169",
"190",
"196",
"227",
"196",
"225",
"223",
"209",
"194",
"209",
"208",
"205",
"207",
"242",
"187",
"190",
"242",
"223",
"218",
"235",
"237",
"207",
"270",
"243",
"242",
"253",
"234",
"278",
"267",
"240",
"289",
"263",
"280",
"275",
"310",
"284",
"274",
"283",
"302",
"279",
"281",
"292",
"307",
"295",
"337",
"330",
"298",
"314",
"294",
"310",
"298",
"309",
"282",
"335",
"293",
"268",
"267",
"292",
"339",
"325",
"276",
"289",
"319",
"303",
"244",
"293",
"298",
"293",
"236",
"263",
"257",
"289",
"251",
"237",
"226",
"279",
"240",
"242",
"232",
"253",
"221",
"238",
"252",
"214",
"229",
"212",
"215",
"209",
"231",
"219",
"198",
"212",
"219",
"205",
"181",
"200",
"191",
"189",
"213",
"208",
"195",
"187",
"193",
"194",
"174",
"176",
"204",
"185",
"208",
"188",
"198",
"185",
"184",
"186",
"183",
"199",
"186",
"180",
"186",
"178",
"186",
"177",
"170",
"192",
"199",
"219",
"183",
"181",
"166",
"169",
"187",
"193",
"156",
"231",
"188",
"181",
"186",
"183",
"190",
"219",
"166",
"196",
"197",
"209",
"198",
"194",
"187",
"181",
"206",
"208",
"172",
"250",
"193",
"202",
"202",
"218",
"197",
"217",
"237",
"204",
"250",
"233",
"278",
"268",
"236",
"245",
"262",
"231",
"248",
"257",
"269",
"224",
"217",
"223",
"216",
"233",
"246",
"231",
"250",
"234",
"217",
"242",
"236",
"192",
"218",
"222",
"196",
"225",
"244",
"197",
"174",
"230",
"222",
"198",
"231",
"203",
"207",
"236",
"237",
"222",
"223",
"227",
"219",
"226",
"195",
"206",
"225",
"199",
"205",
"222",
"246",
"250",
"243",
"241",
"229",
"256",
"227",
"241",
"250",
"259",
"291",
"292",
"306",
"327",
"321",
"319",
"323",
"295",
"350",
"303",
"330",
"298",
"299",
"321",
"318",
"281",
"284",
"284",
"269",
"301",
"264",
"263",
"249",
"276",
"257",
"280",
"257",
"285",
"264",
"252",
"260",
"297",
"295",
"287",
"305",
"301",
"272",
"274",
"329",
"271",
"267",
"299",
"300",
"271",
"278",
"307",
"310",
"266",
"282",
"302",
"292",
"247",
"254",
"297",
"257",
"298",
"263",
"270",
"267",
"309",
"260",
"260",
"273",
"284",
"266",
"278",
"252",
"265",
"245",
"259",
"267",
"236",
"219",
"269",
"251",
"262",
"262",
"272",
"273",
"234",
"262",
"274",
"256",
"289",
"241",
"226",
"279",
"223",
"249",
"274",
"274",
"283",
"266",
"254",
"255",
"230",
"234",
"249",
"255",
"251",
"221",
"222",
"250",
"208",
"221",
"218",
"223",
"226",
"186",
"238",
"221",
"216",
"245",
"202",
"222",
"203",
"233",
"227",
"215",
"212",
"215",
"236",
"240",
"196",
"208",
"207",
"247",
"217",
"232",
"233",
"199",
"217",
"205",
"221",
"218",
"216",
"254",
"228",
"254",
"228",
"216",
"238",
"244",
"242",
"229",
"223",
"229",
"224",
"202",
"229",
"250",
"216",
"253",
"204",
"202",
"211",
"224",
"223",
"219",
"213",
"206",
"223",
"223",
"207",
"228",
"219",
"254",
"211",
"194",
"227",
"216",
"235",
"218",
"230",
"235",
"243",
"218",
"183",
"222",
"240",
"204",
"225",
"234",
"223",
"192",
"243",
"235",
"231",
"251",
"235",
"211",
"209",
"228",
"204",
"217",
"212",
"226",
"248",
"232",
"195",
"221",
"246",
"209",
"207",
"199",
"224",
"207",
"229",
"233",
"199",
"218",
"213",
"216",
"223",
"204",
"225",
"190",
"229",
"195",
"219",
"195",
"199",
"227",
"206",
"210",
"214",
"222",
"185",
"200",
"215",
"228",
"210",
"236",
"223",
"219",
"244",
"212",
"173",
"204",
"211",
"232",
"228",
"193",
"213",
"237",
"206",
"224",
"211",
"205",
"243",
"210",
"217",
"212",
"210",
"224",
"212",
"234",
"212",
"218",
"222",
"181",
"214",
"198",
"205",
"172",
"195",
"197",
"187",
"185",
"194",
"229",
"200",
"209",
"208",
"173",
"195",
"185",
"199",
"213",
"191",
"180",
"165",
"188",
"206",
"213",
"193",
"184",
"213",
"198",
"215",
"190",
"191",
"176",
"213",
"175",
"217",
"217",
"209",
"209",
"179",
"204",
"215",
"195",
"161",
"174",
"187",
"198",
"204",
"202",
"197",
"229",
"178",
"200",
"202",
"188",
"211",
"192",
"216",
"209",
"211",
"208",
"195",
"198",
"246",
"213",
"213",
"227",
"247",
"212",
"222",
"247",
"242",
"199",
"217",
"198",
"234",
"217",
"214",
"206",
"189",
"188",
"191",
"217",
"229",
"218",
"227",
"230",
"212",
"168",
"205",
"208",
"227",
"222",
"185",
"192",
"211",
"156",
"177",
"216",
"196",
"231",
"206",
"229",
"199",
"202",
"228",
"206",
"194",
"210",
"211",
"216",
"192",
"210",
"221",
"216",
"212",
"211",
"206",
"226",
"202",
"197",
"211",
"212",
"216",
"205",
"210",
"215",
"210",
"212",
"173",
"222",
"202",
"216",
"197",
"221",
"199",
"186",
"194",
"198",
"180",
"184",
"165",
"200",
"192",
"210",
"174",
"172",
"204",
"193",
"199",
"177",
"150",
"206",
"181",
"197",
"195",
"199",
"173",
"200",
"187",
"145",
"173",
"176",
"169",
"166",
"197",
"191",
"189",
"174",
"205",
"195",
"216",
"171",
"191",
"167",
"200",
"176",
"183",
"175",
"179",
"169",
"181",
"173",
"189",
"186",
"175",
"194",
"192",
"180",
"167",
"184",
"188",
"169",
"186",
"185",
"183",
"167",
"177",
"199",
"167",
"151",
"203",
"177",
"181",
"171",
"179",
"191",
"166",
"154",
"169",
"161",
"208",
"205",
"188",
"159",
"172",
"185",
"156",
"169",
"185",
"186",
"178",
"155",
"202",
"155",
"192",
"174",
"164",
"161",
"158",
"179",
"156",
"157",
"175",
"185",
"138",
"171",
"169",
"196",
"177",
"150",
"165",
"165",
"183",
"198",
"186",
"166",
"180",
"179",
"151",
"197",
"173",
"164",
"183",
"176",
"178",
"155",
"169",
"165",
"179",
"166",
"175",
"166",
"175",
"151",
"167",
"160",
"154",
"164",
"170",
"163",
"161",
"146",
"171",
"165",
"168",
"138",
"165",
"183",
"153",
"152",
"192",
"148",
"173",
"136",
"135",
"153",
"169",
"148",
"146",
"175",
"140",
"145",
"165",
"180",
"170",
"178",
"181",
"159",
"170",
"154",
"163",
"159",
"176",
"142",
"166",
"155",
"168",
"160",
"165",
"159",
"140",
"147",
"161",
"167",
"149",
"165",
"158",
"168",
"150",
"163",
"161",
"173",
"153",
"157",
"173",
"167",
"151",
"183",
"172",
"178",
"188",
"155",
"153",
"161",
"165",
"169",
"178",
"156",
"188",
"153",
"161",
"161",
"150",
"170",
"175",
"151",
"140",
"137",
"152",
"151",
"165",
"168",
"152",
"168",
"176",
"152",
"142",
"169",
"168",
"160",
"160",
"149",
"160",
"185",
"140",
"159",
"154",
"142",
"155",
"165",
"154",
"154",
"168",
"164",
"177",
"158",
"168",
"193",
"170",
"163",
"149",
"165",
"173",
"148",
"132",
"173",
"169",
"150",
"132",
"173",
"150",
"150",
"127",
"169",
"169",
"161",
"140",
"151",
"173",
"135",
"161",
"147",
"141",
"167",
"134",
"149",
"156",
"161",
"151",
"167",
"157",
"159",
"156",
"158",
"166",
"156",
"159",
"165",
"148",
"132",
"160",
"176",
"157",
"136",
"163",
"160",
"140",
"136",
"173",
"168",
"147",
"160",
"142",
"140",
"161",
"175",
"152",
"140",
"149",
"139",
"158",
"136",
"150",
"171",
"142",
"155",
"142",
"139",
"144",
"155",
"157",
"130",
"142",
"132",
"144",
"145",
"142",
"167",
"151",
"146",
"150",
"142",
"132",
"155",
"144",
"149",
"146",
"136",
"141",
"136",
"177",
"148",
"161",
"130",
"131",
"150",
"149",
"151",
"159",
"132",
"127",
"166",
"132",
"134",
"155",
"134",
"133",
"122",
"132",
"129",
"150",
"165",
"146",
"171",
"132",
"125",
"147",
"134",
"133",
"138",
"146",
"156",
"137",
"154",
"136",
"178",
"157",
"140",
"142",
"130",
"131",
"141",
"142",
"131",
"133",
"132",
"160",
"161",
"135",
"133",
"137",
"149",
"131",
"134",
"128",
"127",
"140",
"121",
"147",
"133",
"147",
"122",
"140",
"134",
"134",
"130",
"125",
"151",
"119",
"140",
"140",
"158",
"153",
"142",
"140",
"153",
"113",
"130",
"131",
"138",
"128",
"127",
"140",
"136",
"149",
"123",
"145",
"129",
"144",
"115",
"152",
"133",
"149",
"118",
"175",
"132",
"126",
"138",
"155",
"141",
"154",
"139",
"148",
"130",
"145",
"117",
"122",
"127",
"149",
"146",
"113",
"145",
"120",
"144",
"128",
"127",
"126",
"147",
"132",
"131",
"133",
"127",
"140",
"133",
"131",
"132",
"130",
"150",
"145",
"123",
"127",
"141",
"130",
"126",
"139",
"116",
"130",
"149",
"138",
"141",
"123",
"121",
"131",
"120",
"131",
"118",
"131",
"132",
"151",
"129",
"122",
"141",
"118",
"111",
"137",
"163",
"115",
"133",
"132",
"135",
"120",
"148",
"134",
"133",
"134",
"113",
"134",
"125",
"138",
"141",
"123",
"134",
"129",
"116",
"125",
"153",
"114",
"135",
"129",
"133",
"137",
"146",
"138",
"138",
"120",
"112",
"118",
"139",
"159",
"136",
"150",
"156",
"127",
"130",
"152",
"161",
"146",
"140",
"118",
"150",
"167",
"134",
"139",
"148",
"142",
"135",
"135",
"161",
"141",
"140",
"132",
"142",
"138",
"175",
"134",
"141",
"153",
"145",
"129",
"132",
"146",
"160",
"150",
"144",
"122",
"146",
"133",
"130",
"151",
"150",
"146",
"163",
"139",
"138",
"157",
"152",
"152",
"149",
"174",
"172",
"167",
"150",
"131",
"150",
"148",
"139",
"152",
"169",
"152",
"177",
"149",
"164",
"155",
"161",
"169",
"172",
"193",
"164",
"184",
"173",
"194",
"183",
"145",
"203",
"175",
"156",
"186",
"225",
"192",
"209",
"179",
"211",
"200",
"229",
"204",
"234",
"221",
"240",
"241",
"228",
"221",
"242",
"271",
"255",
"257",
"278",
"297",
"289",
"309",
"352",
"295",
"289",
"336",
"328",
"364",
"347",
"404",
"384",
"398",
"435",
"481",
"472",
"442",
"539",
"467",
"476",
"511",
"555",
"581",
"588",
"590",
"674",
"606",
"649",
"623",
"711",
"696",
"681",
"730",
"727",
"760",
"743",
"777",
"823",
"798",
"795",
"834",
"827",
"830",
"776",
"864",
"903",
"818",
"780",
"787",
"915",
"811",
"823",
"796",
"847",
"803",
"737",
"750",
"712",
"771",
"665",
"730",
"724",
"666",
"768",
"689",
"690",
"631",
"596",
"563",
"590",
"581",
"550",
"509",
"579",
"512",
"507",
"505",
"505",
"451",
"431",
"438",
"438",
"406",
"401",
"361",
"360",
"342",
"344",
"356",
"310",
"306",
"320",
"309",
"310",
"314",
"320",
"361",
"359",
"368",
"370",
"407",
"456",
"518",
"529",
"575",
"673",
"769",
"842",
"970",
"1147",
"1266",
"1469",
"1635",
"1989",
"2139",
"2227",
"2538",
"2975",
"3098",
"3479",
"3731",
"4339",
"4618",
"4772",
"5200",
"5714",
"5937",
"6229",
"6663",
"7211",
"7378",
"7499",
"7858",
"8308",
"8517",
"8404",
"8527",
"8919",
"8706",
"8330",
"8222",
"8785",
"8145",
"7980",
"7438",
"8338",
"7173",
"6697",
"6290",
"6273",
"5754",
"5243",
"4925",
"4667",
"4227",
"3730",
"3329",
"3088",
"2652",
"2378",
"2065",
"1833",
"1541",
"1326",
"1110",
"940",
"862",
"722",
"586",
"518",
"459",
"356",
"333",
"300",
"237",
"187",
"114206",
"Channel_info_start",
"Channel : Mg",
"Points : 0",
"Range : 0.000000 - 0.000000",
"Step : 0.010000",
"Channel_info_end",
"Channel_info_start",
"Channel : Al",
"Points : 0",
"Range : 0.000000 - 0.000000",
"Step : 0.010000",
"Channel_info_end",
"Channel_info_start",
"Channel : Si",
"Points : 0",
"Range : 0.000000 - 0.000000",
"Step : 0.010000",
"Channel_info_end",
"Channel_info_start",
"Channel : P ",
"Points : 0",
"Range : 0.000000 - 0.000000",
"Step : 0.010000",
"Channel_info_end",
"Channel_info_start",
"Channel : S ",
"Points : 0",
"Range : 0.000000 - 0.000000",
"Step : 0.010000",
"Channel_info_end",
"Channel_info_start",
"Channel : Cl",
"Points : 0",
"Range : 0.000000 - 0.000000",
"Step : 0.010000",
"Channel_info_end",
"Channel_info_start",
"Channel : K ",
"Points : 0",
"Range : 0.000000 - 0.000000",
"Step : 0.010000",
"Channel_info_end",
"Channel_info_start",
"Channel : Ca",
"Points : 0",
"Range : 0.000000 - 0.000000",
"Step : 0.010000",
"Channel_info_end",
"Channel_info_start",
"Channel : Ti",
"Points : 0",
"Range : 0.000000 - 0.000000",
"Step : 0.010000",
"Channel_info_end",
"Channel_info_start",
"Channel : V ",
"Points : 0",
"Range : 0.000000 - 0.000000",
"Step : 0.010000",
"Channel_info_end",
"Channel_info_start",
"Channel : Cr",
"Points : 0",
"Range : 0.000000 - 0.000000",
"Step : 0.010000",
"Channel_info_end",
"Channel_info_start",
"Channel : Mn",
"Points : 0",
"Range : 0.000000 - 0.000000",
"Step : 0.010000",
"Channel_info_end",
"Channel_info_start",
"Channel : Fe",
"Points : 0",
"Range : 0.000000 - 0.000000",
"Step : 0.010000",
"Channel_info_end",
"Channel_info_start",
"Channel : Cu",
"Points : 0",
"Range : 0.000000 - 0.000000",
"Step : 0.010000",
"Channel_info_end",
"Channel_info_start",
"Channel : Zn",
"Points : 0",
"Range : 0.000000 - 0.000000",
"Step : 0.010000",
"Channel_info_end",
"Channel_info_start",
"Channel : Sr",
"Points : 0",
"Range : 0.000000 - 0.000000",
"Step : 0.010000",
"Channel_info_end",
"Channel_info_start",
"Channel : Pb",
"Points : 0",
"Range : 0.000000 - 0.000000",
"Step : 0.010000",
"Channel_info_end",
"",
"Qualitative Result",
"--------------------------------------------------------------------------------",
"Element :  Na, S , Cl, Cd, K , Ca, Ru",
"",
"Peak List",
"--------------------------------------------------------------------------------",
"Channel               Line        keV     Net Int.(cps/uA)",
"--------------------------------------------------------------------------------",
"Na                    ----         0.95     0.019",
"                      NaKa         1.10     0.010",
"                      S Ka         2.37     0.052",
"                      ClKa         2.69     1.262",
"                      ClKb         2.86     0.546",
"                      CdLa         3.16     0.022",
"                      CdLb1        3.36     0.011",
"                      K Ka         3.36     0.010",
"                      K Kb         3.59     0.001",
"                      CaKa         3.68     0.156",
"                      CaKb         4.01     0.020",
"                      ----         6.78     0.023",
"                      ----         6.96     0.020",
"                      RuKa        19.23     0.117",
"                      ----        19.48     0.036",
"--------------------------------------------------------------------------------",
"",
"Quantitative Result",
"--------------------------------------------------------------------------------",
"Analyte               Result             Std.Dev. Proc.-Calc. Line Intensity(cps/uA)",
"--------------------------------------------------------------------------------",
"====[No. 1 Layer]====< Layer1               >===============================",
"Layer1                   9.676 ug/cm2    -------- Flux       -------- --------",
"Na                     100.000 %            5.715 Quan-FP    NaKa        0.010",
