"Sample    : sb_34696_16p",
"Operator  : ",
"Comment  : cubatao-g-policarbonato",
"Group     : kerr2007ab13liv300al",
"Date       : 2013-03-06 20:31:47",
"",
"Mesurement Condition",
"------------------------------------------------------------------------------------",
"Instrument : 700HS2   Atmosphere : Vac.   Collimator : 10(mm)   Spin : No",
"------------------------------------------------------------------------------------",
"Analyte               TG kV   uA      FI Acq.(keV)  Anal.(keV)  Time(sec)     DT(%)",
"------------------------------------------------------------------------------------",
"Na                    Rh 50  436-Auto Al  0 - 20    0.8 - 1.2   Live -  179   19",
"",
"<Profile>",
"Channel_info_start",
"Channel : Na",
"Points : 2048",
"Range : 0.000000 - 20.480000",
"Step : 0.010000",
"Channel_info_end",
"0",
"0",
"0",
"0",
"0",
"0",
"0",
"0",
"0",
"0",
"0",
"0",
"0",
"0",
"0",
"0",
"0",
"0",
"0",
"0",
"0",
"0",
"0",
"0",
"0",
"0",
"0",
"0",
"0",
"3",
"31",
"51",
"56",
"70",
"63",
"64",
"42",
"62",
"55",
"56",
"70",
"54",
"54",
"70",
"54",
"69",
"55",
"55",
"66",
"63",
"47",
"61",
"51",
"63",
"50",
"68",
"67",
"54",
"46",
"46",
"48",
"44",
"46",
"50",
"34",
"41",
"58",
"55",
"63",
"52",
"52",
"57",
"46",
"54",
"56",
"71",
"56",
"54",
"67",
"69",
"44",
"49",
"79",
"55",
"54",
"62",
"56",
"52",
"58",
"54",
"62",
"58",
"51",
"45",
"56",
"51",
"53",
"48",
"52",
"41",
"61",
"53",
"56",
"46",
"54",
"52",
"55",
"55",
"56",
"48",
"48",
"58",
"48",
"65",
"44",
"61",
"62",
"48",
"56",
"69",
"54",
"63",
"64",
"55",
"54",
"56",
"54",
"65",
"47",
"55",
"61",
"72",
"59",
"72",
"70",
"75",
"71",
"69",
"78",
"79",
"67",
"71",
"58",
"75",
"71",
"74",
"68",
"85",
"83",
"72",
"69",
"67",
"70",
"83",
"76",
"68",
"57",
"59",
"79",
"58",
"70",
"64",
"72",
"70",
"71",
"72",
"80",
"83",
"86",
"81",
"96",
"88",
"104",
"100",
"88",
"115",
"116",
"133",
"144",
"175",
"208",
"207",
"212",
"282",
"230",
"253",
"256",
"265",
"227",
"210",
"190",
"181",
"187",
"161",
"178",
"185",
"168",
"185",
"194",
"234",
"223",
"245",
"196",
"245",
"236",
"218",
"207",
"213",
"200",
"212",
"194",
"187",
"185",
"177",
"139",
"125",
"124",
"143",
"140",
"121",
"114",
"110",
"108",
"105",
"104",
"96",
"98",
"84",
"75",
"97",
"82",
"97",
"104",
"101",
"96",
"95",
"90",
"91",
"87",
"99",
"71",
"98",
"69",
"75",
"68",
"67",
"82",
"81",
"91",
"78",
"67",
"63",
"68",
"71",
"57",
"73",
"87",
"76",
"70",
"92",
"65",
"67",
"79",
"76",
"64",
"67",
"78",
"82",
"91",
"81",
"70",
"98",
"74",
"80",
"75",
"89",
"88",
"91",
"93",
"74",
"98",
"98",
"97",
"101",
"107",
"100",
"86",
"103",
"122",
"115",
"102",
"108",
"115",
"88",
"105",
"123",
"132",
"131",
"116",
"126",
"138",
"131",
"143",
"142",
"153",
"170",
"192",
"233",
"296",
"297",
"391",
"422",
"464",
"632",
"637",
"731",
"786",
"784",
"851",
"842",
"744",
"771",
"669",
"635",
"546",
"525",
"427",
"411",
"334",
"308",
"296",
"281",
"313",
"329",
"328",
"380",
"390",
"407",
"464",
"554",
"535",
"612",
"639",
"750",
"868",
"1061",
"1283",
"1771",
"2292",
"3070",
"3941",
"5351",
"6924",
"8721",
"10211",
"12063",
"13843",
"15542",
"15970",
"17435",
"17006",
"16999",
"15637",
"14475",
"13217",
"11596",
"9600",
"8525",
"6852",
"5829",
"4767",
"4050",
"3712",
"3751",
"3579",
"4177",
"4671",
"5459",
"6188",
"7229",
"8289",
"9377",
"9825",
"10863",
"11004",
"11047",
"10460",
"10360",
"9672",
"9151",
"7984",
"7456",
"6534",
"5789",
"5007",
"4309",
"3864",
"3293",
"2835",
"2655",
"2333",
"2129",
"2071",
"2089",
"2149",
"2248",
"2364",
"2442",
"2344",
"2433",
"2283",
"2272",
"2099",
"2038",
"1677",
"1571",
"1260",
"1097",
"916",
"735",
"641",
"552",
"501",
"520",
"527",
"552",
"612",
"753",
"926",
"951",
"1020",
"1083",
"1191",
"1164",
"1199",
"1220",
"1146",
"1108",
"953",
"843",
"780",
"598",
"538",
"471",
"417",
"364",
"327",
"380",
"410",
"429",
"468",
"559",
"646",
"707",
"728",
"773",
"868",
"864",
"910",
"875",
"867",
"792",
"747",
"669",
"603",
"560",
"433",
"338",
"337",
"326",
"229",
"218",
"173",
"134",
"128",
"130",
"118",
"105",
"90",
"90",
"101",
"89",
"80",
"64",
"76",
"63",
"57",
"59",
"61",
"58",
"72",
"65",
"66",
"47",
"69",
"68",
"82",
"71",
"71",
"85",
"68",
"73",
"76",
"74",
"79",
"97",
"81",
"82",
"67",
"80",
"83",
"79",
"108",
"93",
"92",
"115",
"109",
"114",
"113",
"105",
"118",
"103",
"111",
"111",
"109",
"88",
"108",
"115",
"101",
"128",
"108",
"111",
"110",
"133",
"121",
"108",
"115",
"142",
"137",
"118",
"122",
"126",
"133",
"117",
"96",
"118",
"120",
"120",
"90",
"122",
"106",
"109",
"111",
"98",
"96",
"103",
"115",
"90",
"85",
"91",
"116",
"76",
"105",
"90",
"101",
"96",
"87",
"101",
"99",
"101",
"91",
"106",
"103",
"95",
"113",
"117",
"123",
"101",
"100",
"100",
"101",
"96",
"106",
"121",
"122",
"114",
"110",
"117",
"117",
"135",
"134",
"123",
"138",
"158",
"147",
"122",
"130",
"133",
"149",
"160",
"147",
"179",
"166",
"151",
"159",
"175",
"185",
"172",
"167",
"191",
"189",
"199",
"205",
"178",
"195",
"189",
"191",
"182",
"192",
"176",
"186",
"189",
"189",
"185",
"203",
"177",
"199",
"198",
"187",
"181",
"182",
"173",
"187",
"183",
"182",
"174",
"177",
"171",
"142",
"192",
"162",
"172",
"167",
"162",
"168",
"172",
"135",
"193",
"178",
"152",
"144",
"132",
"150",
"118",
"137",
"142",
"124",
"136",
"147",
"126",
"155",
"149",
"157",
"149",
"144",
"167",
"143",
"131",
"157",
"172",
"169",
"177",
"174",
"147",
"159",
"158",
"151",
"167",
"187",
"176",
"178",
"176",
"200",
"165",
"175",
"195",
"181",
"179",
"195",
"192",
"221",
"192",
"208",
"171",
"182",
"191",
"185",
"190",
"194",
"198",
"191",
"176",
"191",
"184",
"204",
"218",
"230",
"193",
"229",
"205",
"203",
"207",
"184",
"210",
"221",
"194",
"231",
"227",
"204",
"224",
"200",
"227",
"191",
"209",
"226",
"228",
"203",
"198",
"252",
"213",
"225",
"240",
"218",
"237",
"211",
"211",
"231",
"230",
"199",
"224",
"226",
"211",
"177",
"229",
"233",
"226",
"202",
"222",
"219",
"215",
"212",
"204",
"205",
"221",
"173",
"198",
"211",
"144",
"175",
"201",
"187",
"179",
"189",
"190",
"184",
"204",
"202",
"198",
"194",
"174",
"174",
"184",
"193",
"205",
"210",
"215",
"204",
"191",
"210",
"203",
"210",
"202",
"203",
"219",
"222",
"226",
"188",
"210",
"208",
"239",
"209",
"210",
"241",
"233",
"250",
"237",
"237",
"245",
"247",
"236",
"270",
"285",
"246",
"273",
"260",
"254",
"274",
"248",
"247",
"226",
"221",
"223",
"229",
"216",
"210",
"222",
"209",
"193",
"187",
"166",
"208",
"190",
"174",
"191",
"193",
"172",
"206",
"183",
"193",
"173",
"212",
"192",
"193",
"178",
"195",
"202",
"161",
"193",
"159",
"170",
"162",
"200",
"191",
"175",
"190",
"231",
"198",
"225",
"206",
"221",
"235",
"219",
"239",
"231",
"242",
"252",
"263",
"275",
"264",
"287",
"268",
"287",
"282",
"290",
"258",
"262",
"285",
"244",
"269",
"259",
"246",
"243",
"253",
"277",
"223",
"253",
"237",
"228",
"220",
"241",
"209",
"216",
"198",
"225",
"231",
"234",
"248",
"221",
"229",
"228",
"254",
"234",
"222",
"209",
"210",
"231",
"254",
"259",
"227",
"213",
"205",
"220",
"221",
"234",
"220",
"238",
"211",
"222",
"183",
"199",
"228",
"228",
"204",
"231",
"229",
"190",
"237",
"223",
"208",
"215",
"253",
"209",
"211",
"192",
"220",
"219",
"251",
"200",
"238",
"222",
"196",
"224",
"217",
"222",
"211",
"203",
"206",
"218",
"219",
"203",
"228",
"200",
"206",
"203",
"193",
"204",
"193",
"176",
"185",
"181",
"216",
"195",
"186",
"190",
"204",
"218",
"237",
"216",
"181",
"210",
"206",
"179",
"173",
"169",
"201",
"209",
"153",
"188",
"166",
"202",
"178",
"153",
"177",
"176",
"173",
"196",
"160",
"179",
"191",
"159",
"174",
"202",
"179",
"183",
"185",
"171",
"147",
"200",
"189",
"179",
"157",
"169",
"181",
"158",
"172",
"156",
"157",
"199",
"187",
"167",
"164",
"193",
"202",
"170",
"184",
"175",
"181",
"183",
"191",
"195",
"150",
"181",
"193",
"184",
"166",
"194",
"187",
"193",
"204",
"179",
"189",
"175",
"168",
"176",
"190",
"213",
"161",
"174",
"199",
"179",
"201",
"198",
"189",
"173",
"185",
"206",
"191",
"192",
"193",
"204",
"211",
"195",
"182",
"213",
"203",
"251",
"184",
"229",
"222",
"252",
"218",
"192",
"204",
"222",
"206",
"243",
"220",
"212",
"211",
"208",
"234",
"215",
"228",
"211",
"226",
"196",
"222",
"198",
"213",
"217",
"206",
"171",
"187",
"186",
"174",
"203",
"207",
"188",
"184",
"192",
"226",
"216",
"176",
"192",
"189",
"192",
"175",
"208",
"195",
"195",
"178",
"204",
"182",
"190",
"173",
"223",
"179",
"183",
"161",
"162",
"179",
"185",
"189",
"183",
"199",
"172",
"178",
"194",
"199",
"166",
"191",
"184",
"187",
"184",
"192",
"194",
"202",
"182",
"172",
"160",
"171",
"168",
"161",
"162",
"210",
"172",
"147",
"192",
"183",
"183",
"181",
"166",
"170",
"161",
"174",
"168",
"158",
"184",
"153",
"173",
"149",
"175",
"157",
"188",
"185",
"161",
"176",
"160",
"150",
"156",
"167",
"179",
"168",
"169",
"181",
"149",
"170",
"184",
"156",
"165",
"165",
"182",
"143",
"164",
"165",
"176",
"176",
"179",
"148",
"178",
"179",
"191",
"148",
"145",
"156",
"172",
"177",
"160",
"164",
"172",
"154",
"139",
"160",
"169",
"162",
"209",
"182",
"174",
"169",
"167",
"192",
"191",
"162",
"168",
"168",
"175",
"156",
"158",
"151",
"154",
"203",
"168",
"158",
"164",
"185",
"176",
"165",
"158",
"172",
"184",
"172",
"169",
"193",
"175",
"153",
"158",
"171",
"145",
"150",
"171",
"170",
"165",
"167",
"165",
"174",
"168",
"151",
"164",
"158",
"170",
"168",
"174",
"150",
"185",
"161",
"175",
"167",
"161",
"154",
"167",
"162",
"190",
"151",
"153",
"141",
"175",
"156",
"155",
"189",
"137",
"157",
"157",
"201",
"169",
"161",
"170",
"171",
"155",
"159",
"156",
"170",
"168",
"157",
"160",
"168",
"147",
"176",
"142",
"149",
"176",
"149",
"149",
"166",
"149",
"143",
"140",
"140",
"159",
"158",
"155",
"150",
"127",
"161",
"139",
"138",
"162",
"165",
"164",
"156",
"159",
"168",
"175",
"155",
"153",
"151",
"158",
"150",
"135",
"141",
"130",
"149",
"152",
"160",
"140",
"152",
"170",
"149",
"157",
"140",
"164",
"160",
"159",
"135",
"139",
"138",
"149",
"156",
"145",
"130",
"122",
"157",
"151",
"158",
"132",
"142",
"130",
"145",
"145",
"161",
"145",
"169",
"123",
"148",
"176",
"157",
"144",
"142",
"147",
"176",
"148",
"151",
"135",
"156",
"144",
"164",
"149",
"144",
"139",
"151",
"105",
"145",
"128",
"133",
"149",
"152",
"143",
"157",
"149",
"143",
"133",
"149",
"131",
"139",
"133",
"138",
"151",
"141",
"150",
"149",
"157",
"108",
"121",
"134",
"148",
"145",
"142",
"165",
"145",
"150",
"149",
"150",
"102",
"137",
"141",
"124",
"140",
"143",
"126",
"140",
"149",
"140",
"119",
"152",
"170",
"143",
"139",
"135",
"150",
"145",
"140",
"148",
"154",
"126",
"120",
"153",
"115",
"156",
"121",
"139",
"145",
"141",
"148",
"132",
"133",
"153",
"142",
"141",
"138",
"133",
"144",
"159",
"115",
"126",
"160",
"133",
"132",
"131",
"140",
"116",
"137",
"142",
"152",
"150",
"122",
"122",
"134",
"143",
"170",
"137",
"140",
"147",
"105",
"143",
"138",
"121",
"159",
"149",
"140",
"131",
"150",
"145",
"109",
"140",
"134",
"154",
"125",
"132",
"140",
"125",
"139",
"140",
"115",
"131",
"144",
"147",
"127",
"119",
"133",
"125",
"132",
"113",
"118",
"158",
"130",
"113",
"123",
"119",
"127",
"124",
"126",
"138",
"147",
"116",
"130",
"143",
"140",
"132",
"117",
"122",
"128",
"128",
"140",
"114",
"141",
"107",
"131",
"152",
"130",
"135",
"130",
"162",
"116",
"118",
"125",
"135",
"137",
"120",
"113",
"117",
"133",
"118",
"140",
"124",
"126",
"103",
"131",
"130",
"149",
"120",
"154",
"169",
"135",
"117",
"134",
"107",
"125",
"123",
"130",
"127",
"111",
"130",
"117",
"123",
"118",
"122",
"111",
"128",
"143",
"136",
"122",
"154",
"127",
"113",
"111",
"128",
"136",
"123",
"121",
"134",
"140",
"134",
"136",
"126",
"111",
"111",
"113",
"115",
"99",
"121",
"117",
"115",
"134",
"122",
"120",
"127",
"115",
"111",
"127",
"133",
"124",
"108",
"125",
"134",
"123",
"124",
"127",
"106",
"113",
"117",
"111",
"120",
"122",
"141",
"127",
"110",
"104",
"115",
"133",
"119",
"142",
"122",
"117",
"113",
"127",
"120",
"117",
"106",
"105",
"107",
"115",
"145",
"120",
"95",
"109",
"145",
"103",
"125",
"118",
"103",
"130",
"108",
"102",
"126",
"134",
"115",
"109",
"101",
"113",
"122",
"128",
"97",
"121",
"110",
"118",
"111",
"108",
"126",
"115",
"135",
"122",
"90",
"118",
"121",
"92",
"110",
"106",
"110",
"109",
"98",
"108",
"120",
"98",
"111",
"109",
"116",
"117",
"100",
"103",
"110",
"127",
"108",
"126",
"103",
"107",
"88",
"103",
"96",
"125",
"119",
"95",
"134",
"114",
"125",
"110",
"114",
"120",
"111",
"100",
"110",
"111",
"119",
"110",
"124",
"122",
"102",
"102",
"126",
"108",
"111",
"120",
"95",
"108",
"123",
"111",
"97",
"103",
"115",
"90",
"102",
"102",
"100",
"101",
"114",
"133",
"119",
"110",
"111",
"119",
"106",
"85",
"108",
"89",
"85",
"84",
"118",
"115",
"102",
"105",
"114",
"121",
"106",
"106",
"98",
"106",
"98",
"98",
"109",
"117",
"117",
"96",
"104",
"100",
"136",
"116",
"103",
"100",
"120",
"98",
"121",
"131",
"114",
"97",
"125",
"125",
"90",
"99",
"98",
"121",
"126",
"110",
"124",
"105",
"118",
"93",
"122",
"107",
"95",
"120",
"108",
"118",
"104",
"101",
"117",
"108",
"105",
"106",
"104",
"90",
"102",
"87",
"101",
"91",
"107",
"105",
"104",
"105",
"100",
"123",
"130",
"114",
"96",
"109",
"120",
"111",
"99",
"113",
"117",
"109",
"134",
"117",
"108",
"93",
"104",
"114",
"110",
"101",
"120",
"109",
"108",
"97",
"114",
"97",
"101",
"111",
"127",
"124",
"113",
"97",
"107",
"116",
"96",
"107",
"119",
"92",
"103",
"140",
"100",
"114",
"126",
"110",
"126",
"111",
"125",
"101",
"130",
"118",
"118",
"113",
"119",
"119",
"118",
"125",
"123",
"117",
"119",
"132",
"107",
"111",
"113",
"124",
"116",
"121",
"124",
"134",
"118",
"118",
"124",
"126",
"131",
"121",
"132",
"134",
"124",
"135",
"138",
"139",
"176",
"142",
"160",
"139",
"135",
"136",
"149",
"145",
"157",
"151",
"156",
"178",
"149",
"138",
"156",
"151",
"174",
"170",
"201",
"162",
"201",
"191",
"203",
"193",
"211",
"194",
"200",
"237",
"227",
"239",
"224",
"255",
"264",
"254",
"254",
"295",
"310",
"277",
"322",
"301",
"357",
"356",
"392",
"368",
"365",
"370",
"418",
"474",
"442",
"465",
"507",
"514",
"487",
"481",
"547",
"546",
"532",
"548",
"561",
"595",
"557",
"614",
"603",
"589",
"640",
"636",
"714",
"679",
"670",
"618",
"649",
"677",
"627",
"606",
"730",
"656",
"648",
"621",
"634",
"594",
"645",
"672",
"565",
"603",
"552",
"563",
"546",
"549",
"553",
"543",
"536",
"465",
"480",
"451",
"447",
"423",
"404",
"397",
"405",
"389",
"389",
"350",
"360",
"332",
"353",
"284",
"316",
"337",
"284",
"281",
"255",
"256",
"242",
"258",
"210",
"211",
"204",
"204",
"204",
"200",
"187",
"181",
"187",
"204",
"158",
"170",
"176",
"168",
"184",
"161",
"139",
"166",
"186",
"173",
"193",
"155",
"169",
"188",
"245",
"208",
"225",
"213",
"261",
"240",
"272",
"318",
"311",
"343",
"342",
"316",
"363",
"379",
"357",
"395",
"471",
"449",
"412",
"441",
"463",
"439",
"477",
"486",
"477",
"467",
"481",
"416",
"459",
"441",
"462",
"363",
"404",
"367",
"348",
"348",
"319",
"279",
"297",
"274",
"240",
"245",
"217",
"189",
"206",
"193",
"188",
"156",
"156",
"127",
"154",
"123",
"108",
"122",
"110",
"102",
"106",
"116",
"102",
"91",
"102",
"114",
"96",
"154681",
"Channel_info_start",
"Channel : Mg",
"Points : 0",
"Range : 0.000000 - 0.000000",
"Step : 0.010000",
"Channel_info_end",
"Channel_info_start",
"Channel : Al",
"Points : 0",
"Range : 0.000000 - 0.000000",
"Step : 0.010000",
"Channel_info_end",
"Channel_info_start",
"Channel : Si",
"Points : 0",
"Range : 0.000000 - 0.000000",
"Step : 0.010000",
"Channel_info_end",
"Channel_info_start",
"Channel : P ",
"Points : 0",
"Range : 0.000000 - 0.000000",
"Step : 0.010000",
"Channel_info_end",
"Channel_info_start",
"Channel : S ",
"Points : 0",
"Range : 0.000000 - 0.000000",
"Step : 0.010000",
"Channel_info_end",
"Channel_info_start",
"Channel : Cl",
"Points : 0",
"Range : 0.000000 - 0.000000",
"Step : 0.010000",
"Channel_info_end",
"Channel_info_start",
"Channel : K ",
"Points : 0",
"Range : 0.000000 - 0.000000",
"Step : 0.010000",
"Channel_info_end",
"Channel_info_start",
"Channel : Ca",
"Points : 0",
"Range : 0.000000 - 0.000000",
"Step : 0.010000",
"Channel_info_end",
"Channel_info_start",
"Channel : Ti",
"Points : 0",
"Range : 0.000000 - 0.000000",
"Step : 0.010000",
"Channel_info_end",
"Channel_info_start",
"Channel : V ",
"Points : 0",
"Range : 0.000000 - 0.000000",
"Step : 0.010000",
"Channel_info_end",
"Channel_info_start",
"Channel : Cr",
"Points : 0",
"Range : 0.000000 - 0.000000",
"Step : 0.010000",
"Channel_info_end",
"Channel_info_start",
"Channel : Mn",
"Points : 0",
"Range : 0.000000 - 0.000000",
"Step : 0.010000",
"Channel_info_end",
"Channel_info_start",
"Channel : Fe",
"Points : 0",
"Range : 0.000000 - 0.000000",
"Step : 0.010000",
"Channel_info_end",
"Channel_info_start",
"Channel : Cu",
"Points : 0",
"Range : 0.000000 - 0.000000",
"Step : 0.010000",
"Channel_info_end",
"Channel_info_start",
"Channel : Zn",
"Points : 0",
"Range : 0.000000 - 0.000000",
"Step : 0.010000",
"Channel_info_end",
"Channel_info_start",
"Channel : Sr",
"Points : 0",
"Range : 0.000000 - 0.000000",
"Step : 0.010000",
"Channel_info_end",
"Channel_info_start",
"Channel : Pb",
"Points : 0",
"Range : 0.000000 - 0.000000",
"Step : 0.010000",
"Channel_info_end",
"",
"Qualitative Result",
"--------------------------------------------------------------------------------",
"Element :  Sb, P , Te, Ru",
"",
"Peak List",
"--------------------------------------------------------------------------------",
"Channel               Line        keV     Net Int.(cps/uA)",
"--------------------------------------------------------------------------------",
"Na                    SbLaESC      1.85     0.026",
"                      P Ka         2.03     0.024",
"                      SbLL         3.18     0.101",
"                      SbLa         3.60     2.941",
"                      SbLb1        3.84     1.500",
"                      TeLa         3.84     0.358",
"                      TeLb4        4.03     0.183",
"                      SbLb2        4.11     0.288",
"                      SbLg1        4.35     0.136",
"                      SbLg2        4.59     0.118",
"                      ----        19.13     0.139",
"                      RuKa        19.35     0.098",
"--------------------------------------------------------------------------------",
"",
"Quantitative Result",
"--------------------------------------------------------------------------------",
"Analyte               Result             Std.Dev. Proc.-Calc. Line Intensity(cps/uA)",
"--------------------------------------------------------------------------------",
"====[No. 1 Layer]====< Layer1               >===============================",
"Layer1                   0.000 ug/cm2    -------- Flux       -------- --------",
