"Sample    : ti_34671_16p",
"Operator  : ",
"Comment  : micromater ti 49.4ug/cm2",
"Group     : kerr2007ab13liv300al",
"Date       : 2013-03-06 17:48:31",
"",
"Mesurement Condition",
"------------------------------------------------------------------------------------",
"Instrument : 700HS2   Atmosphere : Vac.   Collimator : 10(mm)   Spin : No",
"------------------------------------------------------------------------------------",
"Analyte               TG kV   uA      FI Acq.(keV)  Anal.(keV)  Time(sec)     DT(%)",
"------------------------------------------------------------------------------------",
"Na                    Rh 50  334-Auto Al  0 - 20    0.8 - 1.2   Live -  179   19",
"",
"<Profile>",
"Channel_info_start",
"Channel : Na",
"Points : 2048",
"Range : 0.000000 - 20.480000",
"Step : 0.010000",
"Channel_info_end",
"0",
"0",
"0",
"0",
"0",
"0",
"0",
"0",
"0",
"0",
"0",
"0",
"0",
"0",
"0",
"0",
"0",
"0",
"0",
"0",
"0",
"0",
"0",
"0",
"0",
"0",
"0",
"0",
"0",
"2",
"11",
"18",
"23",
"17",
"17",
"16",
"22",
"24",
"24",
"26",
"18",
"18",
"14",
"16",
"27",
"30",
"23",
"21",
"17",
"29",
"26",
"20",
"14",
"24",
"18",
"18",
"18",
"13",
"23",
"31",
"17",
"19",
"18",
"29",
"10",
"23",
"31",
"23",
"10",
"20",
"23",
"18",
"27",
"21",
"21",
"20",
"20",
"21",
"13",
"19",
"19",
"18",
"12",
"19",
"18",
"18",
"16",
"23",
"17",
"18",
"18",
"19",
"23",
"20",
"29",
"19",
"23",
"20",
"19",
"27",
"18",
"17",
"23",
"20",
"26",
"26",
"22",
"23",
"22",
"18",
"23",
"16",
"21",
"20",
"14",
"26",
"18",
"23",
"29",
"29",
"17",
"21",
"20",
"19",
"14",
"28",
"24",
"29",
"28",
"23",
"20",
"31",
"17",
"20",
"20",
"30",
"21",
"20",
"20",
"23",
"22",
"34",
"19",
"30",
"32",
"30",
"33",
"23",
"31",
"39",
"28",
"35",
"33",
"23",
"30",
"27",
"20",
"23",
"29",
"34",
"31",
"33",
"29",
"28",
"34",
"29",
"23",
"28",
"26",
"27",
"34",
"40",
"45",
"39",
"40",
"34",
"37",
"46",
"31",
"22",
"32",
"27",
"30",
"20",
"20",
"29",
"27",
"31",
"35",
"33",
"46",
"45",
"41",
"63",
"70",
"68",
"80",
"90",
"75",
"111",
"82",
"99",
"74",
"70",
"68",
"69",
"48",
"56",
"40",
"41",
"39",
"19",
"28",
"32",
"36",
"36",
"28",
"37",
"34",
"31",
"21",
"33",
"28",
"32",
"31",
"39",
"29",
"30",
"28",
"32",
"45",
"38",
"34",
"31",
"29",
"22",
"28",
"43",
"19",
"30",
"32",
"32",
"33",
"34",
"49",
"32",
"39",
"51",
"35",
"30",
"36",
"35",
"34",
"36",
"43",
"38",
"41",
"39",
"46",
"50",
"43",
"61",
"63",
"57",
"69",
"104",
"121",
"151",
"201",
"222",
"269",
"311",
"325",
"385",
"410",
"395",
"372",
"392",
"318",
"343",
"274",
"198",
"182",
"142",
"122",
"112",
"62",
"58",
"65",
"47",
"53",
"46",
"47",
"60",
"55",
"38",
"23",
"53",
"30",
"49",
"38",
"40",
"35",
"35",
"39",
"39",
"39",
"47",
"54",
"63",
"61",
"56",
"57",
"78",
"83",
"82",
"83",
"74",
"63",
"77",
"84",
"69",
"56",
"72",
"69",
"67",
"52",
"64",
"43",
"49",
"48",
"57",
"55",
"56",
"56",
"51",
"49",
"54",
"44",
"56",
"53",
"34",
"65",
"60",
"56",
"53",
"73",
"58",
"73",
"71",
"67",
"96",
"103",
"130",
"117",
"145",
"149",
"215",
"245",
"308",
"373",
"445",
"511",
"625",
"635",
"729",
"758",
"819",
"829",
"913",
"754",
"762",
"648",
"607",
"511",
"445",
"359",
"327",
"291",
"249",
"232",
"226",
"183",
"204",
"208",
"210",
"206",
"220",
"196",
"180",
"209",
"189",
"187",
"204",
"219",
"244",
"247",
"243",
"248",
"274",
"257",
"266",
"252",
"223",
"251",
"225",
"220",
"206",
"180",
"219",
"198",
"207",
"210",
"216",
"193",
"200",
"201",
"222",
"232",
"191",
"204",
"239",
"236",
"273",
"251",
"290",
"292",
"308",
"341",
"403",
"464",
"564",
"768",
"1075",
"1430",
"2047",
"3056",
"4250",
"5864",
"7995",
"11167",
"14810",
"18444",
"22593",
"27943",
"32904",
"36570",
"41117",
"44823",
"45651",
"45329",
"44478",
"42903",
"39727",
"34354",
"30798",
"25503",
"21208",
"16472",
"12623",
"9788",
"7169",
"4957",
"3506",
"2329",
"1550",
"1037",
"675",
"526",
"402",
"338",
"276",
"226",
"276",
"328",
"356",
"440",
"513",
"678",
"788",
"1059",
"1393",
"1710",
"2152",
"2562",
"3130",
"3635",
"4264",
"4575",
"5218",
"5464",
"5353",
"5840",
"5652",
"5355",
"4884",
"4650",
"3858",
"3304",
"2859",
"2359",
"1852",
"1430",
"1155",
"788",
"594",
"415",
"301",
"227",
"167",
"118",
"98",
"78",
"56",
"68",
"48",
"47",
"72",
"44",
"48",
"47",
"51",
"60",
"60",
"40",
"61",
"57",
"65",
"57",
"77",
"84",
"69",
"88",
"88",
"105",
"114",
"122",
"107",
"148",
"137",
"153",
"139",
"123",
"116",
"132",
"108",
"114",
"113",
"86",
"73",
"77",
"70",
"57",
"75",
"53",
"55",
"66",
"63",
"61",
"68",
"56",
"62",
"45",
"72",
"70",
"40",
"60",
"61",
"51",
"55",
"57",
"70",
"78",
"75",
"74",
"83",
"84",
"88",
"94",
"94",
"100",
"86",
"108",
"120",
"103",
"108",
"108",
"134",
"123",
"118",
"132",
"111",
"120",
"122",
"124",
"109",
"109",
"92",
"95",
"105",
"82",
"88",
"86",
"83",
"85",
"65",
"84",
"107",
"115",
"85",
"92",
"82",
"70",
"98",
"102",
"86",
"88",
"97",
"85",
"96",
"97",
"98",
"78",
"112",
"83",
"98",
"117",
"101",
"108",
"95",
"113",
"168",
"143",
"154",
"151",
"122",
"172",
"171",
"166",
"183",
"180",
"183",
"151",
"174",
"180",
"181",
"173",
"185",
"152",
"160",
"131",
"155",
"147",
"142",
"132",
"147",
"147",
"134",
"163",
"136",
"155",
"129",
"141",
"139",
"149",
"132",
"132",
"134",
"160",
"149",
"128",
"138",
"137",
"137",
"132",
"134",
"118",
"108",
"130",
"141",
"121",
"117",
"123",
"119",
"103",
"105",
"136",
"120",
"104",
"108",
"113",
"129",
"116",
"115",
"112",
"112",
"101",
"114",
"108",
"117",
"114",
"112",
"104",
"122",
"107",
"116",
"112",
"100",
"122",
"133",
"102",
"99",
"84",
"105",
"134",
"101",
"115",
"120",
"88",
"102",
"104",
"100",
"98",
"106",
"102",
"100",
"135",
"107",
"118",
"107",
"100",
"124",
"126",
"135",
"129",
"89",
"108",
"99",
"111",
"99",
"105",
"108",
"100",
"107",
"121",
"118",
"108",
"97",
"101",
"113",
"120",
"104",
"131",
"96",
"107",
"84",
"109",
"107",
"114",
"104",
"94",
"91",
"108",
"117",
"111",
"104",
"98",
"96",
"124",
"94",
"99",
"105",
"108",
"108",
"116",
"98",
"111",
"109",
"132",
"135",
"118",
"108",
"119",
"95",
"107",
"119",
"122",
"122",
"115",
"109",
"120",
"116",
"122",
"120",
"125",
"138",
"124",
"126",
"148",
"146",
"147",
"165",
"143",
"147",
"156",
"153",
"138",
"145",
"139",
"146",
"112",
"120",
"129",
"116",
"118",
"137",
"105",
"138",
"121",
"113",
"109",
"102",
"117",
"107",
"113",
"120",
"125",
"112",
"125",
"115",
"100",
"124",
"111",
"158",
"139",
"115",
"121",
"117",
"130",
"119",
"118",
"114",
"153",
"126",
"132",
"122",
"112",
"107",
"129",
"136",
"133",
"142",
"157",
"159",
"140",
"155",
"145",
"170",
"154",
"156",
"158",
"165",
"180",
"149",
"171",
"158",
"156",
"162",
"146",
"173",
"125",
"141",
"132",
"143",
"106",
"133",
"162",
"122",
"133",
"149",
"120",
"130",
"138",
"119",
"138",
"157",
"153",
"153",
"151",
"158",
"145",
"147",
"171",
"167",
"180",
"172",
"190",
"206",
"192",
"176",
"216",
"184",
"169",
"200",
"168",
"176",
"153",
"180",
"151",
"181",
"162",
"180",
"167",
"132",
"138",
"132",
"130",
"133",
"121",
"123",
"137",
"121",
"120",
"111",
"121",
"117",
"111",
"119",
"142",
"136",
"111",
"125",
"114",
"117",
"121",
"116",
"128",
"124",
"155",
"134",
"138",
"129",
"126",
"130",
"114",
"142",
"121",
"130",
"135",
"123",
"130",
"135",
"133",
"126",
"118",
"151",
"136",
"123",
"113",
"114",
"141",
"117",
"132",
"122",
"126",
"139",
"121",
"113",
"145",
"123",
"137",
"131",
"133",
"137",
"92",
"102",
"121",
"124",
"99",
"148",
"119",
"106",
"128",
"129",
"125",
"106",
"114",
"101",
"132",
"120",
"120",
"115",
"120",
"117",
"124",
"111",
"116",
"105",
"131",
"111",
"125",
"130",
"118",
"134",
"114",
"125",
"101",
"114",
"134",
"113",
"107",
"109",
"111",
"130",
"124",
"100",
"105",
"125",
"131",
"116",
"123",
"105",
"119",
"117",
"115",
"133",
"105",
"108",
"132",
"117",
"114",
"125",
"115",
"108",
"120",
"113",
"117",
"105",
"115",
"121",
"113",
"117",
"102",
"123",
"116",
"116",
"107",
"104",
"107",
"95",
"104",
"89",
"104",
"119",
"120",
"97",
"109",
"139",
"131",
"116",
"111",
"118",
"118",
"114",
"131",
"125",
"98",
"115",
"112",
"114",
"114",
"104",
"118",
"112",
"98",
"116",
"114",
"100",
"117",
"99",
"102",
"115",
"81",
"114",
"108",
"121",
"106",
"112",
"103",
"112",
"97",
"108",
"114",
"106",
"114",
"114",
"102",
"106",
"111",
"109",
"89",
"103",
"103",
"104",
"115",
"111",
"107",
"116",
"107",
"106",
"115",
"125",
"109",
"111",
"113",
"102",
"128",
"106",
"113",
"105",
"106",
"91",
"92",
"134",
"95",
"112",
"108",
"105",
"119",
"116",
"96",
"103",
"122",
"116",
"95",
"109",
"113",
"124",
"119",
"125",
"124",
"95",
"100",
"95",
"103",
"101",
"101",
"99",
"102",
"95",
"107",
"108",
"143",
"137",
"88",
"91",
"107",
"102",
"102",
"109",
"120",
"116",
"91",
"111",
"108",
"102",
"92",
"138",
"95",
"97",
"119",
"116",
"123",
"90",
"109",
"111",
"117",
"92",
"112",
"118",
"107",
"128",
"104",
"105",
"122",
"113",
"118",
"125",
"97",
"124",
"123",
"118",
"123",
"105",
"112",
"121",
"114",
"116",
"116",
"100",
"108",
"113",
"105",
"119",
"119",
"118",
"102",
"114",
"95",
"109",
"102",
"92",
"115",
"114",
"86",
"116",
"124",
"98",
"108",
"99",
"109",
"94",
"101",
"122",
"118",
"120",
"100",
"108",
"120",
"108",
"99",
"118",
"90",
"95",
"115",
"83",
"117",
"117",
"95",
"90",
"117",
"89",
"101",
"97",
"90",
"125",
"82",
"111",
"84",
"105",
"94",
"117",
"106",
"104",
"91",
"102",
"92",
"108",
"80",
"103",
"84",
"102",
"107",
"101",
"115",
"107",
"97",
"89",
"111",
"98",
"96",
"109",
"98",
"91",
"84",
"100",
"109",
"106",
"94",
"88",
"99",
"92",
"111",
"90",
"116",
"100",
"116",
"103",
"105",
"108",
"94",
"107",
"103",
"103",
"119",
"109",
"79",
"106",
"104",
"98",
"92",
"104",
"84",
"92",
"83",
"101",
"91",
"108",
"97",
"115",
"99",
"91",
"90",
"96",
"92",
"107",
"97",
"89",
"104",
"108",
"80",
"111",
"123",
"97",
"97",
"118",
"100",
"101",
"103",
"88",
"92",
"91",
"89",
"88",
"101",
"103",
"101",
"106",
"104",
"92",
"98",
"94",
"92",
"95",
"102",
"115",
"106",
"86",
"92",
"96",
"75",
"107",
"118",
"99",
"98",
"96",
"108",
"108",
"94",
"112",
"87",
"89",
"116",
"99",
"94",
"107",
"103",
"100",
"95",
"89",
"89",
"87",
"89",
"87",
"98",
"117",
"112",
"89",
"96",
"86",
"103",
"102",
"106",
"82",
"99",
"96",
"91",
"112",
"81",
"89",
"85",
"90",
"87",
"113",
"90",
"84",
"91",
"84",
"90",
"103",
"97",
"95",
"105",
"88",
"91",
"79",
"104",
"96",
"90",
"83",
"101",
"85",
"91",
"92",
"102",
"88",
"81",
"112",
"80",
"78",
"87",
"89",
"115",
"89",
"92",
"106",
"84",
"90",
"73",
"89",
"107",
"86",
"95",
"112",
"95",
"88",
"75",
"102",
"105",
"79",
"105",
"97",
"99",
"72",
"87",
"77",
"75",
"83",
"81",
"95",
"90",
"94",
"92",
"86",
"83",
"81",
"97",
"91",
"83",
"87",
"79",
"80",
"103",
"98",
"92",
"96",
"99",
"87",
"90",
"78",
"78",
"84",
"95",
"79",
"89",
"99",
"79",
"87",
"78",
"84",
"100",
"78",
"80",
"69",
"80",
"81",
"88",
"92",
"87",
"84",
"87",
"87",
"95",
"87",
"82",
"90",
"91",
"81",
"81",
"98",
"80",
"75",
"67",
"95",
"94",
"102",
"71",
"95",
"87",
"84",
"100",
"77",
"81",
"79",
"79",
"85",
"82",
"82",
"88",
"80",
"68",
"96",
"92",
"84",
"92",
"86",
"84",
"87",
"86",
"77",
"94",
"94",
"98",
"75",
"85",
"88",
"86",
"84",
"72",
"80",
"85",
"104",
"89",
"68",
"88",
"96",
"99",
"61",
"81",
"75",
"70",
"104",
"83",
"87",
"102",
"64",
"87",
"79",
"89",
"70",
"88",
"71",
"82",
"98",
"66",
"80",
"86",
"77",
"66",
"75",
"69",
"74",
"73",
"97",
"74",
"94",
"96",
"65",
"95",
"88",
"86",
"71",
"78",
"68",
"98",
"78",
"77",
"84",
"78",
"70",
"84",
"78",
"94",
"100",
"67",
"67",
"80",
"78",
"67",
"86",
"68",
"96",
"61",
"80",
"66",
"84",
"83",
"72",
"67",
"77",
"77",
"75",
"66",
"66",
"82",
"73",
"92",
"61",
"56",
"75",
"99",
"73",
"79",
"85",
"84",
"77",
"90",
"61",
"87",
"63",
"65",
"72",
"87",
"65",
"72",
"84",
"85",
"73",
"81",
"70",
"74",
"97",
"71",
"68",
"77",
"81",
"74",
"65",
"72",
"77",
"78",
"94",
"79",
"74",
"83",
"75",
"64",
"78",
"74",
"73",
"83",
"78",
"85",
"75",
"70",
"80",
"78",
"79",
"79",
"88",
"73",
"85",
"83",
"85",
"61",
"74",
"82",
"63",
"91",
"80",
"83",
"89",
"64",
"65",
"62",
"73",
"73",
"67",
"78",
"63",
"96",
"57",
"90",
"69",
"72",
"77",
"72",
"67",
"74",
"66",
"66",
"52",
"75",
"71",
"53",
"75",
"75",
"72",
"77",
"82",
"71",
"66",
"74",
"70",
"84",
"73",
"71",
"68",
"75",
"61",
"85",
"69",
"75",
"80",
"80",
"74",
"66",
"65",
"85",
"67",
"70",
"82",
"89",
"68",
"69",
"89",
"70",
"65",
"75",
"63",
"78",
"85",
"61",
"84",
"73",
"94",
"65",
"63",
"98",
"83",
"71",
"62",
"75",
"71",
"79",
"79",
"80",
"90",
"73",
"77",
"70",
"75",
"68",
"62",
"91",
"72",
"77",
"64",
"83",
"77",
"62",
"51",
"74",
"69",
"83",
"74",
"73",
"88",
"83",
"61",
"71",
"82",
"72",
"68",
"84",
"63",
"74",
"88",
"81",
"84",
"66",
"85",
"82",
"77",
"80",
"66",
"81",
"92",
"66",
"80",
"71",
"87",
"67",
"86",
"83",
"74",
"73",
"87",
"92",
"87",
"84",
"68",
"87",
"91",
"86",
"87",
"75",
"65",
"90",
"73",
"88",
"84",
"82",
"62",
"83",
"91",
"97",
"82",
"98",
"73",
"78",
"86",
"79",
"91",
"98",
"83",
"103",
"113",
"83",
"81",
"102",
"98",
"104",
"118",
"100",
"90",
"111",
"107",
"105",
"99",
"106",
"101",
"100",
"119",
"113",
"106",
"113",
"124",
"117",
"108",
"134",
"125",
"116",
"105",
"122",
"143",
"135",
"129",
"157",
"153",
"143",
"148",
"155",
"167",
"159",
"200",
"169",
"198",
"194",
"207",
"189",
"213",
"220",
"251",
"220",
"251",
"250",
"285",
"298",
"287",
"294",
"337",
"312",
"287",
"357",
"339",
"387",
"375",
"398",
"372",
"443",
"410",
"425",
"403",
"424",
"465",
"455",
"510",
"471",
"487",
"440",
"488",
"530",
"482",
"542",
"504",
"510",
"541",
"547",
"508",
"555",
"524",
"524",
"499",
"543",
"486",
"453",
"468",
"470",
"488",
"458",
"406",
"460",
"432",
"418",
"401",
"425",
"400",
"385",
"358",
"364",
"366",
"343",
"296",
"306",
"283",
"259",
"250",
"291",
"261",
"249",
"236",
"275",
"242",
"209",
"219",
"191",
"173",
"165",
"167",
"179",
"194",
"155",
"175",
"152",
"155",
"148",
"141",
"133",
"141",
"146",
"122",
"115",
"100",
"112",
"98",
"112",
"122",
"118",
"100",
"132",
"122",
"117",
"109",
"138",
"145",
"138",
"145",
"152",
"148",
"169",
"175",
"184",
"176",
"189",
"199",
"211",
"211",
"204",
"193",
"237",
"217",
"221",
"221",
"252",
"258",
"249",
"222",
"247",
"243",
"222",
"205",
"249",
"200",
"204",
"183",
"267",
"175",
"176",
"163",
"163",
"160",
"146",
"132",
"125",
"123",
"102",
"123",
"106",
"99",
"108",
"69",
"98",
"85",
"60",
"64",
"78",
"72",
"78",
"75",
"74",
"43",
"68",
"66",
"54",
"69",
"77",
"35291",
"Channel_info_start",
"Channel : Mg",
"Points : 0",
"Range : 0.000000 - 0.000000",
"Step : 0.010000",
"Channel_info_end",
"Channel_info_start",
"Channel : Al",
"Points : 0",
"Range : 0.000000 - 0.000000",
"Step : 0.010000",
"Channel_info_end",
"Channel_info_start",
"Channel : Si",
"Points : 0",
"Range : 0.000000 - 0.000000",
"Step : 0.010000",
"Channel_info_end",
"Channel_info_start",
"Channel : P ",
"Points : 0",
"Range : 0.000000 - 0.000000",
"Step : 0.010000",
"Channel_info_end",
"Channel_info_start",
"Channel : S ",
"Points : 0",
"Range : 0.000000 - 0.000000",
"Step : 0.010000",
"Channel_info_end",
"Channel_info_start",
"Channel : Cl",
"Points : 0",
"Range : 0.000000 - 0.000000",
"Step : 0.010000",
"Channel_info_end",
"Channel_info_start",
"Channel : K ",
"Points : 0",
"Range : 0.000000 - 0.000000",
"Step : 0.010000",
"Channel_info_end",
"Channel_info_start",
"Channel : Ca",
"Points : 0",
"Range : 0.000000 - 0.000000",
"Step : 0.010000",
"Channel_info_end",
"Channel_info_start",
"Channel : Ti",
"Points : 0",
"Range : 0.000000 - 0.000000",
"Step : 0.010000",
"Channel_info_end",
"Channel_info_start",
"Channel : V ",
"Points : 0",
"Range : 0.000000 - 0.000000",
"Step : 0.010000",
"Channel_info_end",
"Channel_info_start",
"Channel : Cr",
"Points : 0",
"Range : 0.000000 - 0.000000",
"Step : 0.010000",
"Channel_info_end",
"Channel_info_start",
"Channel : Mn",
"Points : 0",
"Range : 0.000000 - 0.000000",
"Step : 0.010000",
"Channel_info_end",
"Channel_info_start",
"Channel : Fe",
"Points : 0",
"Range : 0.000000 - 0.000000",
"Step : 0.010000",
"Channel_info_end",
"Channel_info_start",
"Channel : Cu",
"Points : 0",
"Range : 0.000000 - 0.000000",
"Step : 0.010000",
"Channel_info_end",
"Channel_info_start",
"Channel : Zn",
"Points : 0",
"Range : 0.000000 - 0.000000",
"Step : 0.010000",
"Channel_info_end",
"Channel_info_start",
"Channel : Sr",
"Points : 0",
"Range : 0.000000 - 0.000000",
"Step : 0.010000",
"Channel_info_end",
"Channel_info_start",
"Channel : Pb",
"Points : 0",
"Range : 0.000000 - 0.000000",
"Step : 0.010000",
"Channel_info_end",
"",
"Qualitative Result",
"--------------------------------------------------------------------------------",
"Element :  P , Ti, Ca, Cr, Rh",
"",
"Peak List",
"--------------------------------------------------------------------------------",
"Channel               Line        keV     Net Int.(cps/uA)",
"--------------------------------------------------------------------------------",
"Na                    P Ka         1.99     0.013",
"                      TiKaESC      2.74     0.079",
"                      CaKa         3.68     0.174",
"                      CaKb         4.00     0.022",
"                      TiKa         4.49    11.008",
"                      TiKb         4.92     1.374",
"                      CrKa         5.39     0.023",
"                      ----         6.44     0.023",
"                      RhKaC       19.21     0.142",
"                      ----        19.52     0.044",
"                      RhKa        20.05     0.065",
"--------------------------------------------------------------------------------",
"",
"Quantitative Result",
"--------------------------------------------------------------------------------",
"Analyte               Result             Std.Dev. Proc.-Calc. Line Intensity(cps/uA)",
"--------------------------------------------------------------------------------",
"====[No. 1 Layer]====< Layer1               >===============================",
"Layer1                   0.000 ug/cm2    -------- Flux       -------- --------",
