"Sample    : wo3_34711_16p",
"Operator  : ",
"Comment  : micromatter wo3 51.4ug/cm2",
"Group     : kerr2007ab13liv300al",
"Date       : 2013-03-06 21:47:11",
"",
"Mesurement Condition",
"------------------------------------------------------------------------------------",
"Instrument : 700HS2   Atmosphere : Vac.   Collimator : 10(mm)   Spin : No",
"------------------------------------------------------------------------------------",
"Analyte               TG kV   uA      FI Acq.(keV)  Anal.(keV)  Time(sec)     DT(%)",
"------------------------------------------------------------------------------------",
"Na                    Rh 50  296-Auto Al  0 - 20    0.8 - 1.2   Live -  180   21",
"",
"<Profile>",
"Channel_info_start",
"Channel : Na",
"Points : 2048",
"Range : 0.000000 - 20.480000",
"Step : 0.010000",
"Channel_info_end",
"0",
"0",
"0",
"0",
"0",
"0",
"0",
"0",
"0",
"0",
"0",
"0",
"0",
"0",
"0",
"0",
"0",
"0",
"0",
"0",
"0",
"0",
"0",
"0",
"0",
"0",
"0",
"0",
"0",
"2",
"16",
"36",
"36",
"40",
"39",
"39",
"50",
"40",
"41",
"27",
"27",
"41",
"44",
"42",
"30",
"30",
"38",
"19",
"36",
"26",
"29",
"31",
"25",
"27",
"40",
"34",
"41",
"29",
"27",
"38",
"49",
"39",
"24",
"42",
"32",
"36",
"31",
"31",
"38",
"28",
"32",
"30",
"23",
"27",
"24",
"36",
"41",
"16",
"18",
"41",
"36",
"25",
"27",
"19",
"32",
"24",
"25",
"23",
"23",
"19",
"23",
"28",
"27",
"28",
"30",
"32",
"18",
"28",
"34",
"23",
"27",
"27",
"28",
"30",
"30",
"35",
"36",
"28",
"26",
"31",
"30",
"38",
"31",
"31",
"26",
"45",
"33",
"25",
"29",
"38",
"39",
"46",
"41",
"42",
"44",
"41",
"50",
"68",
"76",
"71",
"104",
"120",
"161",
"189",
"217",
"262",
"287",
"324",
"292",
"288",
"274",
"276",
"225",
"222",
"163",
"164",
"135",
"116",
"115",
"93",
"90",
"117",
"130",
"112",
"97",
"113",
"115",
"121",
"122",
"137",
"156",
"193",
"201",
"190",
"231",
"314",
"407",
"533",
"685",
"978",
"1254",
"1695",
"2078",
"2723",
"3066",
"3804",
"4121",
"4520",
"4639",
"4862",
"4711",
"4691",
"4284",
"3971",
"3389",
"3034",
"2569",
"2131",
"1687",
"1425",
"1033",
"821",
"610",
"502",
"403",
"341",
"334",
"313",
"351",
"400",
"392",
"376",
"413",
"370",
"394",
"351",
"317",
"289",
"231",
"171",
"153",
"140",
"116",
"98",
"63",
"72",
"72",
"64",
"59",
"67",
"57",
"60",
"64",
"84",
"85",
"94",
"119",
"118",
"129",
"148",
"134",
"153",
"152",
"149",
"108",
"143",
"131",
"112",
"105",
"72",
"79",
"73",
"59",
"49",
"48",
"33",
"35",
"34",
"42",
"35",
"33",
"29",
"24",
"21",
"20",
"39",
"17",
"32",
"35",
"23",
"24",
"25",
"33",
"20",
"34",
"29",
"28",
"28",
"25",
"32",
"27",
"36",
"33",
"36",
"30",
"33",
"34",
"43",
"32",
"26",
"31",
"30",
"39",
"25",
"43",
"33",
"28",
"31",
"31",
"23",
"26",
"18",
"28",
"24",
"24",
"35",
"17",
"20",
"18",
"21",
"15",
"25",
"25",
"17",
"28",
"23",
"17",
"14",
"14",
"29",
"19",
"25",
"14",
"23",
"28",
"25",
"18",
"26",
"28",
"30",
"21",
"32",
"29",
"29",
"20",
"17",
"21",
"25",
"38",
"31",
"25",
"23",
"21",
"17",
"21",
"19",
"30",
"25",
"27",
"34",
"31",
"19",
"34",
"32",
"19",
"26",
"20",
"36",
"42",
"29",
"43",
"55",
"54",
"86",
"88",
"113",
"156",
"192",
"240",
"317",
"408",
"533",
"556",
"714",
"847",
"989",
"1058",
"1135",
"1149",
"1115",
"964",
"871",
"835",
"742",
"619",
"485",
"397",
"319",
"226",
"176",
"117",
"119",
"96",
"85",
"63",
"60",
"67",
"44",
"74",
"71",
"84",
"79",
"102",
"84",
"116",
"108",
"138",
"131",
"155",
"158",
"159",
"169",
"173",
"131",
"176",
"131",
"101",
"114",
"101",
"82",
"71",
"54",
"54",
"74",
"53",
"43",
"45",
"38",
"27",
"29",
"33",
"43",
"41",
"35",
"41",
"38",
"36",
"43",
"34",
"43",
"46",
"52",
"43",
"56",
"40",
"63",
"57",
"62",
"58",
"63",
"60",
"61",
"68",
"64",
"68",
"73",
"74",
"63",
"58",
"76",
"73",
"81",
"58",
"82",
"82",
"91",
"83",
"84",
"59",
"67",
"78",
"78",
"78",
"72",
"86",
"77",
"72",
"78",
"72",
"75",
"76",
"86",
"69",
"72",
"76",
"67",
"79",
"81",
"62",
"73",
"79",
"68",
"50",
"62",
"81",
"86",
"54",
"64",
"67",
"62",
"71",
"64",
"67",
"58",
"58",
"63",
"76",
"67",
"76",
"61",
"77",
"56",
"64",
"84",
"59",
"84",
"78",
"78",
"79",
"70",
"70",
"82",
"59",
"76",
"67",
"71",
"73",
"82",
"65",
"84",
"64",
"58",
"85",
"71",
"73",
"74",
"64",
"79",
"72",
"70",
"58",
"77",
"76",
"75",
"72",
"86",
"76",
"78",
"57",
"85",
"89",
"73",
"74",
"92",
"75",
"75",
"62",
"69",
"86",
"107",
"85",
"82",
"86",
"84",
"85",
"72",
"74",
"97",
"97",
"77",
"83",
"103",
"92",
"98",
"96",
"112",
"89",
"87",
"102",
"85",
"78",
"87",
"109",
"92",
"82",
"84",
"79",
"90",
"65",
"81",
"104",
"99",
"90",
"100",
"93",
"81",
"113",
"87",
"85",
"93",
"112",
"118",
"104",
"107",
"99",
"103",
"118",
"98",
"109",
"106",
"89",
"112",
"99",
"121",
"125",
"106",
"100",
"111",
"105",
"126",
"102",
"118",
"137",
"147",
"116",
"120",
"104",
"121",
"114",
"128",
"111",
"87",
"105",
"130",
"130",
"141",
"121",
"120",
"128",
"129",
"118",
"152",
"141",
"125",
"145",
"145",
"172",
"161",
"149",
"165",
"145",
"133",
"174",
"159",
"144",
"165",
"169",
"151",
"153",
"159",
"165",
"167",
"159",
"158",
"146",
"159",
"140",
"165",
"159",
"158",
"179",
"143",
"148",
"186",
"170",
"164",
"149",
"177",
"162",
"167",
"185",
"155",
"157",
"162",
"157",
"157",
"164",
"150",
"160",
"159",
"159",
"157",
"164",
"150",
"153",
"150",
"178",
"171",
"136",
"167",
"156",
"138",
"148",
"153",
"146",
"148",
"158",
"146",
"159",
"151",
"150",
"147",
"166",
"148",
"137",
"167",
"165",
"145",
"151",
"143",
"133",
"182",
"178",
"176",
"166",
"177",
"179",
"196",
"188",
"210",
"216",
"235",
"248",
"283",
"307",
"418",
"433",
"495",
"589",
"623",
"703",
"723",
"873",
"875",
"927",
"962",
"1050",
"1023",
"976",
"975",
"1001",
"981",
"839",
"788",
"717",
"686",
"598",
"531",
"466",
"404",
"370",
"338",
"311",
"304",
"220",
"210",
"208",
"186",
"193",
"202",
"187",
"175",
"186",
"150",
"172",
"158",
"160",
"180",
"182",
"174",
"122",
"191",
"147",
"175",
"186",
"195",
"177",
"188",
"166",
"153",
"163",
"180",
"158",
"184",
"205",
"213",
"181",
"205",
"195",
"229",
"208",
"207",
"220",
"231",
"216",
"242",
"220",
"220",
"221",
"220",
"283",
"229",
"237",
"261",
"240",
"276",
"278",
"259",
"283",
"298",
"278",
"311",
"354",
"403",
"484",
"587",
"686",
"908",
"1078",
"1414",
"1725",
"2261",
"2799",
"3556",
"4215",
"5223",
"6197",
"7271",
"8734",
"9800",
"11004",
"12798",
"13761",
"14781",
"15450",
"16332",
"17130",
"17314",
"17029",
"16764",
"16226",
"15553",
"14195",
"13127",
"12416",
"10827",
"9330",
"8416",
"6788",
"5872",
"4766",
"4095",
"3227",
"2470",
"1937",
"1541",
"1357",
"1086",
"804",
"694",
"653",
"584",
"523",
"522",
"532",
"513",
"508",
"488",
"526",
"483",
"499",
"476",
"464",
"483",
"458",
"412",
"371",
"384",
"353",
"336",
"298",
"307",
"298",
"274",
"251",
"257",
"231",
"185",
"200",
"230",
"201",
"208",
"196",
"171",
"205",
"206",
"203",
"200",
"147",
"186",
"188",
"192",
"193",
"173",
"182",
"178",
"172",
"159",
"186",
"182",
"176",
"171",
"178",
"181",
"173",
"179",
"172",
"165",
"166",
"193",
"195",
"208",
"188",
"191",
"195",
"177",
"201",
"225",
"225",
"231",
"266",
"263",
"299",
"330",
"369",
"343",
"436",
"521",
"554",
"610",
"726",
"883",
"957",
"1161",
"1306",
"1491",
"1683",
"1977",
"2175",
"2558",
"2826",
"3188",
"3847",
"4373",
"4598",
"5096",
"5797",
"6421",
"6802",
"7410",
"8519",
"8530",
"8798",
"9046",
"9434",
"9486",
"9116",
"9265",
"8852",
"8535",
"8023",
"7683",
"7260",
"6758",
"6076",
"5797",
"5310",
"4889",
"4394",
"4086",
"3889",
"3646",
"3541",
"3559",
"3340",
"3444",
"3440",
"3388",
"3444",
"3536",
"3436",
"3440",
"3713",
"3466",
"3477",
"3222",
"3320",
"3128",
"2929",
"2800",
"2578",
"2339",
"1998",
"1920",
"1730",
"1498",
"1213",
"1120",
"996",
"835",
"732",
"674",
"551",
"535",
"438",
"416",
"391",
"418",
"377",
"397",
"336",
"334",
"337",
"327",
"279",
"301",
"304",
"278",
"277",
"221",
"228",
"223",
"208",
"208",
"188",
"190",
"166",
"184",
"152",
"150",
"157",
"148",
"145",
"125",
"152",
"126",
"134",
"152",
"129",
"120",
"138",
"146",
"135",
"136",
"143",
"126",
"118",
"155",
"128",
"135",
"121",
"140",
"143",
"135",
"130",
"156",
"128",
"125",
"134",
"136",
"143",
"146",
"136",
"153",
"153",
"151",
"144",
"159",
"178",
"179",
"164",
"166",
"144",
"176",
"156",
"174",
"217",
"174",
"200",
"200",
"173",
"177",
"203",
"167",
"187",
"198",
"218",
"202",
"188",
"193",
"219",
"208",
"225",
"230",
"232",
"261",
"277",
"341",
"335",
"392",
"410",
"493",
"567",
"635",
"681",
"931",
"942",
"1066",
"1089",
"1185",
"1358",
"1438",
"1482",
"1521",
"1717",
"1683",
"1624",
"1674",
"1656",
"1592",
"1502",
"1420",
"1482",
"1271",
"1172",
"1106",
"1086",
"916",
"787",
"808",
"707",
"543",
"543",
"500",
"501",
"482",
"455",
"463",
"427",
"448",
"480",
"537",
"546",
"529",
"546",
"560",
"624",
"667",
"696",
"659",
"681",
"702",
"693",
"660",
"633",
"660",
"616",
"582",
"558",
"569",
"507",
"451",
"480",
"444",
"349",
"363",
"325",
"282",
"250",
"252",
"229",
"209",
"176",
"160",
"191",
"172",
"148",
"173",
"153",
"170",
"173",
"150",
"180",
"175",
"165",
"160",
"188",
"175",
"203",
"185",
"223",
"199",
"188",
"216",
"221",
"191",
"211",
"184",
"230",
"169",
"191",
"177",
"170",
"171",
"169",
"151",
"163",
"140",
"141",
"136",
"127",
"126",
"133",
"108",
"111",
"107",
"119",
"109",
"127",
"104",
"114",
"96",
"104",
"119",
"120",
"121",
"109",
"107",
"113",
"114",
"104",
"114",
"100",
"84",
"82",
"111",
"111",
"103",
"108",
"103",
"118",
"117",
"119",
"127",
"94",
"100",
"113",
"116",
"101",
"99",
"108",
"113",
"97",
"113",
"119",
"101",
"85",
"99",
"103",
"120",
"102",
"117",
"133",
"115",
"108",
"112",
"117",
"117",
"96",
"125",
"117",
"115",
"103",
"128",
"108",
"109",
"97",
"103",
"111",
"138",
"108",
"106",
"136",
"114",
"108",
"109",
"101",
"115",
"102",
"109",
"118",
"134",
"89",
"108",
"101",
"83",
"105",
"107",
"113",
"88",
"109",
"97",
"121",
"100",
"96",
"92",
"93",
"119",
"93",
"94",
"122",
"108",
"88",
"94",
"112",
"100",
"82",
"120",
"103",
"121",
"104",
"117",
"106",
"105",
"106",
"109",
"93",
"104",
"97",
"105",
"111",
"111",
"117",
"112",
"114",
"101",
"100",
"104",
"102",
"103",
"93",
"121",
"114",
"121",
"90",
"90",
"108",
"101",
"105",
"97",
"105",
"89",
"107",
"120",
"101",
"126",
"98",
"118",
"90",
"105",
"111",
"111",
"94",
"97",
"87",
"104",
"90",
"100",
"93",
"92",
"98",
"88",
"103",
"99",
"84",
"101",
"91",
"91",
"90",
"82",
"84",
"94",
"94",
"102",
"130",
"89",
"113",
"77",
"102",
"99",
"108",
"93",
"88",
"105",
"98",
"91",
"86",
"100",
"122",
"96",
"100",
"76",
"94",
"112",
"94",
"84",
"85",
"89",
"83",
"97",
"86",
"105",
"94",
"91",
"92",
"83",
"83",
"90",
"88",
"99",
"103",
"97",
"106",
"91",
"93",
"98",
"93",
"96",
"92",
"91",
"98",
"85",
"106",
"85",
"112",
"81",
"85",
"106",
"105",
"97",
"122",
"109",
"100",
"83",
"82",
"88",
"100",
"92",
"78",
"75",
"87",
"109",
"93",
"92",
"89",
"106",
"63",
"108",
"83",
"106",
"94",
"94",
"105",
"98",
"108",
"108",
"108",
"105",
"78",
"79",
"94",
"100",
"94",
"109",
"101",
"88",
"91",
"93",
"99",
"86",
"100",
"94",
"79",
"94",
"64",
"71",
"94",
"96",
"83",
"96",
"103",
"81",
"94",
"89",
"101",
"93",
"81",
"86",
"86",
"84",
"99",
"91",
"106",
"96",
"89",
"82",
"102",
"81",
"85",
"69",
"91",
"87",
"93",
"83",
"86",
"101",
"81",
"75",
"86",
"88",
"90",
"75",
"97",
"83",
"100",
"88",
"96",
"106",
"96",
"87",
"75",
"86",
"90",
"89",
"87",
"98",
"83",
"71",
"79",
"87",
"82",
"72",
"93",
"102",
"93",
"91",
"92",
"94",
"83",
"92",
"91",
"76",
"76",
"78",
"75",
"76",
"99",
"87",
"98",
"76",
"86",
"106",
"85",
"70",
"87",
"86",
"68",
"100",
"74",
"93",
"83",
"78",
"90",
"83",
"89",
"94",
"77",
"70",
"98",
"77",
"75",
"82",
"75",
"96",
"85",
"85",
"81",
"79",
"79",
"83",
"68",
"79",
"73",
"78",
"74",
"79",
"84",
"75",
"79",
"90",
"69",
"96",
"84",
"103",
"88",
"77",
"74",
"87",
"81",
"88",
"73",
"90",
"83",
"85",
"71",
"71",
"84",
"87",
"76",
"85",
"73",
"70",
"84",
"91",
"98",
"79",
"76",
"84",
"89",
"75",
"90",
"98",
"81",
"87",
"102",
"87",
"58",
"89",
"84",
"82",
"81",
"92",
"91",
"92",
"91",
"63",
"63",
"73",
"78",
"81",
"82",
"90",
"87",
"88",
"89",
"75",
"76",
"89",
"73",
"96",
"87",
"89",
"89",
"76",
"85",
"77",
"100",
"98",
"91",
"91",
"87",
"102",
"79",
"82",
"117",
"92",
"92",
"89",
"69",
"76",
"94",
"89",
"62",
"71",
"75",
"71",
"84",
"86",
"67",
"77",
"86",
"62",
"74",
"62",
"78",
"78",
"67",
"63",
"79",
"69",
"72",
"81",
"74",
"89",
"81",
"79",
"79",
"69",
"64",
"79",
"85",
"65",
"73",
"76",
"104",
"68",
"92",
"64",
"79",
"86",
"56",
"70",
"90",
"72",
"85",
"67",
"78",
"54",
"63",
"60",
"75",
"85",
"68",
"88",
"79",
"69",
"87",
"50",
"86",
"85",
"76",
"75",
"60",
"84",
"85",
"76",
"77",
"78",
"65",
"57",
"79",
"83",
"82",
"75",
"74",
"79",
"76",
"55",
"71",
"84",
"92",
"87",
"83",
"73",
"79",
"78",
"91",
"75",
"74",
"86",
"92",
"64",
"84",
"88",
"109",
"74",
"78",
"90",
"71",
"89",
"100",
"86",
"96",
"98",
"92",
"106",
"101",
"106",
"101",
"96",
"97",
"100",
"82",
"92",
"102",
"92",
"94",
"105",
"85",
"93",
"103",
"114",
"98",
"107",
"104",
"101",
"93",
"108",
"106",
"77",
"88",
"97",
"101",
"93",
"112",
"94",
"89",
"75",
"100",
"93",
"81",
"76",
"93",
"104",
"88",
"85",
"99",
"82",
"83",
"98",
"105",
"92",
"86",
"91",
"113",
"108",
"104",
"101",
"104",
"101",
"91",
"100",
"122",
"112",
"112",
"91",
"119",
"122",
"111",
"117",
"98",
"119",
"121",
"112",
"126",
"136",
"152",
"141",
"142",
"117",
"155",
"153",
"144",
"170",
"167",
"156",
"152",
"155",
"174",
"206",
"217",
"206",
"188",
"225",
"242",
"214",
"237",
"238",
"248",
"278",
"260",
"282",
"274",
"330",
"334",
"334",
"332",
"312",
"340",
"332",
"379",
"381",
"361",
"392",
"416",
"415",
"387",
"362",
"414",
"445",
"454",
"457",
"466",
"438",
"456",
"450",
"424",
"453",
"460",
"412",
"449",
"467",
"436",
"454",
"479",
"440",
"441",
"424",
"394",
"397",
"435",
"381",
"428",
"404",
"326",
"351",
"360",
"342",
"349",
"352",
"309",
"324",
"279",
"284",
"297",
"272",
"253",
"225",
"240",
"224",
"211",
"207",
"225",
"196",
"187",
"178",
"176",
"165",
"169",
"193",
"167",
"163",
"153",
"146",
"136",
"121",
"137",
"136",
"125",
"160",
"108",
"117",
"118",
"126",
"113",
"128",
"129",
"129",
"126",
"132",
"128",
"133",
"116",
"132",
"136",
"169",
"155",
"180",
"178",
"192",
"203",
"214",
"268",
"258",
"226",
"269",
"291",
"258",
"277",
"316",
"290",
"311",
"317",
"334",
"339",
"366",
"349",
"311",
"357",
"333",
"318",
"314",
"345",
"321",
"324",
"259",
"339",
"279",
"262",
"275",
"258",
"238",
"234",
"202",
"166",
"190",
"158",
"143",
"114",
"117",
"136",
"108",
"98",
"90",
"82",
"75",
"85",
"69",
"67",
"77",
"65",
"68",
"75",
"60",
"64",
"69",
"61",
"34774",
"Channel_info_start",
"Channel : Mg",
"Points : 0",
"Range : 0.000000 - 0.000000",
"Step : 0.010000",
"Channel_info_end",
"Channel_info_start",
"Channel : Al",
"Points : 0",
"Range : 0.000000 - 0.000000",
"Step : 0.010000",
"Channel_info_end",
"Channel_info_start",
"Channel : Si",
"Points : 0",
"Range : 0.000000 - 0.000000",
"Step : 0.010000",
"Channel_info_end",
"Channel_info_start",
"Channel : P ",
"Points : 0",
"Range : 0.000000 - 0.000000",
"Step : 0.010000",
"Channel_info_end",
"Channel_info_start",
"Channel : S ",
"Points : 0",
"Range : 0.000000 - 0.000000",
"Step : 0.010000",
"Channel_info_end",
"Channel_info_start",
"Channel : Cl",
"Points : 0",
"Range : 0.000000 - 0.000000",
"Step : 0.010000",
"Channel_info_end",
"Channel_info_start",
"Channel : K ",
"Points : 0",
"Range : 0.000000 - 0.000000",
"Step : 0.010000",
"Channel_info_end",
"Channel_info_start",
"Channel : Ca",
"Points : 0",
"Range : 0.000000 - 0.000000",
"Step : 0.010000",
"Channel_info_end",
"Channel_info_start",
"Channel : Ti",
"Points : 0",
"Range : 0.000000 - 0.000000",
"Step : 0.010000",
"Channel_info_end",
"Channel_info_start",
"Channel : V ",
"Points : 0",
"Range : 0.000000 - 0.000000",
"Step : 0.010000",
"Channel_info_end",
"Channel_info_start",
"Channel : Cr",
"Points : 0",
"Range : 0.000000 - 0.000000",
"Step : 0.010000",
"Channel_info_end",
"Channel_info_start",
"Channel : Mn",
"Points : 0",
"Range : 0.000000 - 0.000000",
"Step : 0.010000",
"Channel_info_end",
"Channel_info_start",
"Channel : Fe",
"Points : 0",
"Range : 0.000000 - 0.000000",
"Step : 0.010000",
"Channel_info_end",
"Channel_info_start",
"Channel : Cu",
"Points : 0",
"Range : 0.000000 - 0.000000",
"Step : 0.010000",
"Channel_info_end",
"Channel_info_start",
"Channel : Zn",
"Points : 0",
"Range : 0.000000 - 0.000000",
"Step : 0.010000",
"Channel_info_end",
"Channel_info_start",
"Channel : Sr",
"Points : 0",
"Range : 0.000000 - 0.000000",
"Step : 0.010000",
"Channel_info_end",
"Channel_info_start",
"Channel : Pb",
"Points : 0",
"Range : 0.000000 - 0.000000",
"Step : 0.010000",
"Channel_info_end",
"",
"Qualitative Result",
"--------------------------------------------------------------------------------",
"Element :  Se, W , P , S , Ca, Yb, Ru",
"",
"Peak List",
"--------------------------------------------------------------------------------",
"Channel               Line        keV     Net Int.(cps/uA)",
"--------------------------------------------------------------------------------",
"Na                    SeLa         1.37     0.053",
"                      W Ma         1.80     1.034",
"                      P Ka         2.03     0.073",
"                      S Ka         2.32     0.025",
"                      CaKa         3.68     0.291",
"                      CaKb         4.01     0.035",
"                      W LL         7.36     0.166",
"                      YbLa         7.36     0.106",
"                      W La         8.37     4.641",
"                      YbLb1        8.37     0.904",
"                      YbLb2        8.73     0.074",
"                      W Lb1        9.64     3.037",
"                      W Lb2        9.96     0.951",
"                      W Lg1       11.25     0.531",
"                      W Lg2       11.61     0.181",
"                      RuKa        19.24     0.132",
"                      ----        19.94     0.059",
"--------------------------------------------------------------------------------",
"",
"Quantitative Result",
"--------------------------------------------------------------------------------",
"Analyte               Result             Std.Dev. Proc.-Calc. Line Intensity(cps/uA)",
"--------------------------------------------------------------------------------",
"====[No. 1 Layer]====< Layer1               >===============================",
"Layer1                   0.000 ug/cm2    -------- Flux       -------- --------",
