"Sample    : ybf3_31518",
"Operator  : ",
"Comment  : micromatter ybf3 50.7ug/cm2",
"Group     : kerr2007ab13liv300al",
"Date       : 2013-03-07 15:36:44",
"",
"Mesurement Condition",
"------------------------------------------------------------------------------------",
"Instrument : 700HS2   Atmosphere : Vac.   Collimator : 10(mm)   Spin : No",
"------------------------------------------------------------------------------------",
"Analyte               TG kV   uA      FI Acq.(keV)  Anal.(keV)  Time(sec)     DT(%)",
"------------------------------------------------------------------------------------",
"Na                    Rh 50  296-Auto Al  0 - 20    0.8 - 1.2   Live -  179   19",
"",
"<Profile>",
"Channel_info_start",
"Channel : Na",
"Points : 2048",
"Range : 0.000000 - 20.480000",
"Step : 0.010000",
"Channel_info_end",
"0",
"0",
"0",
"0",
"0",
"0",
"0",
"0",
"0",
"0",
"0",
"0",
"0",
"0",
"0",
"0",
"0",
"0",
"0",
"0",
"0",
"0",
"0",
"0",
"0",
"0",
"1",
"0",
"0",
"0",
"20",
"29",
"32",
"21",
"23",
"24",
"40",
"35",
"21",
"21",
"20",
"20",
"30",
"32",
"36",
"17",
"36",
"34",
"27",
"30",
"30",
"31",
"22",
"19",
"22",
"25",
"27",
"20",
"30",
"30",
"25",
"19",
"29",
"32",
"26",
"30",
"20",
"34",
"26",
"33",
"20",
"26",
"19",
"22",
"17",
"19",
"32",
"29",
"21",
"24",
"22",
"20",
"19",
"23",
"24",
"24",
"31",
"17",
"17",
"23",
"21",
"15",
"23",
"21",
"29",
"31",
"17",
"25",
"21",
"26",
"23",
"31",
"26",
"25",
"32",
"22",
"44",
"35",
"34",
"42",
"53",
"87",
"113",
"135",
"158",
"184",
"184",
"202",
"241",
"222",
"209",
"212",
"166",
"133",
"123",
"114",
"92",
"77",
"78",
"61",
"67",
"69",
"59",
"67",
"55",
"86",
"61",
"82",
"89",
"110",
"145",
"165",
"226",
"361",
"524",
"677",
"919",
"1224",
"1534",
"1955",
"2211",
"2581",
"2743",
"2889",
"2894",
"2919",
"2763",
"2576",
"2229",
"1978",
"1639",
"1348",
"1037",
"765",
"654",
"487",
"362",
"283",
"244",
"288",
"243",
"277",
"276",
"324",
"263",
"362",
"296",
"258",
"278",
"244",
"221",
"172",
"154",
"147",
"98",
"83",
"57",
"75",
"75",
"84",
"90",
"102",
"125",
"144",
"155",
"136",
"181",
"191",
"170",
"213",
"188",
"173",
"166",
"135",
"144",
"114",
"97",
"75",
"79",
"43",
"42",
"40",
"52",
"42",
"39",
"32",
"38",
"27",
"31",
"32",
"26",
"34",
"22",
"36",
"24",
"38",
"29",
"22",
"23",
"27",
"31",
"26",
"32",
"31",
"23",
"26",
"30",
"21",
"20",
"18",
"27",
"22",
"22",
"21",
"17",
"19",
"25",
"19",
"14",
"18",
"16",
"19",
"15",
"18",
"18",
"32",
"12",
"14",
"23",
"14",
"27",
"32",
"17",
"33",
"17",
"21",
"15",
"31",
"16",
"31",
"25",
"15",
"26",
"26",
"21",
"22",
"26",
"26",
"24",
"29",
"21",
"21",
"24",
"36",
"31",
"22",
"22",
"23",
"19",
"21",
"26",
"18",
"24",
"21",
"24",
"14",
"27",
"26",
"18",
"24",
"19",
"26",
"11",
"25",
"25",
"23",
"15",
"24",
"21",
"13",
"24",
"22",
"29",
"14",
"31",
"25",
"21",
"17",
"20",
"25",
"22",
"24",
"26",
"24",
"21",
"19",
"19",
"23",
"20",
"30",
"25",
"22",
"24",
"34",
"20",
"19",
"31",
"35",
"30",
"26",
"24",
"26",
"30",
"24",
"15",
"36",
"24",
"24",
"32",
"33",
"29",
"45",
"45",
"73",
"96",
"107",
"149",
"206",
"241",
"323",
"392",
"533",
"645",
"757",
"903",
"949",
"1024",
"1176",
"1146",
"1086",
"1036",
"927",
"819",
"722",
"609",
"539",
"394",
"321",
"246",
"155",
"136",
"111",
"72",
"75",
"79",
"52",
"75",
"64",
"74",
"71",
"83",
"89",
"87",
"99",
"96",
"136",
"131",
"163",
"138",
"181",
"177",
"174",
"162",
"182",
"124",
"139",
"123",
"117",
"108",
"73",
"58",
"62",
"59",
"64",
"52",
"59",
"44",
"36",
"39",
"37",
"36",
"40",
"50",
"41",
"53",
"50",
"35",
"32",
"46",
"41",
"48",
"50",
"56",
"43",
"59",
"65",
"54",
"49",
"65",
"79",
"59",
"61",
"63",
"68",
"62",
"72",
"54",
"76",
"65",
"74",
"79",
"63",
"93",
"76",
"64",
"71",
"61",
"71",
"78",
"87",
"81",
"73",
"71",
"106",
"61",
"76",
"81",
"94",
"81",
"84",
"71",
"82",
"63",
"64",
"76",
"74",
"81",
"70",
"70",
"75",
"69",
"69",
"79",
"63",
"58",
"60",
"55",
"68",
"61",
"70",
"54",
"78",
"63",
"55",
"63",
"67",
"79",
"62",
"59",
"74",
"45",
"73",
"73",
"69",
"59",
"70",
"55",
"70",
"59",
"68",
"68",
"67",
"72",
"81",
"73",
"64",
"72",
"90",
"65",
"78",
"59",
"75",
"55",
"60",
"67",
"62",
"58",
"79",
"68",
"60",
"73",
"81",
"71",
"69",
"76",
"73",
"68",
"65",
"74",
"72",
"82",
"81",
"88",
"84",
"75",
"77",
"71",
"84",
"80",
"57",
"96",
"99",
"67",
"82",
"78",
"97",
"100",
"93",
"95",
"103",
"103",
"100",
"99",
"116",
"121",
"119",
"105",
"123",
"121",
"97",
"98",
"114",
"116",
"105",
"95",
"109",
"92",
"107",
"100",
"84",
"95",
"91",
"111",
"90",
"88",
"107",
"101",
"112",
"87",
"114",
"80",
"100",
"103",
"94",
"96",
"114",
"93",
"93",
"97",
"120",
"96",
"92",
"111",
"92",
"130",
"112",
"102",
"121",
"127",
"128",
"112",
"121",
"113",
"125",
"120",
"111",
"96",
"114",
"121",
"133",
"125",
"128",
"128",
"151",
"131",
"128",
"120",
"140",
"143",
"136",
"148",
"154",
"166",
"171",
"184",
"177",
"194",
"203",
"230",
"262",
"310",
"327",
"363",
"451",
"523",
"525",
"635",
"713",
"742",
"790",
"830",
"833",
"896",
"958",
"917",
"863",
"800",
"777",
"717",
"685",
"634",
"546",
"490",
"447",
"410",
"358",
"278",
"309",
"231",
"235",
"196",
"188",
"215",
"169",
"189",
"176",
"164",
"181",
"195",
"190",
"159",
"176",
"164",
"180",
"175",
"164",
"154",
"153",
"170",
"194",
"172",
"176",
"207",
"210",
"176",
"191",
"185",
"199",
"181",
"189",
"202",
"207",
"189",
"200",
"211",
"242",
"221",
"193",
"222",
"215",
"237",
"238",
"274",
"285",
"268",
"297",
"388",
"408",
"477",
"596",
"757",
"940",
"1216",
"1590",
"2042",
"2624",
"3202",
"4044",
"5078",
"6163",
"7045",
"8555",
"10171",
"11192",
"12287",
"13419",
"15096",
"15683",
"15799",
"16304",
"16418",
"16057",
"15181",
"14583",
"13420",
"12151",
"10724",
"9549",
"8328",
"7201",
"5737",
"4885",
"4079",
"3222",
"2543",
"2036",
"1595",
"1228",
"1069",
"813",
"755",
"607",
"532",
"427",
"390",
"371",
"304",
"299",
"304",
"263",
"244",
"230",
"234",
"196",
"199",
"169",
"192",
"226",
"189",
"175",
"157",
"186",
"195",
"167",
"206",
"192",
"176",
"184",
"195",
"194",
"193",
"185",
"244",
"240",
"240",
"274",
"233",
"297",
"280",
"294",
"341",
"339",
"385",
"421",
"485",
"467",
"538",
"532",
"579",
"632",
"621",
"695",
"724",
"759",
"753",
"903",
"867",
"987",
"1077",
"1174",
"1375",
"1571",
"1815",
"2198",
"2541",
"3014",
"3479",
"3925",
"4659",
"5264",
"5769",
"6583",
"7237",
"7894",
"8136",
"8509",
"9146",
"9342",
"9227",
"9519",
"9193",
"9075",
"8379",
"7929",
"7627",
"7000",
"6407",
"5891",
"5130",
"4857",
"4153",
"3869",
"3432",
"3060",
"2680",
"2598",
"2310",
"1992",
"1881",
"1813",
"1782",
"1808",
"1874",
"1852",
"2003",
"2016",
"2237",
"2366",
"2458",
"2564",
"2679",
"2757",
"2887",
"2909",
"2886",
"2777",
"2696",
"2682",
"2465",
"2322",
"2145",
"1927",
"1638",
"1441",
"1334",
"1146",
"916",
"852",
"779",
"651",
"636",
"489",
"414",
"358",
"343",
"293",
"310",
"285",
"242",
"211",
"260",
"215",
"199",
"214",
"195",
"206",
"165",
"191",
"177",
"165",
"165",
"172",
"168",
"185",
"190",
"181",
"184",
"186",
"201",
"211",
"202",
"239",
"257",
"279",
"287",
"246",
"318",
"303",
"360",
"344",
"352",
"362",
"366",
"370",
"360",
"360",
"361",
"361",
"325",
"326",
"340",
"360",
"318",
"279",
"289",
"304",
"265",
"270",
"301",
"299",
"281",
"296",
"260",
"305",
"290",
"315",
"313",
"352",
"390",
"440",
"491",
"526",
"533",
"681",
"706",
"816",
"909",
"1000",
"1110",
"1280",
"1180",
"1393",
"1478",
"1514",
"1512",
"1524",
"1623",
"1576",
"1465",
"1437",
"1356",
"1398",
"1155",
"1103",
"1090",
"963",
"825",
"725",
"695",
"571",
"522",
"471",
"461",
"452",
"404",
"392",
"427",
"415",
"407",
"418",
"459",
"539",
"540",
"526",
"608",
"628",
"624",
"673",
"711",
"673",
"632",
"689",
"616",
"674",
"614",
"557",
"543",
"519",
"476",
"451",
"432",
"387",
"336",
"289",
"296",
"210",
"235",
"208",
"197",
"221",
"191",
"196",
"189",
"183",
"181",
"188",
"196",
"192",
"185",
"202",
"205",
"232",
"189",
"204",
"189",
"186",
"201",
"206",
"203",
"202",
"189",
"167",
"178",
"166",
"170",
"165",
"158",
"172",
"151",
"114",
"140",
"128",
"106",
"124",
"121",
"156",
"130",
"112",
"105",
"158",
"128",
"123",
"133",
"128",
"126",
"142",
"138",
"138",
"146",
"152",
"150",
"144",
"150",
"136",
"149",
"150",
"143",
"130",
"165",
"155",
"143",
"148",
"154",
"152",
"133",
"151",
"127",
"114",
"133",
"131",
"131",
"143",
"118",
"114",
"135",
"119",
"136",
"123",
"107",
"139",
"126",
"135",
"129",
"136",
"133",
"149",
"148",
"138",
"121",
"134",
"146",
"130",
"136",
"126",
"128",
"134",
"123",
"124",
"134",
"138",
"118",
"118",
"114",
"144",
"123",
"136",
"129",
"129",
"124",
"110",
"114",
"126",
"139",
"128",
"127",
"119",
"114",
"105",
"135",
"118",
"112",
"137",
"100",
"123",
"106",
"118",
"97",
"132",
"117",
"114",
"115",
"106",
"107",
"113",
"136",
"106",
"123",
"100",
"102",
"145",
"93",
"130",
"118",
"102",
"102",
"124",
"110",
"116",
"136",
"128",
"97",
"100",
"113",
"117",
"126",
"116",
"103",
"114",
"108",
"103",
"88",
"116",
"116",
"98",
"120",
"96",
"128",
"108",
"111",
"101",
"114",
"94",
"105",
"108",
"112",
"131",
"98",
"124",
"120",
"99",
"99",
"108",
"108",
"112",
"120",
"97",
"121",
"115",
"113",
"115",
"114",
"113",
"112",
"124",
"120",
"113",
"120",
"108",
"136",
"101",
"96",
"108",
"129",
"107",
"101",
"107",
"117",
"101",
"118",
"103",
"114",
"81",
"117",
"117",
"112",
"97",
"91",
"91",
"99",
"102",
"108",
"130",
"105",
"100",
"119",
"97",
"93",
"97",
"107",
"98",
"114",
"91",
"97",
"115",
"100",
"109",
"114",
"100",
"109",
"119",
"97",
"86",
"118",
"121",
"102",
"92",
"119",
"112",
"95",
"109",
"123",
"113",
"91",
"110",
"101",
"110",
"101",
"100",
"98",
"98",
"88",
"74",
"110",
"125",
"98",
"121",
"97",
"109",
"92",
"114",
"113",
"106",
"92",
"90",
"113",
"119",
"102",
"88",
"88",
"119",
"132",
"103",
"115",
"123",
"101",
"94",
"106",
"98",
"89",
"98",
"105",
"98",
"102",
"98",
"98",
"106",
"94",
"108",
"98",
"88",
"125",
"100",
"103",
"106",
"102",
"98",
"111",
"127",
"114",
"82",
"106",
"107",
"91",
"95",
"101",
"98",
"111",
"98",
"100",
"98",
"99",
"108",
"119",
"88",
"105",
"93",
"106",
"115",
"102",
"92",
"108",
"117",
"115",
"105",
"101",
"102",
"92",
"103",
"89",
"92",
"82",
"99",
"83",
"120",
"107",
"105",
"116",
"88",
"102",
"83",
"100",
"97",
"89",
"113",
"97",
"97",
"95",
"100",
"123",
"99",
"114",
"81",
"89",
"106",
"101",
"93",
"76",
"115",
"97",
"100",
"84",
"110",
"105",
"82",
"103",
"87",
"99",
"87",
"112",
"103",
"73",
"106",
"82",
"89",
"95",
"101",
"86",
"87",
"98",
"96",
"110",
"95",
"72",
"92",
"98",
"92",
"78",
"83",
"101",
"101",
"88",
"111",
"97",
"90",
"72",
"90",
"94",
"90",
"91",
"96",
"90",
"89",
"96",
"81",
"99",
"81",
"88",
"95",
"110",
"91",
"116",
"90",
"82",
"88",
"89",
"111",
"99",
"89",
"84",
"84",
"84",
"77",
"84",
"96",
"109",
"94",
"103",
"94",
"111",
"98",
"88",
"108",
"115",
"100",
"115",
"101",
"102",
"115",
"101",
"108",
"115",
"88",
"111",
"94",
"106",
"112",
"102",
"107",
"95",
"91",
"98",
"106",
"103",
"91",
"97",
"90",
"108",
"101",
"87",
"86",
"76",
"95",
"77",
"86",
"93",
"92",
"99",
"96",
"101",
"108",
"80",
"76",
"81",
"79",
"82",
"90",
"100",
"95",
"102",
"78",
"83",
"92",
"83",
"98",
"91",
"82",
"90",
"117",
"86",
"81",
"87",
"83",
"76",
"78",
"90",
"72",
"90",
"83",
"83",
"86",
"89",
"76",
"72",
"88",
"90",
"97",
"90",
"87",
"90",
"89",
"96",
"95",
"82",
"81",
"88",
"89",
"78",
"96",
"80",
"64",
"87",
"99",
"90",
"83",
"83",
"88",
"73",
"88",
"95",
"101",
"106",
"96",
"103",
"94",
"76",
"96",
"109",
"84",
"87",
"80",
"92",
"107",
"103",
"78",
"124",
"100",
"82",
"84",
"108",
"101",
"91",
"96",
"93",
"81",
"94",
"96",
"78",
"82",
"86",
"90",
"79",
"92",
"81",
"87",
"80",
"84",
"91",
"91",
"76",
"83",
"80",
"92",
"80",
"86",
"61",
"80",
"67",
"69",
"89",
"76",
"91",
"79",
"89",
"71",
"95",
"75",
"86",
"78",
"90",
"89",
"89",
"74",
"91",
"67",
"74",
"89",
"74",
"78",
"68",
"74",
"75",
"93",
"67",
"61",
"67",
"69",
"74",
"68",
"91",
"75",
"78",
"80",
"80",
"78",
"99",
"65",
"84",
"94",
"68",
"72",
"74",
"94",
"81",
"77",
"84",
"92",
"95",
"68",
"76",
"76",
"86",
"79",
"87",
"86",
"82",
"67",
"75",
"77",
"77",
"89",
"67",
"77",
"74",
"91",
"100",
"75",
"72",
"73",
"82",
"87",
"94",
"72",
"88",
"86",
"88",
"79",
"89",
"68",
"70",
"68",
"69",
"89",
"79",
"83",
"84",
"78",
"80",
"64",
"80",
"71",
"82",
"80",
"75",
"87",
"89",
"80",
"73",
"64",
"63",
"86",
"88",
"86",
"82",
"90",
"90",
"64",
"84",
"69",
"90",
"61",
"63",
"76",
"79",
"82",
"69",
"75",
"73",
"65",
"58",
"71",
"92",
"51",
"58",
"72",
"72",
"78",
"78",
"77",
"77",
"83",
"73",
"77",
"67",
"77",
"77",
"92",
"59",
"57",
"77",
"76",
"75",
"76",
"56",
"72",
"88",
"71",
"89",
"81",
"72",
"75",
"90",
"83",
"75",
"88",
"68",
"75",
"62",
"60",
"63",
"77",
"65",
"78",
"68",
"75",
"105",
"69",
"63",
"86",
"88",
"71",
"87",
"58",
"88",
"86",
"77",
"72",
"92",
"60",
"72",
"72",
"78",
"80",
"59",
"72",
"92",
"80",
"74",
"87",
"89",
"84",
"65",
"86",
"88",
"100",
"71",
"82",
"68",
"86",
"81",
"83",
"92",
"84",
"86",
"82",
"76",
"87",
"77",
"76",
"97",
"84",
"88",
"78",
"102",
"83",
"83",
"83",
"89",
"74",
"83",
"95",
"87",
"111",
"81",
"103",
"97",
"90",
"95",
"119",
"113",
"108",
"109",
"94",
"77",
"93",
"97",
"84",
"106",
"124",
"108",
"108",
"101",
"118",
"129",
"109",
"117",
"121",
"138",
"169",
"134",
"145",
"134",
"149",
"172",
"161",
"154",
"174",
"191",
"185",
"175",
"192",
"185",
"197",
"189",
"201",
"210",
"211",
"228",
"216",
"299",
"239",
"258",
"297",
"312",
"291",
"275",
"319",
"350",
"358",
"318",
"371",
"390",
"412",
"381",
"384",
"403",
"431",
"401",
"423",
"480",
"374",
"455",
"421",
"458",
"496",
"494",
"435",
"480",
"456",
"459",
"422",
"480",
"469",
"433",
"413",
"430",
"418",
"404",
"389",
"439",
"432",
"400",
"392",
"421",
"384",
"356",
"353",
"374",
"285",
"305",
"314",
"317",
"282",
"276",
"277",
"301",
"275",
"246",
"227",
"258",
"230",
"190",
"192",
"215",
"221",
"189",
"202",
"177",
"174",
"165",
"129",
"168",
"163",
"130",
"123",
"117",
"112",
"126",
"120",
"133",
"114",
"120",
"119",
"111",
"103",
"102",
"126",
"136",
"106",
"124",
"107",
"119",
"137",
"137",
"142",
"155",
"168",
"137",
"164",
"188",
"192",
"164",
"189",
"240",
"214",
"249",
"269",
"252",
"281",
"296",
"295",
"301",
"301",
"325",
"324",
"360",
"331",
"348",
"308",
"325",
"320",
"323",
"276",
"275",
"296",
"302",
"261",
"286",
"279",
"246",
"211",
"233",
"234",
"176",
"184",
"201",
"172",
"140",
"138",
"121",
"126",
"103",
"105",
"117",
"82",
"81",
"63",
"86",
"69",
"78",
"82",
"68",
"75",
"65",
"56",
"63",
"56",
"57",
"33515",
"Channel_info_start",
"Channel : Mg",
"Points : 0",
"Range : 0.000000 - 0.000000",
"Step : 0.010000",
"Channel_info_end",
"Channel_info_start",
"Channel : Al",
"Points : 0",
"Range : 0.000000 - 0.000000",
"Step : 0.010000",
"Channel_info_end",
"Channel_info_start",
"Channel : Si",
"Points : 0",
"Range : 0.000000 - 0.000000",
"Step : 0.010000",
"Channel_info_end",
"Channel_info_start",
"Channel : P ",
"Points : 0",
"Range : 0.000000 - 0.000000",
"Step : 0.010000",
"Channel_info_end",
"Channel_info_start",
"Channel : S ",
"Points : 0",
"Range : 0.000000 - 0.000000",
"Step : 0.010000",
"Channel_info_end",
"Channel_info_start",
"Channel : Cl",
"Points : 0",
"Range : 0.000000 - 0.000000",
"Step : 0.010000",
"Channel_info_end",
"Channel_info_start",
"Channel : K ",
"Points : 0",
"Range : 0.000000 - 0.000000",
"Step : 0.010000",
"Channel_info_end",
"Channel_info_start",
"Channel : Ca",
"Points : 0",
"Range : 0.000000 - 0.000000",
"Step : 0.010000",
"Channel_info_end",
"Channel_info_start",
"Channel : Ti",
"Points : 0",
"Range : 0.000000 - 0.000000",
"Step : 0.010000",
"Channel_info_end",
"Channel_info_start",
"Channel : V ",
"Points : 0",
"Range : 0.000000 - 0.000000",
"Step : 0.010000",
"Channel_info_end",
"Channel_info_start",
"Channel : Cr",
"Points : 0",
"Range : 0.000000 - 0.000000",
"Step : 0.010000",
"Channel_info_end",
"Channel_info_start",
"Channel : Mn",
"Points : 0",
"Range : 0.000000 - 0.000000",
"Step : 0.010000",
"Channel_info_end",
"Channel_info_start",
"Channel : Fe",
"Points : 0",
"Range : 0.000000 - 0.000000",
"Step : 0.010000",
"Channel_info_end",
"Channel_info_start",
"Channel : Cu",
"Points : 0",
"Range : 0.000000 - 0.000000",
"Step : 0.010000",
"Channel_info_end",
"Channel_info_start",
"Channel : Zn",
"Points : 0",
"Range : 0.000000 - 0.000000",
"Step : 0.010000",
"Channel_info_end",
"Channel_info_start",
"Channel : Sr",
"Points : 0",
"Range : 0.000000 - 0.000000",
"Step : 0.010000",
"Channel_info_end",
"Channel_info_start",
"Channel : Pb",
"Points : 0",
"Range : 0.000000 - 0.000000",
"Step : 0.010000",
"Channel_info_end",
"",
"Qualitative Result",
"--------------------------------------------------------------------------------",
"Element :  Yb, Ta, P , Ca, Dy, Ru",
"",
"Peak List",
"--------------------------------------------------------------------------------",
"Channel               Line        keV     Net Int.(cps/uA)",
"--------------------------------------------------------------------------------",
"Na                    ----         1.18     0.038",
"                      YbMa         1.54     0.611",
"                      TaMa         1.75     0.058",
"                      P Ka         2.00     0.034",
"                      CaKa         3.68     0.292",
"                      CaKb         4.00     0.038",
"                      YbLL         6.53     0.175",
"                      DyLa         6.53     0.067",
"                      DyLb1        7.25     0.038",
"                      YbLa         7.40     5.113",
"                      YbLb4        8.27     0.716",
"                      YbLb1        8.38     2.904",
"                      YbLb2        8.73     0.822",
"                      TaLb1        9.32     0.054",
"                      YbLg1        9.76     0.466",
"                      YbLg3       10.08     0.166",
"                      RuKa        19.16     0.133",
"                      ----        19.44     0.066",
"                      ----        19.97     0.078",
"--------------------------------------------------------------------------------",
"",
"Quantitative Result",
"--------------------------------------------------------------------------------",
"Analyte               Result             Std.Dev. Proc.-Calc. Line Intensity(cps/uA)",
"--------------------------------------------------------------------------------",
"====[No. 1 Layer]====< Layer1               >===============================",
"Layer1                   0.000 ug/cm2    -------- Flux       -------- --------",
