"Sample    : Blank 2 1_16p",
"Operator  : americo kerr",
"Comment  : cubatao-g-policarbonato",
"Group     : kerr2007ab13liv300al",
"Date       : 2020-06-10 16:47:17",
"",
"Mesurement Condition",
"------------------------------------------------------------------------------------",
"Instrument : 700HS2   Atmosphere : Vac.   Collimator : 10(mm)   Spin : No",
"------------------------------------------------------------------------------------",
"Analyte               TG kV   uA      FI Acq.(keV)  Anal.(keV)  Time(sec)     DT(%)",
"------------------------------------------------------------------------------------",
"Na                    Rh 50 1000-Auto Al  0 - 20    0.8 - 1.2   Live -  180    7",
"",
"<Profile>",
"Channel_info_start",
"Channel : Na",
"Points : 2048",
"Range : 0.000000 - 20.480000",
"Step : 0.010000",
"Channel_info_end",
"0",
"0",
"0",
"0",
"0",
"0",
"0",
"0",
"0",
"0",
"0",
"0",
"0",
"0",
"0",
"0",
"0",
"0",
"0",
"0",
"0",
"0",
"0",
"0",
"0",
"0",
"0",
"0",
"0",
"0",
"17",
"26",
"26",
"30",
"28",
"24",
"21",
"27",
"13",
"19",
"20",
"28",
"17",
"15",
"22",
"26",
"22",
"20",
"20",
"20",
"18",
"21",
"18",
"19",
"22",
"20",
"14",
"24",
"21",
"26",
"15",
"29",
"22",
"20",
"12",
"23",
"14",
"14",
"12",
"21",
"17",
"21",
"17",
"26",
"23",
"17",
"22",
"17",
"15",
"20",
"18",
"21",
"26",
"17",
"20",
"27",
"17",
"18",
"11",
"23",
"21",
"21",
"18",
"8",
"22",
"23",
"20",
"16",
"12",
"31",
"17",
"20",
"21",
"23",
"18",
"21",
"23",
"14",
"18",
"26",
"22",
"25",
"16",
"14",
"16",
"23",
"17",
"28",
"26",
"11",
"20",
"22",
"26",
"19",
"17",
"20",
"19",
"17",
"19",
"26",
"20",
"16",
"21",
"19",
"19",
"26",
"12",
"18",
"15",
"12",
"17",
"20",
"19",
"23",
"17",
"19",
"22",
"21",
"24",
"26",
"18",
"24",
"25",
"13",
"19",
"20",
"24",
"17",
"17",
"21",
"21",
"16",
"17",
"18",
"17",
"20",
"21",
"21",
"24",
"21",
"17",
"29",
"26",
"23",
"22",
"30",
"23",
"34",
"21",
"24",
"23",
"24",
"19",
"27",
"30",
"25",
"24",
"28",
"30",
"40",
"51",
"57",
"67",
"56",
"82",
"83",
"97",
"84",
"123",
"130",
"116",
"127",
"124",
"116",
"110",
"111",
"87",
"86",
"59",
"76",
"61",
"52",
"41",
"34",
"35",
"24",
"22",
"21",
"25",
"24",
"11",
"20",
"17",
"17",
"17",
"23",
"16",
"14",
"21",
"17",
"17",
"15",
"11",
"14",
"18",
"11",
"18",
"17",
"14",
"15",
"17",
"18",
"9",
"13",
"9",
"16",
"11",
"12",
"16",
"18",
"16",
"17",
"16",
"17",
"12",
"17",
"14",
"21",
"10",
"18",
"20",
"18",
"19",
"17",
"22",
"18",
"23",
"14",
"23",
"29",
"19",
"20",
"32",
"33",
"20",
"23",
"17",
"36",
"22",
"18",
"31",
"24",
"20",
"33",
"21",
"29",
"26",
"28",
"22",
"22",
"17",
"21",
"29",
"32",
"18",
"22",
"18",
"28",
"18",
"18",
"25",
"17",
"13",
"24",
"19",
"17",
"17",
"20",
"15",
"18",
"17",
"28",
"20",
"27",
"18",
"20",
"21",
"20",
"20",
"17",
"19",
"32",
"18",
"30",
"24",
"22",
"17",
"23",
"22",
"20",
"25",
"25",
"16",
"19",
"22",
"34",
"27",
"19",
"27",
"24",
"23",
"23",
"15",
"27",
"28",
"17",
"27",
"39",
"20",
"29",
"37",
"48",
"61",
"71",
"83",
"106",
"116",
"181",
"265",
"316",
"363",
"505",
"567",
"726",
"859",
"1007",
"1037",
"1219",
"1241",
"1306",
"1339",
"1335",
"1297",
"1286",
"1156",
"1097",
"961",
"916",
"726",
"599",
"501",
"401",
"297",
"258",
"189",
"154",
"119",
"112",
"115",
"88",
"88",
"126",
"101",
"107",
"114",
"134",
"145",
"167",
"180",
"189",
"169",
"196",
"174",
"208",
"195",
"211",
"161",
"178",
"152",
"170",
"135",
"121",
"110",
"99",
"93",
"82",
"63",
"50",
"48",
"51",
"53",
"51",
"39",
"35",
"43",
"53",
"35",
"45",
"48",
"49",
"43",
"54",
"48",
"46",
"61",
"67",
"63",
"61",
"61",
"64",
"68",
"64",
"67",
"76",
"104",
"105",
"93",
"104",
"117",
"97",
"105",
"127",
"112",
"123",
"129",
"130",
"120",
"122",
"109",
"110",
"115",
"106",
"90",
"90",
"83",
"99",
"80",
"94",
"86",
"72",
"90",
"70",
"84",
"73",
"79",
"64",
"51",
"90",
"67",
"67",
"71",
"74",
"59",
"69",
"88",
"69",
"67",
"61",
"53",
"62",
"64",
"58",
"66",
"61",
"52",
"81",
"62",
"46",
"56",
"61",
"70",
"80",
"60",
"57",
"68",
"61",
"59",
"70",
"64",
"61",
"65",
"55",
"58",
"48",
"79",
"79",
"71",
"54",
"59",
"69",
"60",
"59",
"69",
"70",
"56",
"69",
"60",
"68",
"63",
"82",
"68",
"62",
"72",
"66",
"54",
"75",
"77",
"79",
"71",
"84",
"71",
"63",
"83",
"83",
"64",
"77",
"73",
"69",
"72",
"79",
"71",
"90",
"75",
"84",
"71",
"93",
"94",
"75",
"66",
"90",
"63",
"78",
"67",
"93",
"85",
"89",
"80",
"84",
"93",
"84",
"84",
"77",
"77",
"87",
"89",
"88",
"89",
"69",
"103",
"97",
"87",
"96",
"87",
"103",
"80",
"92",
"75",
"97",
"96",
"117",
"96",
"105",
"85",
"113",
"113",
"98",
"114",
"98",
"104",
"105",
"108",
"100",
"107",
"111",
"106",
"115",
"133",
"127",
"122",
"122",
"118",
"119",
"112",
"114",
"105",
"120",
"118",
"110",
"118",
"115",
"113",
"122",
"104",
"123",
"127",
"139",
"145",
"104",
"127",
"142",
"134",
"136",
"161",
"145",
"141",
"127",
"163",
"160",
"144",
"154",
"130",
"153",
"161",
"138",
"166",
"151",
"129",
"170",
"162",
"176",
"154",
"133",
"156",
"142",
"149",
"147",
"128",
"148",
"115",
"153",
"137",
"154",
"129",
"149",
"147",
"136",
"145",
"156",
"155",
"154",
"129",
"149",
"137",
"156",
"148",
"157",
"155",
"150",
"132",
"138",
"168",
"159",
"141",
"152",
"136",
"150",
"137",
"164",
"163",
"141",
"134",
"168",
"168",
"172",
"152",
"163",
"136",
"154",
"129",
"172",
"154",
"164",
"128",
"165",
"127",
"143",
"145",
"148",
"160",
"147",
"157",
"143",
"144",
"165",
"138",
"156",
"153",
"164",
"143",
"153",
"124",
"155",
"170",
"125",
"143",
"160",
"148",
"141",
"140",
"145",
"142",
"152",
"134",
"124",
"139",
"151",
"144",
"165",
"149",
"135",
"146",
"134",
"139",
"145",
"151",
"156",
"156",
"150",
"139",
"160",
"141",
"125",
"147",
"169",
"171",
"142",
"154",
"138",
"119",
"171",
"148",
"144",
"141",
"152",
"147",
"148",
"145",
"157",
"162",
"153",
"157",
"149",
"144",
"149",
"143",
"166",
"154",
"162",
"148",
"159",
"157",
"192",
"162",
"183",
"154",
"177",
"159",
"163",
"188",
"191",
"150",
"200",
"168",
"201",
"192",
"195",
"194",
"219",
"209",
"210",
"220",
"235",
"215",
"226",
"225",
"212",
"220",
"227",
"222",
"260",
"217",
"227",
"208",
"197",
"191",
"193",
"189",
"171",
"171",
"173",
"171",
"167",
"148",
"144",
"146",
"148",
"158",
"183",
"142",
"149",
"149",
"170",
"137",
"170",
"155",
"158",
"178",
"141",
"132",
"153",
"138",
"169",
"172",
"153",
"133",
"148",
"169",
"163",
"134",
"162",
"133",
"148",
"153",
"176",
"149",
"157",
"152",
"162",
"185",
"185",
"168",
"163",
"160",
"172",
"180",
"142",
"171",
"191",
"183",
"193",
"184",
"190",
"175",
"180",
"182",
"179",
"153",
"154",
"147",
"145",
"168",
"160",
"167",
"168",
"162",
"154",
"136",
"186",
"171",
"158",
"177",
"151",
"170",
"172",
"155",
"180",
"164",
"145",
"158",
"164",
"163",
"141",
"153",
"144",
"147",
"160",
"126",
"152",
"149",
"154",
"149",
"147",
"151",
"148",
"135",
"154",
"167",
"156",
"147",
"149",
"139",
"151",
"140",
"121",
"157",
"162",
"162",
"163",
"126",
"159",
"141",
"156",
"145",
"119",
"141",
"157",
"144",
"150",
"135",
"149",
"146",
"151",
"154",
"143",
"143",
"147",
"140",
"149",
"146",
"183",
"134",
"159",
"126",
"141",
"168",
"150",
"148",
"159",
"138",
"139",
"150",
"144",
"131",
"153",
"155",
"162",
"123",
"157",
"157",
"158",
"130",
"152",
"159",
"173",
"142",
"137",
"139",
"154",
"137",
"140",
"156",
"151",
"144",
"142",
"172",
"173",
"135",
"132",
"151",
"141",
"125",
"165",
"174",
"154",
"143",
"146",
"143",
"157",
"129",
"143",
"152",
"162",
"159",
"157",
"164",
"161",
"119",
"165",
"140",
"153",
"140",
"142",
"124",
"146",
"142",
"118",
"132",
"108",
"132",
"139",
"168",
"153",
"127",
"156",
"150",
"167",
"155",
"120",
"152",
"160",
"144",
"119",
"154",
"148",
"145",
"147",
"127",
"155",
"135",
"159",
"143",
"136",
"141",
"150",
"135",
"134",
"123",
"138",
"128",
"137",
"138",
"159",
"111",
"144",
"140",
"148",
"143",
"147",
"157",
"176",
"131",
"150",
"133",
"155",
"129",
"144",
"138",
"124",
"171",
"157",
"150",
"148",
"126",
"146",
"154",
"161",
"145",
"135",
"140",
"158",
"132",
"164",
"147",
"132",
"155",
"139",
"130",
"148",
"136",
"140",
"161",
"141",
"153",
"140",
"141",
"148",
"153",
"152",
"152",
"164",
"143",
"139",
"145",
"164",
"143",
"142",
"140",
"150",
"147",
"151",
"138",
"152",
"163",
"160",
"156",
"117",
"140",
"121",
"147",
"160",
"144",
"139",
"125",
"135",
"145",
"126",
"136",
"141",
"140",
"128",
"128",
"130",
"131",
"158",
"110",
"144",
"131",
"135",
"157",
"135",
"134",
"133",
"137",
"161",
"125",
"120",
"124",
"129",
"145",
"149",
"122",
"130",
"145",
"140",
"124",
"132",
"146",
"130",
"144",
"134",
"145",
"135",
"130",
"143",
"141",
"147",
"129",
"156",
"130",
"149",
"129",
"135",
"134",
"121",
"137",
"127",
"120",
"157",
"121",
"131",
"119",
"152",
"139",
"134",
"129",
"131",
"135",
"134",
"151",
"148",
"119",
"113",
"112",
"155",
"116",
"136",
"138",
"145",
"130",
"116",
"136",
"132",
"121",
"124",
"124",
"132",
"126",
"137",
"125",
"126",
"137",
"153",
"128",
"153",
"145",
"136",
"112",
"130",
"138",
"133",
"119",
"138",
"135",
"134",
"118",
"145",
"126",
"139",
"150",
"149",
"130",
"125",
"127",
"135",
"126",
"107",
"144",
"119",
"119",
"138",
"147",
"133",
"133",
"136",
"129",
"133",
"135",
"112",
"122",
"127",
"121",
"131",
"135",
"115",
"137",
"144",
"131",
"150",
"123",
"126",
"125",
"140",
"128",
"133",
"125",
"115",
"120",
"124",
"127",
"119",
"132",
"121",
"127",
"129",
"135",
"134",
"135",
"149",
"126",
"139",
"153",
"128",
"145",
"118",
"146",
"117",
"129",
"151",
"127",
"101",
"108",
"125",
"123",
"120",
"136",
"125",
"109",
"114",
"121",
"124",
"134",
"144",
"108",
"132",
"118",
"142",
"126",
"118",
"113",
"97",
"124",
"122",
"135",
"115",
"135",
"142",
"120",
"105",
"119",
"129",
"121",
"122",
"92",
"114",
"112",
"119",
"121",
"119",
"115",
"120",
"129",
"125",
"114",
"130",
"108",
"144",
"123",
"133",
"130",
"123",
"128",
"135",
"109",
"123",
"123",
"105",
"115",
"121",
"120",
"135",
"119",
"114",
"119",
"130",
"124",
"110",
"121",
"129",
"118",
"133",
"101",
"129",
"113",
"113",
"112",
"127",
"114",
"110",
"101",
"111",
"123",
"125",
"126",
"138",
"106",
"109",
"113",
"102",
"111",
"128",
"117",
"118",
"108",
"132",
"123",
"101",
"108",
"134",
"133",
"149",
"115",
"108",
"109",
"113",
"108",
"103",
"101",
"126",
"107",
"130",
"108",
"116",
"102",
"131",
"130",
"108",
"105",
"105",
"124",
"123",
"130",
"119",
"119",
"106",
"114",
"111",
"103",
"123",
"95",
"117",
"138",
"101",
"121",
"134",
"99",
"134",
"108",
"107",
"111",
"104",
"90",
"125",
"104",
"116",
"103",
"116",
"107",
"114",
"114",
"125",
"138",
"126",
"116",
"141",
"101",
"118",
"108",
"109",
"108",
"129",
"106",
"124",
"116",
"118",
"110",
"111",
"107",
"105",
"101",
"116",
"104",
"104",
"105",
"100",
"101",
"80",
"91",
"116",
"112",
"119",
"97",
"116",
"118",
"101",
"126",
"100",
"93",
"120",
"114",
"103",
"122",
"117",
"113",
"118",
"109",
"101",
"99",
"93",
"87",
"97",
"95",
"116",
"97",
"99",
"113",
"107",
"94",
"117",
"103",
"102",
"99",
"115",
"97",
"96",
"103",
"120",
"114",
"110",
"109",
"114",
"100",
"104",
"97",
"105",
"96",
"96",
"96",
"106",
"103",
"94",
"106",
"119",
"110",
"91",
"109",
"124",
"119",
"115",
"110",
"108",
"104",
"99",
"112",
"98",
"93",
"91",
"112",
"107",
"96",
"81",
"94",
"97",
"107",
"118",
"109",
"101",
"125",
"89",
"105",
"113",
"111",
"95",
"115",
"117",
"85",
"86",
"89",
"101",
"91",
"96",
"108",
"119",
"118",
"104",
"89",
"112",
"100",
"102",
"97",
"111",
"86",
"111",
"83",
"96",
"105",
"100",
"103",
"97",
"95",
"103",
"126",
"118",
"104",
"108",
"112",
"105",
"108",
"107",
"94",
"93",
"72",
"104",
"102",
"102",
"104",
"88",
"102",
"86",
"84",
"108",
"94",
"98",
"95",
"100",
"106",
"76",
"97",
"104",
"96",
"101",
"92",
"96",
"92",
"106",
"96",
"115",
"100",
"78",
"84",
"99",
"92",
"105",
"107",
"79",
"102",
"98",
"108",
"113",
"98",
"102",
"83",
"103",
"96",
"105",
"81",
"76",
"93",
"110",
"82",
"83",
"87",
"91",
"93",
"101",
"100",
"93",
"108",
"105",
"89",
"93",
"92",
"99",
"100",
"107",
"92",
"104",
"90",
"97",
"105",
"86",
"120",
"92",
"94",
"89",
"97",
"99",
"85",
"86",
"95",
"91",
"102",
"88",
"109",
"100",
"107",
"98",
"99",
"108",
"86",
"88",
"92",
"105",
"85",
"98",
"87",
"86",
"86",
"95",
"115",
"106",
"91",
"90",
"93",
"106",
"94",
"83",
"86",
"91",
"96",
"85",
"83",
"93",
"111",
"73",
"85",
"98",
"99",
"77",
"69",
"90",
"74",
"85",
"89",
"85",
"92",
"91",
"83",
"87",
"96",
"72",
"94",
"94",
"97",
"85",
"75",
"98",
"84",
"80",
"85",
"85",
"112",
"92",
"105",
"99",
"96",
"63",
"96",
"82",
"99",
"114",
"66",
"77",
"72",
"95",
"97",
"98",
"85",
"88",
"82",
"92",
"81",
"94",
"87",
"102",
"104",
"87",
"99",
"94",
"86",
"87",
"93",
"89",
"90",
"95",
"84",
"101",
"72",
"108",
"101",
"88",
"87",
"93",
"110",
"81",
"85",
"85",
"99",
"83",
"74",
"91",
"105",
"85",
"68",
"99",
"99",
"90",
"88",
"81",
"89",
"86",
"83",
"94",
"104",
"98",
"79",
"85",
"87",
"98",
"78",
"82",
"89",
"105",
"76",
"88",
"95",
"96",
"97",
"102",
"87",
"87",
"88",
"97",
"100",
"105",
"85",
"103",
"115",
"110",
"97",
"101",
"99",
"106",
"83",
"102",
"92",
"130",
"97",
"93",
"117",
"102",
"94",
"108",
"106",
"92",
"102",
"119",
"104",
"109",
"97",
"106",
"116",
"113",
"105",
"107",
"106",
"99",
"137",
"116",
"147",
"111",
"125",
"116",
"121",
"112",
"136",
"112",
"126",
"126",
"114",
"126",
"144",
"136",
"134",
"128",
"164",
"147",
"136",
"146",
"137",
"145",
"152",
"134",
"155",
"163",
"157",
"158",
"159",
"207",
"202",
"195",
"214",
"193",
"225",
"221",
"271",
"222",
"218",
"270",
"264",
"274",
"268",
"288",
"307",
"296",
"301",
"326",
"371",
"371",
"366",
"382",
"427",
"405",
"437",
"422",
"476",
"461",
"484",
"486",
"544",
"525",
"490",
"580",
"549",
"597",
"614",
"610",
"602",
"615",
"616",
"619",
"694",
"657",
"662",
"654",
"706",
"677",
"698",
"670",
"645",
"672",
"706",
"662",
"674",
"652",
"630",
"666",
"665",
"644",
"633",
"569",
"619",
"632",
"578",
"552",
"556",
"540",
"530",
"522",
"470",
"495",
"468",
"446",
"442",
"433",
"399",
"388",
"383",
"373",
"332",
"323",
"283",
"310",
"293",
"271",
"271",
"288",
"229",
"234",
"268",
"240",
"221",
"199",
"188",
"177",
"184",
"187",
"193",
"142",
"153",
"146",
"165",
"148",
"141",
"127",
"181",
"132",
"130",
"142",
"140",
"152",
"157",
"158",
"160",
"130",
"126",
"169",
"153",
"169",
"179",
"165",
"199",
"176",
"177",
"187",
"176",
"222",
"204",
"203",
"215",
"226",
"215",
"228",
"237",
"218",
"209",
"219",
"261",
"254",
"246",
"216",
"253",
"247",
"207",
"235",
"228",
"212",
"194",
"199",
"187",
"178",
"153",
"181",
"135",
"140",
"122",
"122",
"130",
"147",
"119",
"122",
"121",
"88",
"102",
"87",
"96",
"83",
"81",
"45817",
"Channel_info_start",
"Channel : Mg",
"Points : 0",
"Range : 0.000000 - 0.000000",
"Step : 0.010000",
"Channel_info_end",
"Channel_info_start",
"Channel : Al",
"Points : 0",
"Range : 0.000000 - 0.000000",
"Step : 0.010000",
"Channel_info_end",
"Channel_info_start",
"Channel : Si",
"Points : 0",
"Range : 0.000000 - 0.000000",
"Step : 0.010000",
"Channel_info_end",
"Channel_info_start",
"Channel : P ",
"Points : 0",
"Range : 0.000000 - 0.000000",
"Step : 0.010000",
"Channel_info_end",
"Channel_info_start",
"Channel : S ",
"Points : 0",
"Range : 0.000000 - 0.000000",
"Step : 0.010000",
"Channel_info_end",
"Channel_info_start",
"Channel : Cl",
"Points : 0",
"Range : 0.000000 - 0.000000",
"Step : 0.010000",
"Channel_info_end",
"Channel_info_start",
"Channel : K ",
"Points : 0",
"Range : 0.000000 - 0.000000",
"Step : 0.010000",
"Channel_info_end",
"Channel_info_start",
"Channel : Ca",
"Points : 0",
"Range : 0.000000 - 0.000000",
"Step : 0.010000",
"Channel_info_end",
"Channel_info_start",
"Channel : Ti",
"Points : 0",
"Range : 0.000000 - 0.000000",
"Step : 0.010000",
"Channel_info_end",
"Channel_info_start",
"Channel : V ",
"Points : 0",
"Range : 0.000000 - 0.000000",
"Step : 0.010000",
"Channel_info_end",
"Channel_info_start",
"Channel : Cr",
"Points : 0",
"Range : 0.000000 - 0.000000",
"Step : 0.010000",
"Channel_info_end",
"Channel_info_start",
"Channel : Mn",
"Points : 0",
"Range : 0.000000 - 0.000000",
"Step : 0.010000",
"Channel_info_end",
"Channel_info_start",
"Channel : Fe",
"Points : 0",
"Range : 0.000000 - 0.000000",
"Step : 0.010000",
"Channel_info_end",
"Channel_info_start",
"Channel : Cu",
"Points : 0",
"Range : 0.000000 - 0.000000",
"Step : 0.010000",
"Channel_info_end",
"Channel_info_start",
"Channel : Zn",
"Points : 0",
"Range : 0.000000 - 0.000000",
"Step : 0.010000",
"Channel_info_end",
"Channel_info_start",
"Channel : Sr",
"Points : 0",
"Range : 0.000000 - 0.000000",
"Step : 0.010000",
"Channel_info_end",
"Channel_info_start",
"Channel : Pb",
"Points : 0",
"Range : 0.000000 - 0.000000",
"Step : 0.010000",
"Channel_info_end",
"",
"Qualitative Result",
"--------------------------------------------------------------------------------",
"Element :  P , Ca, Cu",
"",
"Peak List",
"--------------------------------------------------------------------------------",
"Channel               Line        keV     Net Int.(cps/uA)",
"--------------------------------------------------------------------------------",
"Na                    P Ka         2.02     0.007",
"                      CaKa         3.70     0.100",
"                      CaKb         4.03     0.012",
"                      ----         4.54     0.006",
"                      CuKa         8.09     0.009",
"                      ----        19.24     0.060",
"                      ----        19.54     0.027",
"--------------------------------------------------------------------------------",
"",
"Quantitative Result",
"--------------------------------------------------------------------------------",
"Analyte               Result             Std.Dev. Proc.-Calc. Line Intensity(cps/uA)",
"--------------------------------------------------------------------------------",
"====[No. 1 Layer]====< Layer1               >===============================",
"Layer1                   0.000 ug/cm2    -------- Flux       -------- --------",
